user_id,activated_7d,adopted_recurring_buy,retained_7d,support_contact_7d,net_deposits_7d
1,1,1,1,0,127.49
2,1,0,1,0,0.0
3,1,1,1,0,0.0
4,1,0,0,0,65.1
5,1,1,0,0,79.06
6,0,1,0,1,86.15
7,1,0,1,0,49.13
8,1,0,1,0,60.64
9,1,0,0,0,0.0
10,1,0,0,0,0.0
11,1,0,1,0,104.43
12,1,0,0,0,84.65
13,0,1,1,0,183.99
14,0,1,1,1,61.91
15,1,1,0,1,31.98
16,0,1,1,0,0.0
17,0,1,0,0,149.65
18,0,0,0,0,59.22
19,0,0,0,0,0.0
20,1,0,0,0,97.02
21,1,1,1,1,200.22
22,1,0,0,0,46.32
23,0,0,0,0,0.0
24,0,1,1,0,272.34
25,0,0,1,0,84.66
26,0,0,0,0,0.0
27,0,1,0,0,51.72
28,0,0,0,0,72.3
29,1,0,0,0,0.0
30,0,0,0,0,0.0
31,0,1,0,0,46.34
32,0,0,0,0,13.5
33,0,0,0,0,0.0
34,0,0,0,0,49.13
35,1,0,0,0,79.12
36,0,0,1,0,0.0
37,0,0,1,1,74.59
38,1,0,0,0,2.77
39,0,0,0,0,120.72
40,1,1,1,0,170.48
41,0,0,1,0,37.0
42,1,1,1,0,0.0
43,0,0,0,0,112.51
44,0,0,1,0,58.39
45,0,0,0,0,47.94
46,1,0,1,0,47.58
47,0,0,0,0,64.14
48,0,0,0,0,119.1
49,0,0,0,0,110.91
50,1,0,1,0,77.95
51,0,0,0,0,92.28
52,0,0,1,1,226.15
53,0,0,0,0,45.91
54,1,0,0,0,53.38
55,0,0,0,0,26.66
56,0,0,0,0,54.07
57,0,0,0,0,66.03
58,0,0,0,0,39.3
59,0,0,0,0,8.27
60,0,0,1,0,173.6
61,1,1,0,0,63.76
62,0,0,0,0,57.73
63,1,0,1,1,73.04
64,0,0,0,0,50.85
65,1,0,1,0,52.68
66,0,0,0,0,38.41
67,1,0,1,0,23.29
68,1,0,1,0,17.62
69,0,1,1,0,115.77
70,1,0,0,0,100.32
71,0,0,0,0,110.2
72,0,1,0,0,3.1
73,0,0,1,0,52.24
74,0,0,1,0,90.94
75,0,0,0,0,37.52
76,0,0,1,0,0.0
77,0,0,1,0,9.73
78,0,0,0,0,37.58
79,1,0,0,0,83.77
80,1,0,0,0,23.29
81,0,0,0,1,0.0
82,0,0,1,0,204.03
83,1,0,1,0,172.52
84,0,0,0,0,0.48
85,0,0,1,0,15.12
86,0,1,0,0,21.67
87,0,0,0,0,114.89
88,0,1,0,0,1.71
89,0,1,0,0,112.41
90,0,0,1,0,121.79
91,0,0,1,0,173.64
92,1,0,0,0,15.75
93,0,0,0,0,0.0
94,0,0,0,0,55.49
95,0,0,0,0,89.25
96,0,0,1,0,49.98
97,0,0,1,0,111.47
98,1,0,0,0,157.23
99,1,0,0,0,85.19
100,0,0,0,0,68.18
101,0,0,0,0,130.22
102,0,0,1,0,33.77
103,0,1,0,0,79.07
104,0,0,0,0,26.74
105,0,0,1,0,80.54
106,0,0,1,0,81.83
107,0,1,1,0,20.69
108,0,0,0,0,80.19
109,1,0,0,0,106.43
110,1,0,1,1,101.81
111,0,0,0,0,109.01
112,1,1,0,0,24.33
113,0,1,1,0,100.93
114,1,0,1,0,82.57
115,1,0,0,0,0.0
116,1,0,0,0,109.76
117,1,0,0,0,0.0
118,0,0,1,0,0.0
119,0,0,0,0,36.67
120,1,1,1,0,114.63
121,1,0,1,0,100.95
122,0,0,0,0,133.52
123,0,0,0,0,83.45
124,1,0,0,0,44.81
125,0,0,0,0,0.0
126,0,1,1,1,38.77
127,1,0,0,0,50.61
128,1,0,1,0,71.17
129,0,0,0,0,27.66
130,0,0,0,0,14.33
131,0,0,0,0,40.13
132,0,0,0,0,0.43
133,1,1,1,1,105.47
134,1,1,0,0,107.41
135,1,0,1,0,80.87
136,0,0,1,0,0.0
137,1,0,0,1,55.76
138,1,0,0,0,57.73
139,0,1,1,0,60.09
140,0,0,0,0,107.12
141,1,0,0,0,235.45
142,1,0,1,0,0.0
143,0,1,0,0,28.71
144,0,0,1,0,71.27
145,0,0,0,0,70.04
146,0,0,0,1,45.15
147,1,0,0,1,0.0
148,0,1,0,0,0.0
149,0,0,1,0,46.49
150,1,1,1,0,137.41
151,0,0,0,0,52.8
152,0,0,0,0,21.8
153,0,0,1,1,70.05
154,0,0,0,1,37.28
155,0,0,0,1,11.79
156,1,1,1,0,73.45
157,0,0,1,0,183.58
158,0,1,0,0,0.0
159,1,0,1,0,198.01
160,1,1,0,0,53.75
161,0,0,0,0,72.09
162,0,0,0,1,135.14
163,0,0,1,0,100.7
164,0,0,0,0,59.78
165,0,0,0,1,29.84
166,0,0,0,0,101.69
167,0,0,0,0,78.19
168,0,0,0,0,80.2
169,1,0,1,0,145.46
170,1,0,0,0,48.24
171,1,0,0,0,131.03
172,1,1,1,0,1.41
173,0,0,0,0,67.54
174,0,1,1,0,100.91
175,1,0,0,0,166.59
176,1,0,0,0,47.54
177,1,0,0,0,27.4
178,0,1,0,0,90.71
179,1,1,1,0,114.16
180,1,0,1,0,86.58
181,0,0,0,0,133.74
182,1,0,1,0,0.0
183,1,0,0,0,82.06
184,0,0,1,0,110.01
185,0,0,0,0,90.7
186,0,0,0,0,15.14
187,1,0,0,0,79.52
188,0,0,0,0,108.82
189,0,0,0,0,125.06
190,1,0,0,0,19.02
191,1,0,1,0,100.47
192,0,0,0,0,78.72
193,0,0,1,0,183.14
194,1,0,0,0,0.0
195,1,0,1,0,159.89
196,0,0,1,0,27.9
197,0,0,1,0,163.41
198,1,0,1,0,109.12
199,0,1,0,0,34.59
200,1,0,1,0,124.35
201,1,1,0,0,71.77
202,0,0,0,0,0.0
203,0,0,1,0,52.75
204,1,0,0,0,55.54
205,0,0,0,0,0.0
206,0,0,0,0,60.46
207,1,1,1,0,79.11
208,0,0,0,0,38.75
209,0,0,0,0,6.41
210,1,1,1,0,0.0
211,0,1,0,0,73.75
212,0,0,1,0,183.73
213,1,0,1,0,91.1
214,0,0,0,0,104.96
215,0,0,1,0,118.44
216,0,0,0,0,118.21
217,1,0,1,0,50.24
218,0,0,0,0,15.23
219,1,0,1,1,0.0
220,0,0,0,0,0.0
221,0,1,1,0,122.68
222,1,1,1,0,68.01
223,1,0,1,0,205.92
224,0,0,0,0,92.38
225,0,0,0,0,0.0
226,0,0,0,0,68.46
227,1,0,1,0,0.0
228,1,0,0,0,123.44
229,0,0,0,0,83.38
230,1,1,1,0,115.5
231,0,0,1,0,34.14
232,1,0,0,0,0.0
233,0,0,1,0,14.29
234,0,0,0,1,17.1
235,0,0,0,0,0.0
236,1,1,1,0,40.17
237,0,0,1,0,8.25
238,0,0,0,0,0.0
239,0,0,0,0,126.47
240,0,0,0,0,67.97
241,0,0,0,0,48.69
242,0,0,0,0,105.94
243,0,0,0,0,56.7
244,0,0,0,0,153.65
245,0,0,0,0,246.38
246,1,1,1,1,178.58
247,1,0,1,0,68.64
248,0,0,0,0,117.58
249,0,0,0,0,33.71
250,1,0,1,0,83.76
251,0,0,0,0,0.0
252,0,0,0,0,18.72
253,0,1,0,0,131.18
254,1,1,1,0,56.88
255,1,0,1,0,10.67
256,0,1,0,0,113.24
257,0,0,1,0,6.58
258,1,0,1,1,193.46
259,1,0,0,0,88.85
260,1,0,1,0,50.92
261,1,0,0,0,29.42
262,0,0,0,0,59.71
263,0,0,0,0,10.33
264,0,1,0,0,130.75
265,0,0,0,0,62.31
266,1,1,0,0,56.62
267,0,1,1,0,98.85
268,0,0,0,0,10.7
269,0,0,0,0,49.85
270,0,1,1,0,25.14
271,0,0,0,0,113.17
272,0,0,0,0,77.9
273,1,0,0,0,62.59
274,0,1,0,0,136.19
275,0,0,0,1,0.0
276,0,1,0,0,16.04
277,1,0,0,0,122.83
278,1,0,0,0,44.81
279,1,1,1,0,0.0
280,0,0,1,0,63.2
281,0,0,0,0,0.0
282,0,0,0,0,8.73
283,1,0,1,0,150.74
284,1,0,0,0,73.98
285,0,1,1,0,65.34
286,1,0,0,0,55.65
287,1,0,0,0,32.16
288,1,1,1,0,78.84
289,1,0,1,0,18.82
290,1,1,1,0,54.91
291,1,1,1,0,88.77
292,1,1,0,0,79.73
293,0,0,0,0,153.94
294,0,1,1,0,146.77
295,0,1,1,0,73.63
296,0,0,0,0,89.36
297,0,0,0,0,50.77
298,0,0,1,0,79.95
299,1,1,1,0,5.76
300,0,1,0,0,150.65
301,0,0,1,0,79.32
302,0,0,0,0,96.46
303,1,0,1,0,0.0
304,0,1,1,0,131.78
305,0,1,1,0,122.06
306,0,0,1,0,8.58
307,0,0,0,0,89.45
308,0,0,0,0,47.29
309,1,0,0,0,169.82
310,0,0,0,0,9.1
311,0,0,0,1,0.0
312,0,0,1,0,88.73
313,1,0,1,0,89.33
314,0,0,1,1,96.38
315,1,0,0,0,0.0
316,0,0,1,0,124.12
317,1,0,1,0,95.73
318,1,0,1,0,82.41
319,0,0,0,0,34.61
320,1,0,1,0,5.34
321,0,0,0,0,67.15
322,0,0,0,0,9.2
323,0,0,0,0,107.38
324,0,0,0,0,58.25
325,1,1,1,0,38.99
326,0,1,0,0,0.0
327,1,1,1,0,55.13
328,1,1,1,0,12.62
329,1,1,0,0,39.54
330,0,1,1,0,80.54
331,1,0,1,0,126.52
332,0,0,0,0,85.1
333,0,0,1,0,83.07
334,0,0,0,0,99.01
335,0,0,0,0,46.58
336,0,0,0,0,64.77
337,1,0,0,0,0.0
338,1,0,1,0,35.9
339,0,0,1,0,0.0
340,1,0,0,0,167.02
341,1,0,1,0,145.86
342,0,0,0,0,138.58
343,0,0,0,0,203.78
344,1,0,0,1,23.59
345,0,0,0,0,25.04
346,0,1,0,0,57.38
347,0,1,0,0,59.95
348,0,0,0,0,99.08
349,1,0,0,0,74.65
350,1,0,1,0,153.15
351,1,0,0,0,167.43
352,0,1,0,0,109.98
353,1,0,0,0,71.97
354,0,0,0,0,29.21
355,0,0,0,1,119.16
356,0,0,0,0,0.0
357,1,0,1,0,130.15
358,0,0,1,0,70.62
359,0,0,0,0,97.75
360,0,0,0,0,156.47
361,0,0,0,0,34.99
362,1,1,1,0,124.59
363,1,0,0,0,104.34
364,0,0,0,1,0.0
365,0,1,1,0,171.81
366,0,0,0,0,84.71
367,1,0,0,0,111.83
368,0,0,0,0,111.17
369,1,0,1,0,106.56
370,0,1,1,0,104.96
371,0,1,0,0,30.6
372,1,0,1,0,0.0
373,0,0,0,0,0.0
374,1,0,0,0,98.05
375,0,0,0,0,76.93
376,0,0,0,1,113.46
377,0,0,0,0,120.27
378,0,1,0,0,69.69
379,1,1,1,0,121.32
380,0,0,0,0,25.72
381,1,0,1,0,0.0
382,1,0,0,0,103.25
383,1,0,1,1,127.81
384,0,0,0,0,69.84
385,0,0,1,0,97.14
386,0,0,0,0,82.25
387,0,0,0,0,69.64
388,0,0,1,0,26.3
389,1,0,0,0,104.97
390,0,1,0,0,93.74
391,1,0,0,0,85.97
392,1,0,1,1,48.41
393,1,0,0,0,78.71
394,0,0,1,0,69.66
395,0,0,0,0,31.48
396,1,0,0,0,114.92
397,0,1,1,0,41.51
398,0,0,0,0,30.61
399,1,1,1,0,160.71
400,1,0,1,0,67.1
401,0,1,1,0,54.79
402,0,1,1,0,101.25
403,1,1,0,0,69.68
404,0,0,0,0,0.0
405,1,0,1,0,45.38
406,0,1,0,0,54.79
407,1,0,1,0,0.0
408,0,0,1,0,0.0
409,0,0,0,0,68.6
410,0,0,0,0,0.0
411,1,0,0,0,93.3
412,0,0,0,0,45.27
413,0,0,1,0,18.96
414,0,0,1,0,3.59
415,0,1,0,1,143.99
416,0,0,0,0,37.69
417,0,0,0,0,57.29
418,0,0,0,0,109.9
419,0,0,0,1,0.0
420,1,0,1,1,251.26
421,0,0,0,0,81.76
422,1,1,1,0,117.99
423,0,0,0,0,114.46
424,1,0,0,0,80.54
425,1,0,0,0,117.98
426,0,0,0,0,133.33
427,0,0,0,0,20.76
428,0,0,0,0,45.92
429,0,1,0,0,159.01
430,1,0,0,0,160.13
431,0,0,1,0,92.49
432,0,0,0,0,162.81
433,0,0,1,0,195.06
434,1,0,1,1,100.83
435,0,0,1,0,49.14
436,1,0,1,0,0.0
437,0,0,0,0,94.2
438,0,1,1,0,0.0
439,1,0,1,0,5.1
440,0,0,0,0,150.98
441,1,0,0,0,24.61
442,1,0,0,0,94.43
443,1,1,1,0,248.91
444,0,0,0,0,102.39
445,1,0,0,0,106.81
446,1,0,0,0,96.05
447,0,1,0,0,59.4
448,1,0,0,0,0.0
449,1,0,1,0,109.62
450,0,0,0,0,150.01
451,1,0,1,0,107.45
452,0,0,1,0,137.04
453,0,0,0,0,139.86
454,0,1,1,0,30.95
455,1,0,1,0,120.14
456,0,0,1,0,87.1
457,0,0,0,0,32.41
458,1,1,1,0,22.74
459,1,1,1,0,139.27
460,1,1,1,0,59.43
461,1,0,0,0,83.17
462,1,1,1,0,81.69
463,0,0,0,0,67.52
464,1,0,0,0,56.97
465,0,0,0,0,58.31
466,1,0,1,0,85.15
467,0,1,1,0,36.12
468,0,0,0,0,0.0
469,1,0,0,1,88.26
470,0,1,0,1,19.3
471,1,0,0,0,8.7
472,0,0,0,0,66.33
473,1,0,0,0,167.84
474,0,0,0,0,129.62
475,0,0,0,0,57.76
476,1,1,1,0,6.5
477,1,0,1,0,71.78
478,0,0,0,0,170.7
479,0,1,1,0,65.4
480,1,0,0,0,0.0
481,1,1,1,0,0.05
482,0,1,0,0,138.37
483,0,0,0,0,100.82
484,1,0,0,0,135.11
485,0,0,0,0,68.9
486,1,0,0,0,45.99
487,1,1,0,0,122.61
488,1,1,1,0,0.0
489,1,1,0,1,18.44
490,1,0,0,0,0.0
491,1,0,1,0,138.79
492,0,0,0,0,46.08
493,0,0,1,0,17.6
494,0,0,0,1,0.0
495,0,0,0,0,12.6
496,1,0,1,0,63.04
497,0,1,0,0,82.06
498,0,1,1,0,95.92
499,0,0,0,0,21.66
500,0,0,0,0,10.85
501,0,1,0,0,125.72
502,1,0,1,1,0.0
503,0,0,1,0,66.79
504,1,0,1,0,65.52
505,0,0,0,0,61.33
506,1,1,1,0,201.35
507,1,1,1,0,58.07
508,1,0,1,0,92.35
509,0,0,0,0,11.8
510,1,0,0,0,0.0
511,0,0,1,0,73.76
512,1,0,1,0,67.86
513,0,0,1,0,86.05
514,1,1,1,0,104.77
515,0,0,1,0,57.4
516,0,0,0,0,90.78
517,1,1,1,0,140.53
518,0,0,1,0,40.46
519,1,0,0,0,103.25
520,1,0,1,0,0.0
521,1,0,0,0,100.46
522,0,0,0,0,212.38
523,0,0,0,0,79.98
524,0,0,1,0,77.34
525,1,0,0,0,55.92
526,0,0,1,0,29.66
527,0,0,0,0,138.66
528,0,0,0,0,84.61
529,0,1,1,0,86.21
530,0,0,0,0,163.36
531,0,0,1,0,67.29
532,1,0,1,0,130.33
533,1,0,0,0,61.97
534,0,0,1,0,131.46
535,0,0,1,0,158.54
536,0,1,0,0,51.46
537,0,0,0,0,0.0
538,1,0,1,0,46.19
539,1,0,0,0,0.0
540,0,0,0,0,0.0
541,0,0,0,0,58.31
542,0,0,0,0,49.08
543,1,0,1,0,0.0
544,0,0,0,0,75.18
545,0,0,0,0,44.43
546,1,0,1,0,19.96
547,0,0,0,0,92.46
548,1,0,1,0,74.1
549,1,0,1,0,29.01
550,1,0,0,0,57.59
551,0,0,1,0,80.43
552,0,0,1,1,84.05
553,0,0,0,1,33.03
554,1,0,1,0,147.32
555,0,0,1,0,6.79
556,0,0,0,0,151.69
557,0,0,0,0,51.59
558,0,0,0,0,83.33
559,0,0,0,0,73.28
560,0,0,0,0,104.04
561,0,0,0,0,21.06
562,0,0,0,0,0.0
563,0,0,1,0,51.81
564,1,0,0,0,90.89
565,0,0,0,0,75.93
566,0,0,1,0,0.0
567,0,0,0,0,91.81
568,1,0,1,0,102.54
569,0,1,0,0,122.37
570,0,0,0,0,74.7
571,0,0,1,0,112.57
572,1,0,0,0,128.88
573,1,0,0,0,40.72
574,0,0,0,0,103.32
575,1,0,0,0,0.0
576,0,1,0,0,21.1
577,0,0,0,0,110.7
578,1,0,1,0,68.19
579,1,0,1,0,178.72
580,0,0,0,0,7.53
581,1,0,1,0,21.46
582,0,0,0,0,0.0
583,0,0,1,0,158.08
584,0,0,0,0,50.1
585,1,0,1,0,0.0
586,0,0,0,1,37.79
587,0,0,0,0,227.54
588,0,0,1,0,152.41
589,1,0,1,0,131.62
590,1,1,1,0,117.4
591,1,1,0,0,69.78
592,0,1,1,0,71.14
593,0,0,0,0,45.44
594,1,0,1,0,113.07
595,0,1,1,0,185.45
596,1,1,1,0,0.0
597,0,0,0,0,0.0
598,0,0,0,0,22.18
599,0,1,0,1,24.38
600,0,0,0,0,0.0
601,1,1,1,0,11.0
602,0,0,0,1,66.6
603,0,1,0,0,0.0
604,0,0,0,0,87.49
605,0,0,1,0,80.3
606,0,0,0,0,112.63
607,1,1,1,0,15.16
608,0,0,1,0,65.26
609,1,0,0,0,77.33
610,0,0,0,0,83.71
611,0,0,0,0,0.0
612,1,0,0,0,108.84
613,1,0,0,0,185.89
614,0,1,1,1,112.21
615,0,0,0,0,119.47
616,1,0,1,0,0.0
617,0,0,0,0,21.4
618,0,0,0,1,22.09
619,1,0,1,0,0.0
620,1,1,1,0,194.46
621,0,0,0,0,71.97
622,0,1,1,0,62.69
623,1,0,0,0,234.92
624,1,0,0,0,0.0
625,0,1,1,0,172.39
626,0,0,0,0,152.35
627,0,0,0,0,27.54
628,0,0,0,0,24.88
629,1,1,0,0,105.25
630,0,1,0,0,134.61
631,1,0,1,0,196.42
632,0,0,0,0,0.0
633,0,0,0,0,71.3
634,1,0,0,1,206.24
635,1,0,1,0,127.36
636,0,1,0,0,16.86
637,1,0,0,0,129.18
638,0,0,1,0,109.31
639,0,0,0,1,56.94
640,1,0,0,1,159.8
641,1,0,1,0,26.5
642,1,0,0,0,8.75
643,0,0,0,0,55.47
644,0,1,0,0,87.33
645,0,0,0,0,51.92
646,0,0,0,0,23.85
647,0,0,0,0,0.0
648,0,1,0,0,140.85
649,0,0,0,0,29.94
650,0,0,0,0,71.39
651,1,1,1,0,9.49
652,0,0,0,0,73.24
653,0,0,0,0,46.94
654,1,0,0,0,5.92
655,0,0,1,1,2.52
656,0,0,1,1,95.92
657,1,0,1,0,103.89
658,0,0,0,1,26.77
659,1,0,1,0,91.44
660,1,0,1,1,67.43
661,0,0,0,0,166.17
662,1,0,1,1,78.5
663,0,0,0,0,108.77
664,0,0,0,0,101.84
665,1,1,0,0,53.83
666,0,0,0,0,0.0
667,1,1,1,0,137.98
668,1,1,1,0,64.58
669,0,0,0,0,67.8
670,0,0,0,0,0.0
671,0,1,0,0,95.11
672,0,1,0,1,95.61
673,0,1,0,1,27.46
674,0,0,1,0,212.26
675,0,0,1,0,0.0
676,0,0,0,0,54.12
677,0,0,0,0,30.74
678,1,1,1,0,132.76
679,1,0,0,0,19.64
680,0,0,1,0,170.17
681,0,1,0,0,25.39
682,0,0,1,0,59.82
683,1,1,0,0,81.07
684,0,1,1,0,88.32
685,0,0,1,0,80.01
686,1,0,1,0,157.34
687,0,0,1,0,59.68
688,0,0,0,0,0.0
689,0,0,0,0,55.71
690,0,0,0,0,0.0
691,0,0,0,0,5.78
692,0,0,0,0,30.22
693,0,0,0,0,82.79
694,0,1,1,0,110.41
695,1,0,0,1,85.97
696,1,0,1,0,93.72
697,1,0,1,0,198.55
698,1,0,1,0,50.01
699,0,0,0,0,52.15
700,0,0,0,0,127.34
701,0,0,0,0,80.47
702,0,0,0,0,77.16
703,0,1,0,0,0.0
704,0,0,1,0,60.52
705,0,0,0,0,60.92
706,0,0,0,0,111.37
707,1,1,1,0,174.37
708,0,0,0,0,96.35
709,1,1,0,0,90.69
710,1,0,1,1,135.54
711,0,0,1,0,82.99
712,0,0,0,1,16.63
713,1,1,1,0,0.0
714,1,0,0,0,29.33
715,1,0,0,0,39.13
716,0,0,0,0,84.31
717,0,1,0,0,30.8
718,0,1,0,0,0.0
719,1,0,1,0,134.53
720,0,0,0,0,49.05
721,0,0,1,0,30.33
722,0,0,0,0,46.12
723,1,0,0,1,31.14
724,0,0,0,0,91.44
725,1,0,0,0,91.91
726,0,0,0,0,0.0
727,0,0,0,0,111.76
728,0,0,0,0,0.0
729,1,0,0,0,30.52
730,1,1,1,0,212.2
731,0,0,0,1,145.64
732,0,1,0,1,40.6
733,0,0,1,0,107.38
734,1,1,0,0,69.09
735,0,0,0,0,0.0
736,1,1,1,0,43.09
737,0,1,0,0,14.93
738,0,0,0,0,47.78
739,0,0,1,0,0.0
740,0,1,1,0,89.6
741,1,0,1,0,99.55
742,0,0,0,0,129.95
743,1,0,1,0,120.54
744,1,0,0,0,28.31
745,1,0,1,1,0.0
746,1,0,1,0,83.95
747,0,0,0,0,38.49
748,0,0,0,1,22.33
749,0,0,0,0,13.38
750,1,0,1,0,22.3
751,0,0,1,0,0.0
752,0,0,0,0,19.39
753,0,0,1,0,69.19
754,1,1,1,0,118.49
755,1,0,0,0,46.64
756,1,0,1,0,139.82
757,0,0,1,0,51.43
758,1,0,1,0,48.46
759,1,0,0,0,0.0
760,0,0,0,0,188.85
761,1,0,0,0,113.18
762,0,0,0,0,81.04
763,0,0,0,0,0.0
764,1,0,1,0,234.51
765,0,0,0,0,0.0
766,1,1,1,0,75.54
767,0,0,0,0,123.69
768,0,0,1,0,56.58
769,1,0,1,0,77.54
770,0,0,1,0,54.2
771,0,0,0,0,0.0
772,1,1,0,0,76.27
773,1,0,1,0,68.81
774,1,1,1,0,151.35
775,1,0,0,0,14.19
776,0,0,0,0,0.0
777,1,0,1,0,0.0
778,0,0,0,0,52.89
779,1,0,0,1,41.73
780,0,0,1,0,48.26
781,1,0,1,0,167.96
782,0,0,0,0,0.84
783,0,0,0,0,0.0
784,0,0,0,0,115.42
785,1,0,1,0,58.95
786,0,0,0,0,71.76
787,1,1,0,1,74.42
788,0,0,1,0,137.62
789,0,0,0,0,0.0
790,0,0,0,0,0.0
791,0,0,0,0,29.43
792,0,0,1,0,52.97
793,0,0,0,0,0.0
794,1,0,1,0,190.49
795,1,0,1,0,194.93
796,0,0,0,0,9.97
797,0,0,0,0,94.21
798,0,0,1,0,85.43
799,0,0,0,0,109.32
800,1,0,1,0,0.0
801,0,0,0,0,91.94
802,0,0,0,0,106.11
803,1,0,1,0,46.75
804,0,1,0,0,67.94
805,0,0,1,1,61.08
806,0,0,0,0,102.84
807,1,0,0,0,17.39
808,0,0,0,0,56.67
809,0,0,0,0,72.61
810,0,0,0,0,111.72
811,0,0,0,0,52.72
812,1,0,1,0,133.79
813,0,0,0,0,44.19
814,0,0,0,0,57.56
815,0,0,0,0,0.0
816,1,1,1,0,161.66
817,1,1,0,0,192.0
818,1,0,0,1,113.36
819,1,0,1,0,68.83
820,1,0,1,0,72.6
821,0,0,0,0,16.09
822,0,0,1,1,0.0
823,0,0,1,0,152.29
824,0,0,0,0,131.24
825,1,0,1,0,41.7
826,1,0,0,0,140.3
827,1,0,1,0,81.92
828,1,1,1,1,112.97
829,1,0,0,0,7.84
830,1,0,0,0,192.17
831,0,0,0,1,163.79
832,0,0,0,0,60.14
833,0,0,0,0,97.19
834,0,0,1,0,68.64
835,1,1,0,0,68.45
836,0,1,1,1,60.69
837,0,0,0,0,77.82
838,0,0,1,0,141.78
839,0,1,1,0,72.85
840,1,0,1,0,43.47
841,0,0,0,0,107.76
842,0,0,0,0,105.59
843,0,1,0,0,131.29
844,0,0,0,1,118.39
845,1,1,1,0,0.8
846,0,0,1,0,15.85
847,0,0,0,0,124.88
848,0,0,0,0,11.98
849,0,0,1,0,137.28
850,0,0,0,0,28.64
851,0,0,1,0,0.0
852,0,0,0,0,0.0
853,1,1,1,0,196.68
854,1,0,1,0,180.44
855,1,1,1,0,83.55
856,0,0,0,0,66.73
857,1,0,0,0,30.17
858,1,0,1,0,43.25
859,0,0,1,0,51.23
860,0,0,0,0,20.58
861,0,0,1,0,115.86
862,1,0,1,0,21.24
863,1,0,1,0,18.12
864,0,0,0,0,116.55
865,0,0,0,0,52.86
866,1,0,1,0,81.02
867,1,1,0,0,101.41
868,0,0,0,1,0.0
869,0,0,0,0,71.56
870,1,0,0,0,78.12
871,0,0,0,0,161.93
872,0,0,0,0,31.39
873,0,0,0,0,117.05
874,0,0,0,0,134.47
875,0,1,0,0,72.23
876,0,0,0,0,62.04
877,0,0,0,0,161.04
878,0,0,1,1,0.0
879,0,0,0,0,0.0
880,0,0,0,0,16.28
881,1,0,1,0,220.01
882,1,0,1,0,154.33
883,0,0,0,1,26.08
884,1,0,0,0,82.43
885,1,0,1,0,12.58
886,1,0,0,0,63.31
887,0,0,0,0,0.0
888,1,0,1,0,29.03
889,1,0,1,1,75.98
890,0,0,0,1,59.7
891,0,0,0,0,0.0
892,0,0,1,0,40.1
893,1,1,1,0,91.56
894,0,1,1,0,96.4
895,0,0,0,0,0.0
896,0,0,0,0,0.45
897,0,0,1,0,78.92
898,0,0,0,0,0.0
899,0,0,0,0,39.29
900,0,0,1,0,0.0
901,1,1,1,0,69.51
902,0,0,1,0,23.74
903,0,0,0,1,0.0
904,0,0,0,0,162.62
905,1,1,1,0,105.85
906,0,0,0,0,0.0
907,1,0,0,0,72.53
908,1,0,1,0,56.75
909,0,0,0,0,0.0
910,0,0,1,0,186.53
911,1,0,0,0,47.55
912,0,1,0,0,187.0
913,0,0,1,0,89.67
914,1,1,1,0,68.29
915,0,0,0,0,0.0
916,0,0,0,0,21.08
917,0,0,0,0,127.97
918,0,0,0,0,76.21
919,0,0,0,0,150.61
920,0,1,0,0,0.0
921,1,0,0,0,71.36
922,0,0,1,1,0.0
923,0,1,1,0,85.84
924,0,1,0,1,144.36
925,0,1,1,0,112.11
926,1,1,1,0,101.74
927,0,0,0,0,42.78
928,1,0,0,0,87.69
929,1,0,1,0,0.0
930,1,0,1,0,129.82
931,1,1,1,0,78.28
932,0,0,0,0,5.88
933,1,1,1,0,154.1
934,1,0,1,0,20.13
935,0,0,0,0,92.57
936,0,0,1,0,8.08
937,0,0,0,0,63.48
938,1,1,0,0,80.42
939,1,0,0,1,170.75
940,0,0,1,0,24.21
941,0,0,1,0,128.44
942,1,0,1,0,80.03
943,0,0,0,0,0.0
944,1,0,0,0,109.72
945,0,0,0,0,0.0
946,0,0,1,0,71.86
947,1,0,1,0,134.84
948,1,0,0,0,138.13
949,1,1,1,0,184.04
950,0,0,0,1,34.3
951,0,0,0,0,38.64
952,1,1,0,0,42.89
953,1,1,1,0,100.61
954,0,1,0,0,87.76
955,0,0,1,0,82.43
956,1,0,0,0,77.84
957,1,0,0,0,157.79
958,0,0,0,0,64.78
959,0,0,1,0,122.32
960,0,0,1,0,97.82
961,1,1,1,0,133.19
962,1,0,1,0,46.33
963,1,0,0,0,127.64
964,1,0,0,0,80.89
965,0,0,0,0,50.65
966,0,0,0,0,19.97
967,0,1,0,0,0.0
968,0,0,0,1,71.15
969,1,1,1,0,97.33
970,1,1,0,0,116.43
971,1,0,1,0,161.95
972,0,0,1,0,90.89
973,1,0,1,0,2.66
974,0,1,1,0,157.76
975,1,0,0,0,19.47
976,0,0,1,0,8.97
977,1,0,1,0,186.8
978,0,1,1,0,89.86
979,1,0,1,0,81.69
980,0,0,0,1,36.81
981,1,0,1,0,93.04
982,0,0,0,0,75.83
983,0,0,1,0,70.1
984,1,0,0,0,89.78
985,1,1,0,0,95.52
986,1,0,1,0,57.29
987,0,0,0,0,12.03
988,0,0,0,0,23.71
989,1,0,0,0,115.74
990,0,0,0,0,78.4
991,0,0,1,0,0.0
992,0,0,0,0,85.37
993,0,0,0,0,0.0
994,0,1,0,0,81.13
995,0,1,0,0,76.38
996,1,0,0,0,72.84
997,0,0,1,0,39.59
998,0,0,1,0,55.1
999,1,1,1,0,134.78
1000,1,1,1,0,55.46
1001,1,0,0,0,80.56
1002,0,1,1,0,32.22
1003,0,0,0,0,126.31
1004,1,1,0,0,83.89
1005,1,0,1,1,181.67
1006,0,0,0,0,76.78
1007,1,0,0,1,177.37
1008,1,0,0,1,125.55
1009,0,0,0,0,29.31
1010,1,1,1,0,32.79
1011,0,1,1,0,139.56
1012,0,0,1,1,101.44
1013,0,0,0,0,0.0
1014,1,0,1,0,160.77
1015,0,0,0,0,70.12
1016,0,0,0,0,47.64
1017,1,0,0,0,50.73
1018,1,1,0,0,132.49
1019,1,0,0,0,89.55
1020,0,0,1,0,51.27
1021,1,0,0,0,109.14
1022,0,1,1,0,107.06
1023,1,0,0,0,106.25
1024,0,0,0,0,227.89
1025,1,1,1,0,125.27
1026,1,0,0,0,81.01
1027,0,0,0,0,44.26
1028,0,0,0,0,66.99
1029,0,0,0,0,122.67
1030,0,0,0,0,16.82
1031,0,0,0,0,0.0
1032,0,0,0,0,43.39
1033,1,0,1,0,0.0
1034,0,0,0,0,0.0
1035,0,1,0,0,30.96
1036,0,0,0,0,37.32
1037,0,0,0,0,63.92
1038,1,0,0,0,148.67
1039,1,0,0,0,67.97
1040,0,0,0,0,0.0
1041,0,1,0,0,149.15
1042,0,0,0,0,19.3
1043,0,0,0,0,108.58
1044,1,1,1,0,182.98
1045,0,0,0,0,57.3
1046,0,0,0,0,69.44
1047,0,0,0,0,134.33
1048,0,0,1,0,77.34
1049,0,0,0,0,0.0
1050,0,1,1,0,8.54
1051,0,0,1,0,52.42
1052,0,0,0,0,0.0
1053,1,0,1,0,181.77
1054,1,0,1,0,125.94
1055,1,0,1,0,132.71
1056,0,0,0,1,128.38
1057,1,1,0,1,21.48
1058,1,0,0,1,101.86
1059,0,0,1,0,30.17
1060,1,1,1,0,131.76
1061,0,0,1,1,25.99
1062,0,0,0,0,80.15
1063,1,0,1,0,112.73
1064,1,1,0,0,140.92
1065,0,0,1,0,129.15
1066,1,0,1,0,15.73
1067,1,0,0,0,82.06
1068,1,0,1,0,13.78
1069,0,0,0,0,94.52
1070,0,0,0,1,136.7
1071,1,1,1,0,87.26
1072,0,0,0,0,0.0
1073,0,0,0,0,59.8
1074,1,0,1,0,117.59
1075,1,0,0,0,34.88
1076,0,0,0,1,79.34
1077,0,0,0,0,140.49
1078,0,0,0,0,12.06
1079,0,0,1,0,139.12
1080,0,0,0,0,0.0
1081,0,0,0,0,112.68
1082,0,0,0,0,0.0
1083,0,0,0,0,83.49
1084,1,0,0,0,65.24
1085,0,0,0,0,62.86
1086,1,1,1,0,14.27
1087,0,0,1,0,167.22
1088,1,1,1,0,187.92
1089,1,0,1,0,56.53
1090,1,1,0,0,97.99
1091,0,1,1,0,91.67
1092,0,1,0,0,115.97
1093,0,0,1,0,86.58
1094,0,0,0,0,0.0
1095,1,0,0,0,56.09
1096,0,0,0,1,40.49
1097,1,1,0,0,105.49
1098,0,0,0,0,13.41
1099,0,0,0,0,69.0
1100,0,0,0,0,74.05
1101,0,0,0,0,89.14
1102,0,0,1,0,60.82
1103,1,0,0,0,121.21
1104,1,1,1,0,19.15
1105,1,0,1,0,88.08
1106,0,0,0,0,159.89
1107,0,0,0,0,117.33
1108,1,0,0,0,42.72
1109,0,0,1,0,86.78
1110,1,1,1,0,150.32
1111,1,1,1,1,1.96
1112,0,0,0,0,0.0
1113,0,0,0,0,26.98
1114,1,0,0,0,92.54
1115,0,1,1,0,136.47
1116,0,0,1,1,13.49
1117,1,0,1,0,71.71
1118,0,0,1,0,86.61
1119,1,0,0,0,5.97
1120,0,1,1,0,77.12
1121,0,0,0,0,0.0
1122,0,0,1,0,146.72
1123,1,0,0,0,0.0
1124,1,1,0,0,32.85
1125,0,0,0,0,117.62
1126,0,0,0,0,0.0
1127,0,0,1,1,213.98
1128,0,0,0,0,0.0
1129,0,0,0,1,33.19
1130,0,0,0,0,1.25
1131,0,0,1,0,0.0
1132,0,0,0,0,118.17
1133,0,0,0,0,0.0
1134,1,0,0,0,87.55
1135,1,0,1,0,28.49
1136,0,0,0,1,102.75
1137,0,0,1,0,0.0
1138,0,1,1,0,154.38
1139,1,1,0,0,105.74
1140,1,0,1,0,3.29
1141,1,0,1,0,54.15
1142,0,0,0,0,87.04
1143,0,0,0,0,0.0
1144,1,0,0,0,54.99
1145,0,1,0,0,67.31
1146,0,0,1,0,0.0
1147,1,0,1,0,96.93
1148,0,1,0,0,157.0
1149,1,0,0,0,27.43
1150,0,0,0,0,102.45
1151,0,0,0,0,39.33
1152,1,0,1,0,89.21
1153,0,0,0,0,136.77
1154,0,0,0,0,120.56
1155,0,0,0,0,49.57
1156,0,0,0,0,0.45
1157,1,1,1,0,62.1
1158,0,0,1,0,77.87
1159,0,0,0,0,128.2
1160,1,0,1,0,244.36
1161,0,0,0,0,8.54
1162,1,1,1,0,53.32
1163,1,0,1,0,30.36
1164,0,0,0,0,0.0
1165,1,0,1,0,64.2
1166,0,0,0,0,96.52
1167,1,0,0,1,119.23
1168,0,0,0,0,73.08
1169,0,0,1,0,2.13
1170,1,0,1,0,123.33
1171,0,0,0,0,46.82
1172,1,1,1,0,13.92
1173,1,0,1,0,0.0
1174,0,0,0,0,0.0
1175,0,1,1,0,106.03
1176,0,0,0,0,66.54
1177,1,0,1,0,28.27
1178,1,1,1,0,117.27
1179,1,0,1,0,84.89
1180,1,0,1,0,34.31
1181,1,0,1,0,0.0
1182,0,0,1,1,20.23
1183,0,0,0,0,0.0
1184,0,0,0,1,0.0
1185,1,1,0,0,14.0
1186,0,1,1,0,112.47
1187,1,1,1,0,51.36
1188,0,1,0,0,125.94
1189,1,1,0,0,23.93
1190,1,0,1,0,98.43
1191,0,1,0,0,44.03
1192,0,0,0,0,0.0
1193,1,0,1,1,79.63
1194,1,1,1,0,145.53
1195,0,0,0,0,0.0
1196,0,0,0,1,0.0
1197,0,1,0,1,40.34
1198,0,0,0,0,99.83
1199,0,0,0,0,18.52
1200,0,1,1,0,0.0
1201,0,0,1,0,74.66
1202,0,0,0,0,0.0
1203,0,0,1,1,85.8
1204,1,1,0,0,149.31
1205,0,0,0,0,92.48
1206,0,0,0,0,13.32
1207,0,0,0,0,34.97
1208,1,0,0,0,114.1
1209,0,0,0,1,0.0
1210,0,0,1,1,0.0
1211,0,0,1,0,112.57
1212,0,0,0,0,17.74
1213,0,0,1,0,84.17
1214,1,0,1,0,121.78
1215,0,0,1,0,38.79
1216,1,0,0,0,141.56
1217,0,0,0,0,95.14
1218,0,0,1,0,81.73
1219,1,1,1,0,44.47
1220,0,0,1,0,125.51
1221,0,0,0,0,98.64
1222,0,0,1,0,166.11
1223,1,1,1,0,158.77
1224,1,0,1,0,86.8
1225,0,0,1,0,83.92
1226,0,0,0,0,127.92
1227,1,1,0,0,92.74
1228,0,0,1,0,7.09
1229,0,0,1,0,0.0
1230,0,1,1,1,119.46
1231,0,1,0,0,46.9
1232,1,1,1,0,31.36
1233,0,0,0,0,74.45
1234,1,0,0,0,0.0
1235,0,0,0,0,0.0
1236,0,0,0,0,119.07
1237,0,0,0,1,0.0
1238,1,0,0,0,72.23
1239,1,0,0,0,140.12
1240,0,0,0,0,9.13
1241,0,1,1,0,67.39
1242,0,0,0,0,131.52
1243,0,0,1,0,121.93
1244,0,0,0,0,52.27
1245,0,0,0,0,57.53
1246,0,0,0,0,28.31
1247,1,0,0,0,86.4
1248,0,0,0,0,115.3
1249,1,0,0,0,95.56
1250,0,1,0,0,78.95
1251,0,0,0,0,53.9
1252,0,0,0,0,0.0
1253,0,0,1,0,0.0
1254,1,0,1,0,0.0
1255,1,1,1,0,87.37
1256,0,0,0,0,79.25
1257,0,0,0,0,0.0
1258,1,0,1,1,85.41
1259,0,0,0,0,63.51
1260,0,0,1,1,14.86
1261,0,0,0,1,115.27
1262,0,0,0,0,23.37
1263,1,0,1,0,135.0
1264,1,0,0,1,90.31
1265,0,0,1,0,199.45
1266,1,0,0,0,100.0
1267,1,1,1,0,161.33
1268,1,0,0,0,32.55
1269,1,0,0,0,133.16
1270,0,0,0,0,105.56
1271,1,1,1,0,45.37
1272,1,0,1,0,97.52
1273,1,0,0,1,126.58
1274,0,0,0,0,71.49
1275,0,0,0,0,0.0
1276,0,0,0,0,93.83
1277,0,1,1,0,18.72
1278,1,0,0,0,78.43
1279,0,0,0,0,169.66
1280,0,1,1,1,13.63
1281,1,0,0,0,150.1
1282,1,0,0,0,154.08
1283,1,0,0,0,86.7
1284,0,0,0,0,97.49
1285,0,0,0,0,0.0
1286,0,0,1,0,99.5
1287,0,0,1,0,53.94
1288,0,0,1,0,3.44
1289,1,0,1,0,0.0
1290,0,0,0,0,103.57
1291,0,0,0,0,118.65
1292,0,0,0,0,13.85
1293,1,1,1,0,76.89
1294,1,0,1,0,107.19
1295,1,0,1,0,0.0
1296,1,0,1,0,46.79
1297,1,0,1,0,0.0
1298,0,0,0,0,68.65
1299,1,0,1,0,134.94
1300,0,0,0,0,0.0
1301,0,0,0,0,39.06
1302,0,0,0,0,133.39
1303,1,0,0,0,102.2
1304,0,0,0,0,59.07
1305,0,0,0,0,16.79
1306,1,0,1,0,66.8
1307,0,0,0,0,107.47
1308,1,0,1,1,10.43
1309,0,0,1,0,0.0
1310,1,1,1,0,124.42
1311,0,1,1,0,45.22
1312,1,1,1,0,142.97
1313,0,0,0,0,59.44
1314,1,0,1,0,21.46
1315,1,0,1,0,52.11
1316,1,1,1,0,4.89
1317,1,0,0,0,0.0
1318,0,1,0,0,152.89
1319,0,1,0,0,108.19
1320,1,1,1,0,54.11
1321,0,0,0,0,17.9
1322,1,0,0,0,5.51
1323,0,0,0,0,178.04
1324,1,0,0,0,190.36
1325,0,1,0,0,139.02
1326,0,0,0,0,89.85
1327,0,0,1,0,0.0
1328,1,0,1,0,0.0
1329,0,0,0,0,44.61
1330,0,0,0,0,66.32
1331,0,0,0,0,87.14
1332,0,0,0,0,0.0
1333,0,0,1,0,69.44
1334,0,0,0,0,0.0
1335,1,0,0,0,27.98
1336,0,0,0,1,0.0
1337,1,0,1,0,73.41
1338,1,0,1,0,0.0
1339,1,0,0,0,2.0
1340,1,0,0,0,68.82
1341,1,0,0,0,168.95
1342,1,0,0,0,73.02
1343,1,1,0,0,19.49
1344,1,0,1,0,107.33
1345,0,0,1,0,0.0
1346,0,0,0,0,100.74
1347,1,0,1,0,263.19
1348,0,0,0,0,50.24
1349,0,0,0,0,28.11
1350,0,0,0,0,17.67
1351,1,0,1,0,47.05
1352,0,0,0,0,20.46
1353,1,0,0,0,77.02
1354,1,0,1,0,133.31
1355,1,0,1,0,24.47
1356,0,0,0,0,0.0
1357,0,0,0,0,121.62
1358,0,0,0,0,115.14
1359,0,0,0,0,75.95
1360,0,0,0,0,74.34
1361,0,0,0,0,0.0
1362,0,0,0,0,54.93
1363,1,0,0,0,43.58
1364,0,0,0,0,54.56
1365,1,0,0,0,105.08
1366,1,0,1,0,217.87
1367,0,0,0,0,100.59
1368,1,0,0,1,130.12
1369,1,1,1,0,237.84
1370,1,0,1,0,15.25
1371,0,1,0,0,18.69
1372,0,0,1,0,83.37
1373,0,0,0,0,80.07
1374,0,1,0,0,48.84
1375,0,0,0,0,48.59
1376,0,0,0,0,91.51
1377,1,0,0,0,2.65
1378,0,0,0,0,211.39
1379,0,0,0,0,97.03
1380,0,0,0,0,7.28
1381,1,0,1,1,109.92
1382,0,0,0,0,39.68
1383,0,0,1,0,67.72
1384,1,0,0,0,161.82
1385,1,0,0,0,85.01
1386,0,0,0,0,161.51
1387,0,1,0,0,100.17
1388,1,0,0,0,132.61
1389,0,0,0,0,51.81
1390,0,0,0,0,0.0
1391,1,0,1,0,81.22
1392,0,0,0,0,86.54
1393,0,0,0,0,111.78
1394,0,0,1,0,167.84
1395,1,0,0,0,54.58
1396,1,0,1,0,69.74
1397,1,0,1,0,123.69
1398,0,0,0,0,76.11
1399,0,0,0,0,0.0
1400,0,0,0,0,80.25
1401,1,0,1,0,88.01
1402,0,1,0,0,40.69
1403,1,0,1,0,36.18
1404,1,0,0,0,29.46
1405,0,0,0,0,109.35
1406,0,1,1,0,105.7
1407,1,0,1,0,80.52
1408,0,0,1,0,61.05
1409,1,1,1,0,223.86
1410,0,0,1,0,135.14
1411,0,0,0,0,29.48
1412,0,0,0,0,38.81
1413,0,1,0,0,30.36
1414,0,0,0,0,123.91
1415,0,0,1,0,111.74
1416,0,0,0,0,0.0
1417,0,0,1,1,25.41
1418,1,0,1,0,42.81
1419,0,0,1,0,5.02
1420,1,1,1,1,99.5
1421,1,0,1,0,75.96
1422,1,0,1,0,55.67
1423,1,0,1,0,102.34
1424,1,0,0,0,38.29
1425,0,0,0,0,80.78
1426,1,0,1,0,127.81
1427,0,0,1,0,38.18
1428,0,0,0,0,100.83
1429,1,0,1,0,14.8
1430,1,0,0,0,156.64
1431,1,0,0,0,0.0
1432,0,0,0,0,122.01
1433,0,0,0,0,100.35
1434,0,0,0,1,51.91
1435,0,1,0,0,0.0
1436,0,1,0,1,52.4
1437,0,1,0,0,50.26
1438,1,0,0,1,114.91
1439,1,0,1,0,40.76
1440,0,0,0,0,106.42
1441,1,1,1,0,20.88
1442,0,0,0,0,58.33
1443,0,0,1,0,47.92
1444,0,0,0,0,45.12
1445,1,1,1,0,195.44
1446,0,1,0,0,118.29
1447,0,0,0,0,73.33
1448,1,0,0,0,104.24
1449,0,0,1,0,31.39
1450,0,0,0,0,23.58
1451,0,0,0,0,64.92
1452,0,0,0,0,28.05
1453,1,0,1,0,36.01
1454,0,0,1,0,187.57
1455,1,1,1,0,58.47
1456,0,0,0,0,37.81
1457,0,0,0,0,0.0
1458,1,1,1,0,31.86
1459,0,0,0,0,63.01
1460,0,0,0,0,17.01
1461,1,0,0,0,114.6
1462,0,0,0,1,87.98
1463,1,0,0,0,17.04
1464,1,0,0,0,2.37
1465,0,0,0,0,60.81
1466,0,1,0,0,15.0
1467,1,0,1,0,20.38
1468,0,0,0,0,49.13
1469,0,0,1,0,5.63
1470,0,0,0,0,27.52
1471,0,0,1,0,0.0
1472,0,0,0,0,30.4
1473,0,0,1,0,0.0
1474,0,0,0,0,68.52
1475,0,0,0,0,63.77
1476,1,0,1,0,0.0
1477,1,0,1,0,73.35
1478,0,0,0,1,97.84
1479,0,0,0,0,97.14
1480,0,0,0,0,28.23
1481,1,0,1,0,54.31
1482,0,0,0,1,0.0
1483,1,0,1,0,161.76
1484,1,1,1,0,84.3
1485,0,0,1,0,0.0
1486,0,1,0,1,2.48
1487,1,0,0,0,20.22
1488,1,0,1,0,182.83
1489,1,0,1,0,170.15
1490,1,1,1,0,88.02
1491,0,0,0,0,0.0
1492,0,1,1,0,73.03
1493,0,0,0,0,99.84
1494,1,0,1,0,67.53
1495,0,0,0,0,0.0
1496,0,0,1,0,11.48
1497,1,1,1,1,80.52
1498,0,0,0,0,153.92
1499,0,0,0,0,104.5
1500,0,0,0,0,119.76
1501,1,0,1,0,0.0
1502,0,0,0,1,102.11
1503,0,0,0,0,0.0
1504,0,0,1,0,32.45
1505,1,1,0,0,152.94
1506,0,0,0,0,106.27
1507,1,0,0,0,0.0
1508,0,1,0,0,7.22
1509,0,0,0,0,83.32
1510,0,0,1,0,42.0
1511,1,0,0,0,55.47
1512,0,0,1,0,30.29
1513,0,0,1,0,11.36
1514,1,0,0,0,0.0
1515,0,0,1,0,0.0
1516,0,0,0,0,71.27
1517,1,0,1,0,40.49
1518,0,0,0,0,42.76
1519,0,0,1,0,51.92
1520,0,0,0,0,60.91
1521,1,0,1,0,43.89
1522,1,0,1,0,0.0
1523,1,0,1,0,125.61
1524,1,0,0,1,25.99
1525,1,0,0,0,117.47
1526,1,0,1,0,41.13
1527,0,1,0,0,17.35
1528,0,1,1,0,28.8
1529,1,1,1,0,212.63
1530,0,0,0,0,86.32
1531,0,1,1,1,151.08
1532,1,0,0,0,32.81
1533,1,0,1,0,105.37
1534,1,0,1,0,0.0
1535,0,1,0,0,69.82
1536,0,1,1,0,0.0
1537,0,0,1,0,98.52
1538,0,0,0,0,32.23
1539,0,1,1,0,30.53
1540,0,0,0,0,56.45
1541,0,0,1,0,63.01
1542,0,0,0,0,93.03
1543,0,0,0,0,92.16
1544,1,1,1,0,97.93
1545,0,0,0,0,55.83
1546,1,0,0,0,48.0
1547,1,0,1,0,47.62
1548,0,1,1,0,0.0
1549,0,1,0,0,143.53
1550,0,0,0,0,23.09
1551,0,0,0,0,74.55
1552,0,0,1,1,19.48
1553,0,0,0,0,9.57
1554,0,0,0,0,31.93
1555,0,0,0,0,86.82
1556,0,1,0,0,76.53
1557,0,0,0,0,78.04
1558,0,0,1,0,118.45
1559,0,1,1,0,47.21
1560,0,0,0,0,118.63
1561,0,0,0,0,0.0
1562,0,0,0,0,76.2
1563,0,1,1,1,143.37
1564,0,0,1,0,91.71
1565,1,0,0,0,73.26
1566,0,1,1,0,124.48
1567,1,0,1,0,55.21
1568,0,0,0,0,73.05
1569,1,1,1,0,154.77
1570,0,0,0,0,11.18
1571,0,0,0,0,0.0
1572,0,0,0,0,15.42
1573,0,0,0,0,0.0
1574,0,1,1,0,8.33
1575,1,0,0,0,103.47
1576,0,0,1,0,0.0
1577,0,0,0,0,77.47
1578,1,0,0,0,25.22
1579,0,0,0,0,102.96
1580,0,0,0,1,0.0
1581,1,0,0,0,76.89
1582,0,1,0,0,99.4
1583,0,0,0,1,68.63
1584,1,1,1,0,74.52
1585,0,1,0,0,76.0
1586,0,0,0,0,51.07
1587,0,0,0,0,94.07
1588,0,0,0,0,0.0
1589,0,0,1,0,47.39
1590,0,0,0,0,59.78
1591,0,1,1,0,41.61
1592,0,0,1,0,20.56
1593,0,0,1,0,13.76
1594,1,0,1,0,73.93
1595,0,0,0,0,120.75
1596,1,1,1,0,119.54
1597,0,0,0,0,22.5
1598,1,0,0,0,91.48
1599,0,1,0,1,138.72
1600,0,0,0,0,98.5
1601,0,0,0,0,24.5
1602,0,0,1,0,82.79
1603,0,1,0,0,0.0
1604,0,0,0,0,93.22
1605,0,0,0,0,68.08
1606,1,0,0,1,150.64
1607,1,1,0,0,95.86
1608,0,1,0,0,12.23
1609,0,0,0,0,58.2
1610,0,0,0,0,122.84
1611,0,0,0,0,52.15
1612,0,0,1,0,72.28
1613,0,0,1,0,8.89
1614,0,1,1,0,65.83
1615,1,0,1,0,87.84
1616,0,0,1,0,111.48
1617,0,1,1,0,202.07
1618,0,0,1,0,86.54
1619,0,0,0,0,170.06
1620,0,0,0,1,29.79
1621,0,0,1,0,42.02
1622,0,0,0,0,69.44
1623,0,1,1,0,48.96
1624,1,0,0,0,125.22
1625,0,0,1,0,66.75
1626,0,1,1,0,154.24
1627,0,0,1,0,41.99
1628,1,0,1,0,133.86
1629,0,1,1,0,23.67
1630,1,0,0,0,38.65
1631,1,0,0,0,52.44
1632,0,0,1,0,15.21
1633,0,0,1,0,67.65
1634,1,0,1,0,119.2
1635,0,0,0,0,67.0
1636,0,0,1,0,122.32
1637,1,1,1,0,187.44
1638,0,0,1,0,87.0
1639,1,0,1,0,96.34
1640,1,0,1,0,85.32
1641,1,0,0,0,47.0
1642,1,0,0,0,78.96
1643,0,0,0,0,116.49
1644,1,0,1,0,188.66
1645,0,0,0,1,1.31
1646,0,0,1,1,77.87
1647,1,0,1,0,100.22
1648,1,0,0,0,36.04
1649,1,0,1,0,54.97
1650,1,1,1,0,55.51
1651,1,1,1,0,70.51
1652,1,0,1,0,0.0
1653,0,0,0,0,0.0
1654,0,0,0,0,0.0
1655,1,0,0,0,47.9
1656,0,0,0,0,98.77
1657,1,0,1,0,39.9
1658,0,1,1,0,136.7
1659,1,0,0,0,129.18
1660,0,1,0,0,92.73
1661,1,0,1,0,61.18
1662,0,0,0,0,57.66
1663,0,1,0,0,22.59
1664,1,0,0,0,91.38
1665,1,0,1,0,100.89
1666,1,0,1,0,274.88
1667,1,1,1,0,71.73
1668,0,0,0,0,83.04
1669,0,1,0,0,47.37
1670,1,0,1,0,31.14
1671,0,0,0,0,90.65
1672,0,0,1,0,85.18
1673,0,0,1,0,0.0
1674,0,0,0,0,74.67
1675,0,0,0,0,70.62
1676,1,1,1,0,140.52
1677,0,1,1,0,44.35
1678,1,1,1,0,1.55
1679,1,0,1,1,10.64
1680,0,0,0,0,0.0
1681,1,0,1,0,124.77
1682,1,0,1,1,34.24
1683,0,0,1,0,30.54
1684,0,0,0,0,0.0
1685,0,0,0,0,0.0
1686,0,0,0,0,41.99
1687,0,0,0,0,74.27
1688,1,1,1,0,67.04
1689,1,0,0,0,45.18
1690,0,0,1,0,0.0
1691,0,0,0,0,137.08
1692,1,1,0,0,0.22
1693,0,0,1,0,0.0
1694,1,0,0,0,38.74
1695,0,0,1,0,127.22
1696,0,0,0,1,95.29
1697,0,0,0,0,79.32
1698,1,0,0,0,0.0
1699,0,0,0,0,117.49
1700,0,0,0,0,0.0
1701,1,0,1,0,53.02
1702,0,0,0,0,62.75
1703,0,0,0,0,19.01
1704,1,0,0,0,21.37
1705,0,0,0,0,0.0
1706,1,1,0,0,82.9
1707,0,0,0,0,6.28
1708,0,0,0,0,34.33
1709,0,0,0,0,14.86
1710,0,0,0,0,72.19
1711,0,0,0,0,0.0
1712,0,0,1,0,106.5
1713,0,0,1,0,70.97
1714,0,0,0,0,21.25
1715,1,0,0,1,0.0
1716,0,0,0,0,30.03
1717,0,1,0,0,24.86
1718,0,0,0,0,35.44
1719,1,0,1,0,197.3
1720,0,0,0,0,46.18
1721,0,1,0,0,62.68
1722,1,0,1,0,159.11
1723,0,0,0,0,92.69
1724,1,1,1,0,110.93
1725,1,0,1,0,70.32
1726,0,0,1,1,149.44
1727,0,0,0,0,24.71
1728,1,0,0,1,83.39
1729,0,0,0,0,104.2
1730,1,0,0,0,23.35
1731,1,0,0,0,54.75
1732,0,0,0,0,57.3
1733,1,0,1,0,134.95
1734,0,1,0,0,37.16
1735,1,0,1,0,62.8
1736,1,0,0,0,40.04
1737,0,0,1,0,0.0
1738,1,1,0,0,0.0
1739,0,0,1,0,63.69
1740,0,0,0,0,78.04
1741,1,0,1,0,157.54
1742,0,0,0,0,37.57
1743,0,1,1,0,66.55
1744,0,0,0,0,54.5
1745,0,0,0,0,56.74
1746,1,0,0,0,154.21
1747,0,0,1,0,199.79
1748,1,0,0,1,7.48
1749,1,1,1,0,239.3
1750,0,0,0,0,14.18
1751,1,0,1,0,79.66
1752,1,0,1,0,105.41
1753,0,0,0,0,42.28
1754,0,1,0,0,112.58
1755,1,1,1,0,33.83
1756,1,0,1,0,74.57
1757,1,0,0,0,0.0
1758,1,1,1,0,79.52
1759,0,0,0,0,76.43
1760,1,1,0,0,112.18
1761,1,1,1,1,8.62
1762,0,0,1,1,0.0
1763,1,0,1,1,0.0
1764,0,0,0,0,120.65
1765,0,0,0,0,0.0
1766,0,0,1,1,166.1
1767,0,1,0,0,76.13
1768,0,1,0,0,7.2
1769,1,0,1,0,97.29
1770,0,0,0,0,58.3
1771,0,0,0,0,62.56
1772,1,0,0,0,67.67
1773,0,0,0,0,45.25
1774,0,0,0,0,0.0
1775,1,1,1,0,5.57
1776,0,0,0,0,15.34
1777,1,0,1,0,54.44
1778,1,0,0,0,158.46
1779,1,0,1,0,79.09
1780,1,0,1,1,20.22
1781,1,0,1,0,9.63
1782,1,0,0,0,14.93
1783,1,0,0,0,9.26
1784,0,0,0,0,0.0
1785,1,1,0,0,98.28
1786,0,0,0,0,66.27
1787,0,0,1,0,5.8
1788,1,0,1,0,15.2
1789,0,0,0,0,17.5
1790,1,0,1,0,150.01
1791,0,0,0,0,127.26
1792,0,0,0,0,72.63
1793,0,1,0,0,21.3
1794,1,0,0,0,46.68
1795,0,1,1,0,0.0
1796,0,1,1,0,139.54
1797,1,0,1,0,117.1
1798,0,0,0,0,33.82
1799,0,0,1,0,152.22
1800,0,1,0,0,39.86
1801,1,0,1,0,109.64
1802,0,0,0,0,117.84
1803,1,0,1,0,69.22
1804,1,0,0,0,180.72
1805,1,1,1,0,201.39
1806,0,0,1,1,0.0
1807,0,0,0,0,84.81
1808,0,1,0,0,144.92
1809,1,0,0,0,21.15
1810,1,1,0,0,57.26
1811,1,0,1,0,156.09
1812,1,1,1,0,168.89
1813,0,1,0,0,69.31
1814,1,0,0,0,17.52
1815,0,0,0,1,43.84
1816,0,0,1,0,108.21
1817,0,0,1,0,66.17
1818,0,0,0,0,0.0
1819,1,0,1,0,196.89
1820,0,0,0,0,78.21
1821,0,0,0,0,121.04
1822,0,0,0,0,132.28
1823,0,0,0,0,28.86
1824,0,1,0,0,133.6
1825,0,0,0,0,107.22
1826,0,0,0,0,0.0
1827,0,0,1,1,111.06
1828,0,0,0,0,101.5
1829,0,1,1,0,135.92
1830,0,0,1,0,122.3
1831,0,0,0,0,78.1
1832,0,0,0,1,83.05
1833,1,0,0,0,151.5
1834,1,1,0,0,65.23
1835,0,0,0,0,94.32
1836,0,0,1,0,60.71
1837,0,0,0,0,48.2
1838,0,0,1,0,5.59
1839,1,0,0,0,35.09
1840,0,1,0,0,76.24
1841,0,1,0,0,153.44
1842,0,0,0,1,86.33
1843,0,0,0,0,0.0
1844,0,0,1,0,32.2
1845,0,0,0,0,0.0
1846,0,0,0,0,117.49
1847,0,0,1,0,118.84
1848,0,0,0,0,101.4
1849,1,0,1,0,288.84
1850,0,0,0,0,2.77
1851,1,0,1,0,73.97
1852,1,1,1,0,104.47
1853,1,1,0,0,87.07
1854,0,0,0,0,124.98
1855,0,1,1,0,64.52
1856,0,0,1,0,53.55
1857,0,0,1,0,107.31
1858,0,0,0,0,77.12
1859,1,1,1,0,0.0
1860,1,0,0,1,83.29
1861,1,0,1,0,97.44
1862,1,0,1,0,83.58
1863,1,0,0,0,73.61
1864,0,0,1,0,100.25
1865,0,0,0,0,0.0
1866,0,0,0,1,88.22
1867,0,0,0,0,78.42
1868,1,1,1,0,106.5
1869,1,0,0,0,56.23
1870,0,0,0,0,91.89
1871,0,0,1,0,49.47
1872,0,0,0,0,30.92
1873,0,1,0,0,0.98
1874,1,1,0,0,109.74
1875,0,0,0,0,137.63
1876,1,1,1,0,150.68
1877,0,0,0,0,112.83
1878,0,0,1,0,24.73
1879,0,0,0,0,156.78
1880,1,1,0,0,0.0
1881,0,0,1,0,81.93
1882,1,0,0,0,107.7
1883,1,0,1,0,53.66
1884,0,0,1,1,138.72
1885,0,0,0,0,0.0
1886,1,0,1,0,0.0
1887,1,0,0,0,110.35
1888,1,0,1,0,14.31
1889,0,0,0,0,97.53
1890,1,0,1,0,30.64
1891,0,0,0,0,43.04
1892,1,1,0,0,83.81
1893,0,0,0,0,0.0
1894,0,0,0,0,0.0
1895,1,0,1,0,39.6
1896,0,1,0,0,193.92
1897,1,0,1,0,119.45
1898,1,0,1,0,143.03
1899,0,0,0,0,141.95
1900,1,0,0,0,6.22
1901,1,1,1,0,44.9
1902,1,1,1,0,126.53
1903,0,0,0,0,39.86
1904,0,0,0,0,109.01
1905,0,0,0,0,0.0
1906,1,0,1,0,121.66
1907,0,1,0,0,0.0
1908,1,0,1,0,56.82
1909,0,1,1,0,158.18
1910,1,1,1,0,119.23
1911,1,0,0,0,56.55
1912,0,0,0,0,61.85
1913,0,1,1,1,113.38
1914,1,0,1,0,131.82
1915,0,0,0,1,62.37
1916,0,0,0,0,5.57
1917,1,0,1,0,58.63
1918,1,1,1,0,48.42
1919,1,0,1,0,173.74
1920,0,0,0,0,164.38
1921,0,0,0,0,38.02
1922,0,0,1,0,146.36
1923,1,0,0,0,64.29
1924,0,0,1,0,63.09
1925,0,0,0,0,40.42
1926,0,1,1,0,60.34
1927,1,0,1,0,87.22
1928,0,0,1,0,148.26
1929,0,0,1,1,177.29
1930,0,0,1,0,66.75
1931,0,0,0,0,15.76
1932,1,1,0,0,151.35
1933,0,0,0,1,83.47
1934,1,0,0,0,135.28
1935,0,0,1,0,169.9
1936,1,0,0,0,79.6
1937,0,0,0,0,0.0
1938,0,1,1,0,55.06
1939,1,0,0,0,27.86
1940,0,0,0,0,23.19
1941,1,0,0,0,70.52
1942,0,0,0,0,47.15
1943,0,0,1,0,66.3
1944,0,0,0,0,1.98
1945,0,0,0,0,67.82
1946,0,0,0,0,5.47
1947,0,0,0,0,79.36
1948,0,1,0,0,129.26
1949,0,0,1,0,147.35
1950,0,0,0,0,62.72
1951,1,1,1,0,205.11
1952,0,0,0,0,90.58
1953,1,0,1,0,129.75
1954,0,0,1,0,0.99
1955,0,0,1,0,73.23
1956,1,0,0,0,0.0
1957,0,1,0,0,186.21
1958,1,0,0,0,97.74
1959,0,0,1,0,80.46
1960,1,0,1,0,232.45
1961,0,0,0,0,51.86
1962,1,0,1,0,94.25
1963,0,0,1,0,219.1
1964,1,1,1,0,219.26
1965,1,0,1,0,114.55
1966,0,0,0,0,127.73
1967,0,0,1,0,52.74
1968,0,0,0,0,60.64
1969,0,0,0,0,123.93
1970,0,0,0,0,78.72
1971,0,0,0,0,58.14
1972,0,1,0,0,80.75
1973,0,0,0,0,58.42
1974,0,1,0,0,60.01
1975,0,1,1,0,6.07
1976,0,0,1,0,133.68
1977,0,0,0,0,26.75
1978,0,0,0,0,112.67
1979,1,0,0,0,79.01
1980,0,0,1,0,98.45
1981,0,0,0,0,200.11
1982,0,0,1,0,64.53
1983,0,0,1,0,60.45
1984,0,0,1,0,67.44
1985,0,0,1,0,94.06
1986,0,0,0,0,77.48
1987,0,0,0,0,24.04
1988,0,0,1,0,97.46
1989,1,0,0,0,85.18
1990,0,0,0,1,95.11
1991,0,1,1,0,87.11
1992,0,0,1,1,169.15
1993,1,0,0,0,22.94
1994,1,1,1,1,160.23
1995,0,0,0,0,0.0
1996,0,0,1,0,44.11
1997,0,1,1,0,126.97
1998,0,0,0,0,0.0
1999,0,0,0,0,67.58
2000,0,0,0,0,22.86
2001,1,0,0,1,51.63
2002,0,0,0,0,0.0
2003,0,0,1,0,54.4
2004,0,0,0,0,102.75
2005,1,0,1,0,205.82
2006,0,0,1,0,115.76
2007,1,1,1,0,176.0
2008,0,1,1,0,0.0
2009,1,0,1,0,100.9
2010,0,0,1,0,22.51
2011,0,0,0,0,98.66
2012,0,0,1,1,87.45
2013,1,0,1,1,120.9
2014,1,0,1,0,78.57
2015,0,0,1,0,123.32
2016,1,0,1,0,152.05
2017,0,0,0,0,85.96
2018,0,1,1,0,80.92
2019,0,0,0,0,99.44
2020,0,0,0,0,70.88
2021,0,0,1,0,135.18
2022,1,0,1,0,27.19
2023,1,1,0,0,94.42
2024,0,0,0,1,82.72
2025,1,1,0,0,0.0
2026,0,0,0,0,62.38
2027,0,0,0,0,0.0
2028,1,0,1,0,34.61
2029,1,0,1,0,191.08
2030,1,1,1,1,80.33
2031,0,0,1,0,94.11
2032,0,0,1,0,59.89
2033,0,0,1,0,0.0
2034,0,0,1,0,44.8
2035,0,0,0,0,57.45
2036,0,1,0,0,0.0
2037,1,0,1,0,78.37
2038,1,0,1,1,5.24
2039,0,0,0,0,123.56
2040,0,1,0,0,48.7
2041,0,0,0,0,76.42
2042,0,1,0,1,0.0
2043,0,1,1,0,17.81
2044,0,0,1,0,18.86
2045,1,0,1,0,113.81
2046,0,0,1,0,115.01
2047,1,1,1,0,132.53
2048,1,0,0,0,73.38
2049,0,1,1,0,56.12
2050,0,0,0,0,59.29
2051,1,0,0,1,70.18
2052,0,0,0,0,56.35
2053,0,1,0,0,39.29
2054,0,0,0,0,114.77
2055,1,1,0,0,48.55
2056,1,0,0,0,70.49
2057,1,1,1,0,37.39
2058,1,0,0,0,78.77
2059,1,0,1,1,67.99
2060,0,0,1,0,101.78
2061,1,1,1,0,149.87
2062,1,1,0,1,146.24
2063,0,0,0,0,144.63
2064,1,0,1,0,0.0
2065,1,1,1,0,166.79
2066,0,0,1,0,25.47
2067,1,1,1,0,0.0
2068,0,0,1,0,0.0
2069,0,0,0,0,62.71
2070,0,0,0,0,58.71
2071,1,0,0,0,70.16
2072,0,0,0,0,0.0
2073,0,0,0,1,0.0
2074,0,0,0,0,71.64
2075,1,0,1,0,0.0
2076,0,0,0,0,55.14
2077,0,0,1,0,6.87
2078,0,1,1,0,0.0
2079,1,0,1,0,43.23
2080,0,0,0,0,56.67
2081,1,0,1,0,151.6
2082,0,0,0,0,47.77
2083,0,0,1,0,0.0
2084,1,0,1,0,97.67
2085,0,0,0,0,71.42
2086,0,0,0,0,30.4
2087,0,0,0,0,163.2
2088,0,0,1,0,135.15
2089,0,0,0,0,48.69
2090,1,0,1,0,156.62
2091,0,0,0,0,109.07
2092,0,0,1,0,105.31
2093,0,0,0,1,40.92
2094,0,0,0,0,73.69
2095,0,0,0,0,91.25
2096,0,0,1,0,0.0
2097,0,0,0,0,13.2
2098,1,1,1,0,0.0
2099,0,0,0,0,94.47
2100,0,0,1,0,0.0
2101,0,1,0,1,41.83
2102,1,1,0,0,99.04
2103,1,0,0,0,94.87
2104,1,0,1,0,196.41
2105,0,0,0,0,138.96
2106,1,0,1,0,1.98
2107,1,0,0,0,61.05
2108,0,0,0,0,57.87
2109,0,1,0,0,0.0
2110,0,0,0,1,0.0
2111,0,0,0,0,193.26
2112,0,0,0,0,77.92
2113,1,0,1,0,85.89
2114,0,0,1,0,139.28
2115,0,0,0,0,140.78
2116,1,1,1,0,34.22
2117,1,1,0,0,172.7
2118,0,0,1,0,118.88
2119,0,0,1,0,91.88
2120,1,1,1,0,119.21
2121,0,0,0,0,30.07
2122,1,0,1,0,105.54
2123,0,1,0,0,99.25
2124,0,0,0,0,0.0
2125,1,0,1,0,123.98
2126,0,0,0,0,58.91
2127,1,0,1,0,4.82
2128,0,1,1,0,0.0
2129,0,0,0,0,32.16
2130,0,0,0,0,62.86
2131,0,0,0,1,11.74
2132,1,0,0,1,103.25
2133,0,0,0,0,43.2
2134,0,0,0,0,106.96
2135,0,1,0,0,90.33
2136,1,0,1,1,61.69
2137,0,0,1,0,30.35
2138,0,1,1,0,58.33
2139,0,0,1,0,32.9
2140,0,0,1,0,146.22
2141,0,0,0,0,47.71
2142,0,1,0,0,95.02
2143,0,1,0,0,0.0
2144,0,1,1,0,63.64
2145,0,0,1,1,72.36
2146,0,0,1,0,2.56
2147,0,0,0,0,29.65
2148,0,0,1,1,33.66
2149,1,0,0,0,0.0
2150,0,0,0,1,43.99
2151,1,1,0,0,56.53
2152,1,0,0,0,108.19
2153,0,0,0,0,151.26
2154,1,1,1,1,189.48
2155,0,0,1,1,194.19
2156,0,0,0,0,73.65
2157,0,0,0,0,50.08
2158,0,1,0,0,152.35
2159,0,0,0,1,17.82
2160,0,0,0,0,0.0
2161,0,0,1,0,124.57
2162,0,0,1,0,20.0
2163,0,1,1,0,49.49
2164,0,0,0,0,0.0
2165,0,0,0,0,0.0
2166,0,1,0,0,70.32
2167,0,0,0,1,0.0
2168,0,0,0,0,102.48
2169,1,0,1,0,34.97
2170,0,1,1,0,27.04
2171,1,0,0,0,0.0
2172,0,0,0,0,112.72
2173,0,0,0,0,3.26
2174,1,0,0,0,162.35
2175,1,0,1,0,63.7
2176,0,0,0,0,28.91
2177,0,0,0,0,134.15
2178,0,0,0,0,124.14
2179,0,1,1,1,94.85
2180,0,0,0,1,187.2
2181,1,0,0,0,5.06
2182,1,0,1,0,102.01
2183,0,0,0,0,39.51
2184,0,0,0,0,61.94
2185,1,1,1,0,123.22
2186,0,0,0,0,99.1
2187,0,0,0,0,103.16
2188,1,1,1,0,91.95
2189,0,0,0,0,13.15
2190,0,0,1,0,190.96
2191,1,0,1,0,18.45
2192,0,1,1,0,15.64
2193,0,0,1,0,5.5
2194,1,0,0,1,67.35
2195,1,1,1,0,174.1
2196,1,0,1,0,71.67
2197,1,0,0,0,26.12
2198,1,0,0,0,75.17
2199,0,0,0,1,17.49
2200,0,0,0,0,54.22
2201,0,0,0,0,5.86
2202,1,0,1,0,130.86
2203,1,0,0,0,0.0
2204,0,0,1,0,152.66
2205,1,0,1,0,25.55
2206,0,0,0,0,0.0
2207,0,0,0,0,31.4
2208,0,1,0,0,39.68
2209,0,0,0,1,70.38
2210,0,0,0,1,88.35
2211,0,0,0,0,23.49
2212,0,1,0,1,116.35
2213,0,0,0,0,5.0
2214,1,0,1,0,195.07
2215,0,1,0,0,74.52
2216,0,0,0,0,0.0
2217,0,0,0,0,23.43
2218,0,0,0,0,59.81
2219,0,1,0,0,50.26
2220,0,0,0,0,0.0
2221,0,0,1,0,35.62
2222,0,0,0,0,63.44
2223,1,1,1,0,103.01
2224,0,0,0,0,112.1
2225,0,0,0,0,11.3
2226,1,0,1,0,2.21
2227,1,0,1,0,24.35
2228,1,1,1,0,49.02
2229,0,0,0,0,0.0
2230,1,0,0,0,63.17
2231,1,0,1,0,21.15
2232,0,1,0,1,81.24
2233,0,0,0,1,0.0
2234,0,1,1,0,70.72
2235,0,0,0,0,63.3
2236,0,0,0,0,0.0
2237,1,0,1,0,62.32
2238,1,0,1,0,33.08
2239,0,1,1,0,86.13
2240,1,0,0,0,120.67
2241,1,0,1,0,16.4
2242,0,1,0,0,14.22
2243,0,0,0,0,57.17
2244,0,0,0,0,19.35
2245,1,0,0,1,0.0
2246,0,1,0,0,19.44
2247,1,1,1,0,140.58
2248,0,1,1,0,32.16
2249,1,0,1,0,10.97
2250,1,0,0,0,45.09
2251,0,0,0,0,77.07
2252,0,0,1,0,118.13
2253,0,0,0,0,27.15
2254,1,1,1,0,24.09
2255,0,0,1,0,42.57
2256,1,0,0,0,5.31
2257,1,0,0,0,8.98
2258,0,1,0,0,15.13
2259,1,1,1,0,148.35
2260,0,0,0,0,57.57
2261,0,0,0,1,79.58
2262,0,0,1,0,0.0
2263,0,0,1,1,132.52
2264,0,0,0,1,31.23
2265,1,0,1,0,30.7
2266,0,0,1,0,0.0
2267,0,1,0,1,29.71
2268,1,0,0,0,0.0
2269,1,0,1,0,77.95
2270,1,0,1,0,47.22
2271,1,0,1,0,0.0
2272,0,1,1,0,11.45
2273,0,0,0,0,90.4
2274,1,0,1,0,151.75
2275,1,0,1,0,87.83
2276,0,0,0,0,54.7
2277,0,0,0,0,0.0
2278,1,1,1,0,82.83
2279,1,1,0,0,50.4
2280,1,0,1,0,95.41
2281,0,0,1,0,90.06
2282,0,0,0,0,93.9
2283,1,0,0,0,0.0
2284,0,0,1,0,103.62
2285,0,0,0,0,109.93
2286,0,1,1,0,161.26
2287,0,0,1,0,69.31
2288,0,0,0,0,46.28
2289,1,0,0,0,23.78
2290,0,0,0,0,115.69
2291,1,1,1,0,81.73
2292,0,0,0,0,101.41
2293,0,1,0,0,67.8
2294,1,0,0,0,94.13
2295,0,0,0,0,31.98
2296,0,0,0,0,77.83
2297,0,0,1,0,96.55
2298,1,0,1,0,71.11
2299,0,0,0,0,13.86
2300,0,0,0,0,45.38
2301,0,1,1,0,138.55
2302,0,0,0,0,35.32
2303,0,0,0,0,139.63
2304,1,0,1,0,15.55
2305,0,0,0,1,164.8
2306,0,0,0,0,32.76
2307,1,0,1,1,149.43
2308,1,0,0,0,0.0
2309,0,0,1,0,52.45
2310,0,1,1,0,79.78
2311,0,0,0,0,57.12
2312,1,0,1,0,12.67
2313,0,0,0,0,138.18
2314,0,0,0,0,23.82
2315,0,0,1,1,67.32
2316,0,1,0,0,100.04
2317,0,0,0,0,11.62
2318,0,0,1,0,63.69
2319,0,0,0,0,137.1
2320,0,1,0,0,189.24
2321,1,0,1,1,0.0
2322,1,0,1,1,16.28
2323,0,1,1,0,59.93
2324,0,0,0,0,205.56
2325,0,0,0,0,111.84
2326,1,0,0,0,92.13
2327,0,1,0,0,93.27
2328,1,1,1,0,127.21
2329,0,0,1,0,105.85
2330,1,0,0,0,95.05
2331,1,0,1,0,142.93
2332,1,1,1,0,112.42
2333,0,0,0,0,19.55
2334,0,0,0,0,57.11
2335,1,1,1,0,72.88
2336,0,1,1,0,57.86
2337,1,0,0,0,47.94
2338,1,0,0,0,0.0
2339,0,1,0,0,25.45
2340,1,0,0,0,45.15
2341,0,0,0,0,90.2
2342,1,1,0,0,41.93
2343,0,0,0,0,91.11
2344,0,0,0,0,147.5
2345,0,0,0,0,118.04
2346,0,1,1,0,0.0
2347,0,0,0,0,78.23
2348,0,1,1,0,0.0
2349,0,0,0,0,26.87
2350,0,1,0,0,0.0
2351,1,1,1,1,0.0
2352,0,0,1,0,99.14
2353,0,0,0,0,0.0
2354,0,0,1,0,157.84
2355,0,0,1,0,22.43
2356,0,0,1,0,54.01
2357,0,0,0,0,0.0
2358,1,0,1,0,181.3
2359,0,0,0,0,70.91
2360,0,0,0,0,79.21
2361,1,0,0,0,40.72
2362,1,0,0,0,12.31
2363,1,0,0,1,71.82
2364,0,1,1,0,83.95
2365,0,0,1,0,129.09
2366,1,0,1,0,46.68
2367,0,0,1,1,0.0
2368,0,1,0,1,21.66
2369,0,0,0,0,123.25
2370,1,1,1,0,51.02
2371,0,0,0,0,0.0
2372,1,0,1,0,0.0
2373,1,0,1,0,20.51
2374,0,1,0,0,92.17
2375,1,0,1,0,115.24
2376,1,1,1,0,0.0
2377,0,0,0,0,135.76
2378,1,0,1,0,88.26
2379,0,0,1,0,60.62
2380,0,1,0,0,146.21
2381,0,0,0,0,40.31
2382,0,0,1,0,0.0
2383,0,0,0,0,9.11
2384,0,0,0,0,19.36
2385,0,0,0,0,53.66
2386,1,0,1,0,224.78
2387,0,0,0,0,13.21
2388,0,0,0,1,51.62
2389,1,0,1,0,56.96
2390,0,0,0,1,72.48
2391,0,1,0,0,79.22
2392,1,0,0,0,0.0
2393,1,1,0,0,8.12
2394,0,0,0,0,96.25
2395,0,0,0,0,86.1
2396,0,0,0,0,83.67
2397,1,0,1,0,203.53
2398,1,0,0,0,13.33
2399,0,0,0,0,99.89
2400,0,0,0,0,0.0
2401,0,1,0,0,159.74
2402,1,0,1,0,102.95
2403,1,0,0,0,162.41
2404,1,0,0,0,64.1
2405,0,0,0,1,23.26
2406,0,0,0,0,44.93
2407,0,1,0,0,16.79
2408,1,0,1,0,196.55
2409,0,0,0,0,14.13
2410,0,0,0,0,60.68
2411,1,0,0,0,0.0
2412,0,0,1,0,149.53
2413,0,0,0,0,0.0
2414,0,0,0,0,101.9
2415,1,0,0,0,44.29
2416,0,0,0,0,105.08
2417,1,1,1,0,66.26
2418,0,0,0,0,24.32
2419,0,0,1,0,100.96
2420,1,0,1,0,74.87
2421,1,0,1,0,98.84
2422,0,0,0,0,92.8
2423,0,0,0,0,55.59
2424,1,1,1,0,24.38
2425,0,0,0,0,104.98
2426,1,1,1,0,112.06
2427,0,0,0,0,65.8
2428,0,0,1,1,43.27
2429,0,1,1,0,10.67
2430,0,0,1,0,78.77
2431,0,1,1,0,156.46
2432,0,1,0,0,35.61
2433,0,0,0,0,40.01
2434,1,0,1,0,0.0
2435,0,0,0,0,21.13
2436,0,0,0,1,162.6
2437,0,0,0,0,18.93
2438,1,0,1,0,150.01
2439,1,0,0,0,108.67
2440,0,1,0,1,111.18
2441,0,0,0,0,121.01
2442,0,0,0,1,46.05
2443,1,0,1,0,45.58
2444,1,1,0,0,221.57
2445,1,1,1,0,129.75
2446,0,0,1,0,55.5
2447,0,0,0,0,34.75
2448,0,1,0,0,33.54
2449,0,1,1,0,113.02
2450,0,0,0,0,38.17
2451,1,0,1,0,36.16
2452,0,0,0,0,39.73
2453,1,1,0,0,121.79
2454,0,1,0,0,146.69
2455,1,0,1,1,69.37
2456,0,0,0,0,78.58
2457,0,0,1,0,93.49
2458,1,1,1,0,176.51
2459,0,0,0,0,40.26
2460,0,0,0,0,31.24
2461,0,1,0,1,118.08
2462,0,0,1,0,77.41
2463,0,1,0,0,48.26
2464,0,0,0,0,165.59
2465,0,0,0,0,0.0
2466,0,0,0,0,141.54
2467,1,0,1,0,37.09
2468,1,0,0,0,106.39
2469,0,0,0,0,133.34
2470,0,0,0,0,114.24
2471,0,0,0,0,58.69
2472,1,0,0,0,192.73
2473,1,0,0,0,27.56
2474,0,0,0,0,21.59
2475,0,0,0,0,188.82
2476,0,0,0,0,56.02
2477,0,0,1,0,105.39
2478,1,1,1,0,109.87
2479,1,0,1,0,139.16
2480,0,0,0,0,0.0
2481,0,0,1,0,57.39
2482,0,0,0,0,87.41
2483,1,0,0,0,137.6
2484,0,0,0,0,25.27
2485,0,1,0,0,122.98
2486,0,0,0,0,116.07
2487,1,0,1,0,79.35
2488,0,0,1,0,22.09
2489,1,0,0,0,138.78
2490,1,0,0,1,96.99
2491,0,0,0,0,60.29
2492,1,0,0,0,45.46
2493,1,0,1,0,121.73
2494,1,1,1,0,111.51
2495,0,0,0,0,0.0
2496,1,0,1,0,4.02
2497,0,0,0,0,96.74
2498,0,0,0,0,6.2
2499,0,0,1,0,133.41
2500,0,0,0,0,110.62
2501,0,0,0,0,36.24
2502,0,0,0,1,74.81
2503,0,0,1,0,28.17
2504,0,1,0,0,54.75
2505,0,1,1,0,0.83
2506,0,1,1,0,133.9
2507,1,0,1,0,27.98
2508,1,0,0,1,0.0
2509,1,1,0,1,91.35
2510,1,0,0,0,123.86
2511,0,0,0,0,111.04
2512,0,0,1,0,152.92
2513,0,0,0,0,58.24
2514,0,0,1,0,69.1
2515,0,0,0,1,73.73
2516,1,1,0,0,121.9
2517,0,1,1,0,53.66
2518,0,0,0,0,38.79
2519,0,0,0,0,137.59
2520,0,1,0,0,135.87
2521,0,0,0,0,102.73
2522,0,0,0,0,60.64
2523,1,1,1,0,63.29
2524,0,0,0,0,0.0
2525,1,0,1,0,106.29
2526,1,0,0,0,2.53
2527,0,0,0,0,69.57
2528,1,0,0,1,0.0
2529,1,0,1,0,151.97
2530,0,0,0,0,42.52
2531,1,0,0,0,12.17
2532,0,0,0,0,33.5
2533,1,0,1,0,136.35
2534,0,1,0,0,0.0
2535,0,0,0,0,45.42
2536,1,1,1,0,87.46
2537,0,0,0,0,30.69
2538,1,0,0,0,94.47
2539,1,0,0,0,12.39
2540,0,1,0,0,99.56
2541,0,0,0,0,0.0
2542,1,0,0,1,45.73
2543,0,0,0,0,57.34
2544,0,0,0,0,0.0
2545,1,0,0,0,92.31
2546,1,0,1,0,92.6
2547,1,0,0,0,189.03
2548,1,0,0,0,18.21
2549,1,1,1,0,155.83
2550,0,0,0,0,0.0
2551,0,0,0,1,67.83
2552,0,0,0,0,107.45
2553,0,0,0,0,140.86
2554,0,1,1,0,67.99
2555,1,0,1,0,17.5
2556,1,0,0,0,69.21
2557,0,0,0,0,40.0
2558,0,0,1,0,0.0
2559,0,0,0,0,8.99
2560,1,0,1,0,12.98
2561,0,0,1,0,125.77
2562,0,0,1,0,99.82
2563,1,0,1,0,65.02
2564,0,0,0,0,50.88
2565,1,1,0,0,58.06
2566,1,1,1,1,114.8
2567,1,0,0,1,24.87
2568,1,0,1,0,43.07
2569,0,0,0,0,52.21
2570,0,1,0,0,19.36
2571,0,0,0,0,138.09
2572,1,1,0,0,136.66
2573,1,1,0,0,81.21
2574,0,0,0,0,0.0
2575,0,0,0,0,54.66
2576,0,0,1,0,149.78
2577,0,0,1,0,121.69
2578,1,0,1,0,98.72
2579,0,0,0,1,29.22
2580,0,1,1,1,68.59
2581,0,0,0,0,63.09
2582,0,0,0,0,134.46
2583,0,0,0,0,68.85
2584,0,1,0,0,36.96
2585,0,0,0,0,131.8
2586,0,0,0,0,120.34
2587,1,1,1,0,50.28
2588,1,0,0,0,83.86
2589,0,0,0,0,24.6
2590,1,0,1,0,0.0
2591,1,1,1,0,146.02
2592,1,0,0,0,153.76
2593,0,0,1,0,25.62
2594,1,0,0,0,20.47
2595,0,1,0,0,25.21
2596,0,0,0,0,69.63
2597,0,0,0,0,0.0
2598,0,0,0,0,55.78
2599,0,1,0,0,53.44
2600,0,0,1,0,49.3
2601,0,0,0,1,127.7
2602,1,0,1,0,31.24
2603,1,0,1,0,0.0
2604,0,0,0,0,1.83
2605,0,0,0,0,94.34
2606,0,1,0,1,74.89
2607,1,0,1,0,122.8
2608,0,0,1,0,54.73
2609,0,0,0,0,34.99
2610,1,0,1,0,175.65
2611,0,1,1,0,76.74
2612,0,0,0,0,83.39
2613,0,0,0,1,93.22
2614,0,0,0,0,120.03
2615,0,0,0,0,13.67
2616,0,0,0,1,53.19
2617,0,0,0,0,95.53
2618,1,0,1,0,108.75
2619,1,1,0,0,165.04
2620,1,0,0,1,98.63
2621,0,0,0,0,62.06
2622,1,1,1,0,20.09
2623,0,0,0,0,70.58
2624,0,1,0,0,0.0
2625,1,0,1,0,96.3
2626,1,1,1,0,0.0
2627,0,1,1,1,144.43
2628,1,0,0,0,13.46
2629,0,1,0,0,0.0
2630,0,0,0,0,72.85
2631,0,0,0,0,173.51
2632,1,1,1,0,0.0
2633,0,0,0,0,68.0
2634,1,1,1,0,151.06
2635,0,0,0,1,29.77
2636,1,0,1,0,47.41
2637,0,0,0,0,0.0
2638,0,0,0,1,190.73
2639,1,1,1,0,60.87
2640,1,0,1,1,77.45
2641,0,0,0,0,77.73
2642,0,0,1,0,0.0
2643,1,0,1,0,15.69
2644,0,0,0,1,52.14
2645,0,0,0,0,0.0
2646,1,1,1,0,53.27
2647,0,0,0,0,56.73
2648,0,0,0,0,62.51
2649,1,1,0,0,38.57
2650,0,0,0,0,124.99
2651,0,1,1,0,0.0
2652,0,1,1,0,88.52
2653,1,0,0,1,4.47
2654,0,0,1,0,10.71
2655,0,0,1,0,110.46
2656,1,1,0,0,127.02
2657,0,0,0,0,14.74
2658,0,0,0,0,0.0
2659,1,1,1,0,187.58
2660,0,0,0,0,0.0
2661,0,0,1,0,105.53
2662,0,0,1,1,0.0
2663,1,0,1,0,110.94
2664,0,0,0,0,84.3
2665,0,0,0,0,0.0
2666,0,1,0,0,0.0
2667,0,0,0,0,86.05
2668,1,1,1,0,195.01
2669,1,0,1,1,9.52
2670,1,1,0,0,34.47
2671,1,0,0,0,5.74
2672,0,1,0,0,35.04
2673,0,0,1,0,0.0
2674,1,0,1,0,0.0
2675,0,0,0,0,31.41
2676,0,0,0,0,99.87
2677,1,0,0,0,173.18
2678,0,0,1,0,38.06
2679,0,0,1,1,107.17
2680,1,0,1,0,0.0
2681,0,1,1,0,105.81
2682,1,1,1,0,46.55
2683,0,0,0,1,45.13
2684,0,0,1,0,66.76
2685,1,1,0,0,94.02
2686,0,1,1,0,44.05
2687,0,0,0,0,40.01
2688,1,0,1,0,51.96
2689,0,1,1,0,60.36
2690,0,0,1,1,41.15
2691,0,0,0,1,111.7
2692,0,0,0,0,182.64
2693,0,1,0,0,8.44
2694,0,1,1,0,51.44
2695,0,0,0,0,76.74
2696,1,0,0,0,53.62
2697,0,0,0,0,138.31
2698,0,0,0,0,56.54
2699,1,1,0,0,37.34
2700,1,0,1,0,101.41
2701,1,1,1,0,84.3
2702,0,0,0,1,0.0
2703,0,0,1,0,18.08
2704,0,0,0,0,24.46
2705,0,0,0,0,55.26
2706,0,0,1,0,80.73
2707,1,1,1,0,63.91
2708,0,0,0,0,64.77
2709,1,0,1,0,156.25
2710,1,0,1,0,104.61
2711,0,0,0,0,49.07
2712,0,0,0,1,80.38
2713,1,0,0,0,7.59
2714,1,0,0,0,36.62
2715,1,1,0,0,27.23
2716,0,0,0,0,0.0
2717,0,0,0,0,117.83
2718,1,0,0,0,84.48
2719,0,0,0,1,26.89
2720,0,1,1,0,42.89
2721,0,0,0,0,73.96
2722,1,0,0,0,33.61
2723,0,0,0,0,7.28
2724,1,0,1,0,80.5
2725,0,0,0,0,34.33
2726,0,1,1,0,0.0
2727,0,1,0,0,110.31
2728,1,1,0,0,74.48
2729,0,0,0,0,15.15
2730,1,0,1,0,119.5
2731,1,1,1,0,107.94
2732,1,1,1,1,0.0
2733,1,0,1,0,109.67
2734,0,0,0,0,0.0
2735,1,0,1,0,169.3
2736,0,0,0,0,21.51
2737,0,0,1,0,78.22
2738,0,0,0,0,64.72
2739,0,0,0,0,66.46
2740,0,0,0,0,206.61
2741,0,0,0,0,78.62
2742,0,0,0,0,4.86
2743,1,0,0,0,93.57
2744,0,1,0,0,0.0
2745,1,0,1,0,24.57
2746,1,0,1,0,102.34
2747,0,0,0,0,111.35
2748,0,1,1,1,102.37
2749,1,0,0,0,5.44
2750,0,0,0,0,26.63
2751,1,0,0,0,163.71
2752,0,0,0,0,90.18
2753,1,0,0,0,124.68
2754,1,0,0,0,28.59
2755,0,1,0,0,139.17
2756,0,1,0,0,0.0
2757,0,0,0,0,5.27
2758,1,1,1,0,92.86
2759,0,0,1,0,110.49
2760,0,0,0,0,0.0
2761,0,0,0,0,56.59
2762,0,0,0,0,0.0
2763,0,0,0,1,70.23
2764,0,0,0,0,65.53
2765,0,0,1,0,47.99
2766,1,0,1,0,0.0
2767,0,0,0,0,0.0
2768,0,0,0,0,100.22
2769,0,0,0,0,109.65
2770,1,1,0,0,65.09
2771,1,1,0,0,0.0
2772,0,0,1,0,4.36
2773,1,0,1,0,97.13
2774,1,0,1,0,0.0
2775,1,0,1,0,33.12
2776,0,0,0,0,0.0
2777,1,1,1,0,36.32
2778,0,1,0,0,165.22
2779,0,0,0,1,63.46
2780,1,0,0,0,84.27
2781,0,1,1,0,146.41
2782,1,0,1,0,0.0
2783,0,0,0,0,99.81
2784,0,0,1,1,187.38
2785,1,0,1,0,54.21
2786,1,0,1,0,94.41
2787,0,0,1,0,107.42
2788,0,0,1,0,81.1
2789,0,0,0,0,96.65
2790,1,0,0,0,164.7
2791,0,0,1,0,24.03
2792,0,0,0,1,56.89
2793,1,0,1,0,0.0
2794,1,1,1,0,94.55
2795,1,0,0,0,0.0
2796,0,0,0,0,0.0
2797,0,0,0,0,0.0
2798,0,0,0,0,64.15
2799,1,0,1,0,0.0
2800,1,0,0,1,97.15
2801,0,0,0,1,63.47
2802,1,0,1,0,82.03
2803,0,0,0,0,65.43
2804,0,0,0,1,66.86
2805,1,0,1,0,181.24
2806,1,0,1,0,21.53
2807,1,0,0,0,0.0
2808,0,0,0,0,96.22
2809,1,1,0,0,75.93
2810,1,0,1,0,83.73
2811,1,0,1,1,98.86
2812,0,1,1,0,0.0
2813,0,0,0,0,96.73
2814,0,0,0,0,78.99
2815,1,0,1,0,215.52
2816,1,0,0,0,22.96
2817,1,0,0,1,0.0
2818,0,1,1,0,42.6
2819,0,1,1,0,43.55
2820,0,1,1,1,0.0
2821,0,1,0,1,13.49
2822,0,0,0,0,12.54
2823,0,0,0,0,0.0
2824,0,0,0,0,19.34
2825,1,0,0,0,78.7
2826,1,0,0,1,87.24
2827,0,0,1,0,0.76
2828,1,0,1,0,57.46
2829,0,0,0,0,0.0
2830,1,0,0,0,16.97
2831,0,0,0,0,28.38
2832,0,0,0,0,0.0
2833,0,0,0,0,10.44
2834,1,0,0,0,30.29
2835,1,1,1,0,101.97
2836,1,0,1,0,101.26
2837,1,0,1,0,70.91
2838,0,0,0,0,46.84
2839,0,0,0,0,77.71
2840,1,0,0,0,51.0
2841,0,0,1,0,148.35
2842,0,0,0,0,60.78
2843,0,0,0,0,69.71
2844,1,1,0,0,8.41
2845,0,0,0,0,14.63
2846,0,0,0,0,65.37
2847,0,0,0,0,107.16
2848,0,0,0,0,0.0
2849,1,0,1,0,105.84
2850,1,0,0,0,11.58
2851,0,0,0,0,117.01
2852,0,0,0,0,35.08
2853,0,0,0,0,94.9
2854,1,0,1,0,71.37
2855,0,0,1,0,44.9
2856,0,0,0,1,43.85
2857,1,0,0,0,45.04
2858,0,0,1,0,156.58
2859,1,0,1,0,153.26
2860,0,0,0,0,8.25
2861,1,1,1,0,255.5
2862,0,0,1,0,104.45
2863,0,0,0,0,22.8
2864,1,0,1,0,4.94
2865,1,0,1,0,179.53
2866,0,1,0,0,118.3
2867,0,0,0,1,107.97
2868,0,0,0,0,0.0
2869,0,0,0,0,0.0
2870,1,0,0,0,63.91
2871,0,1,0,1,140.29
2872,0,0,1,0,3.02
2873,0,0,0,0,171.87
2874,1,0,1,0,203.86
2875,0,0,0,0,0.0
2876,1,0,0,0,34.73
2877,0,0,1,0,0.0
2878,1,0,0,0,0.0
2879,1,0,0,0,43.6
2880,0,0,0,0,47.06
2881,1,0,1,0,120.94
2882,1,0,0,0,0.0
2883,0,0,1,0,59.9
2884,0,0,0,0,74.03
2885,0,0,0,0,97.09
2886,0,1,0,0,150.73
2887,1,0,0,0,65.66
2888,0,0,0,0,117.39
2889,1,1,1,1,0.0
2890,0,0,0,0,64.13
2891,1,0,1,0,77.01
2892,0,0,1,1,0.0
2893,1,0,1,1,216.48
2894,0,0,0,0,117.55
2895,0,1,1,1,125.19
2896,0,0,1,0,160.47
2897,0,0,1,0,9.31
2898,0,0,1,0,0.0
2899,0,0,0,0,18.55
2900,1,0,0,0,21.52
2901,0,1,1,0,58.61
2902,1,1,1,0,0.0
2903,1,1,0,1,59.41
2904,0,0,0,0,0.0
2905,1,0,1,0,79.57
2906,0,0,0,0,60.35
2907,0,0,0,0,139.34
2908,1,0,0,1,108.27
2909,0,0,0,1,0.0
2910,1,0,0,0,98.87
2911,0,0,1,0,121.1
2912,1,1,1,0,86.09
2913,1,0,1,0,135.85
2914,1,0,0,0,0.0
2915,0,0,0,0,85.75
2916,0,0,0,0,59.91
2917,1,0,1,0,179.51
2918,1,1,0,0,0.0
2919,0,0,1,0,91.21
2920,1,0,1,0,91.7
2921,1,0,0,0,158.14
2922,1,1,1,1,47.32
2923,0,0,0,0,26.27
2924,0,0,1,0,147.03
2925,1,0,1,0,66.69
2926,0,0,0,1,77.53
2927,0,0,0,0,82.8
2928,1,1,1,0,147.77
2929,1,0,1,0,41.12
2930,0,0,0,0,57.88
2931,0,0,0,0,110.1
2932,0,0,1,0,124.81
2933,0,1,0,0,129.68
2934,1,0,1,0,103.83
2935,1,1,1,0,40.61
2936,0,0,0,0,64.74
2937,1,1,1,0,71.42
2938,1,0,1,0,30.9
2939,0,0,0,0,35.11
2940,1,1,0,0,0.0
2941,1,0,0,0,84.39
2942,1,0,1,0,124.61
2943,0,0,0,0,2.43
2944,0,0,0,0,0.0
2945,0,0,0,0,19.43
2946,0,0,0,0,82.47
2947,0,0,0,0,117.28
2948,0,0,0,0,63.14
2949,1,0,0,0,73.63
2950,0,0,1,0,116.77
2951,0,0,0,1,0.0
2952,0,1,0,0,55.22
2953,0,0,0,0,2.94
2954,0,0,0,0,159.47
2955,0,0,1,0,101.16
2956,1,0,0,0,58.88
2957,1,0,1,0,15.4
2958,0,0,0,0,50.36
2959,1,0,0,0,0.0
2960,0,0,0,0,0.0
2961,1,0,1,0,52.23
2962,1,1,1,0,107.3
2963,0,1,0,0,0.0
2964,0,0,1,0,118.15
2965,0,0,1,0,33.76
2966,0,1,0,0,0.0
2967,0,0,1,0,83.28
2968,1,0,1,0,119.32
2969,1,0,0,0,16.63
2970,0,1,0,0,0.0
2971,0,1,0,0,51.96
2972,1,1,0,0,11.02
2973,0,0,1,0,0.0
2974,0,0,1,0,105.33
2975,1,0,1,0,0.0
2976,0,1,1,1,184.79
2977,0,1,1,0,26.7
2978,0,0,0,1,48.44
2979,0,0,0,0,76.47
2980,1,0,1,0,36.76
2981,0,0,1,0,58.24
2982,1,0,0,0,225.08
2983,1,0,0,0,96.48
2984,1,0,0,0,35.07
2985,0,0,0,0,55.55
2986,1,0,1,0,93.07
2987,1,0,1,0,69.21
2988,1,1,1,0,22.5
2989,0,0,0,0,35.55
2990,1,0,1,0,96.82
2991,1,1,0,0,59.11
2992,1,1,1,0,100.97
2993,0,0,0,0,83.31
2994,1,1,1,1,51.99
2995,0,0,1,0,0.0
2996,0,0,1,0,44.91
2997,1,1,1,0,162.05
2998,0,1,0,0,99.83
2999,0,0,1,0,10.6
3000,0,0,0,0,9.5
3001,1,0,0,0,0.0
3002,0,0,0,1,0.0
3003,0,0,0,0,27.42
3004,0,0,1,1,233.06
3005,1,1,1,0,201.53
3006,0,1,1,0,21.74
3007,1,0,1,0,119.42
3008,0,0,0,0,0.0
3009,1,0,0,0,2.78
3010,1,0,0,0,158.52
3011,0,0,0,0,9.31
3012,0,0,0,0,154.69
3013,1,0,0,1,98.35
3014,1,0,0,0,89.05
3015,1,0,0,0,0.0
3016,1,1,1,0,214.03
3017,0,0,0,0,20.65
3018,0,0,0,0,31.1
3019,1,1,0,0,101.83
3020,0,0,0,0,18.04
3021,1,0,1,1,23.37
3022,0,0,1,0,114.31
3023,1,0,1,0,206.99
3024,0,0,0,0,76.63
3025,1,0,1,0,42.86
3026,0,0,0,0,2.03
3027,1,1,1,0,0.0
3028,0,0,0,0,96.73
3029,0,1,0,0,131.91
3030,0,0,0,1,126.66
3031,1,0,1,0,51.49
3032,0,0,0,0,0.0
3033,1,1,0,1,185.69
3034,0,0,0,0,36.57
3035,1,0,0,0,0.0
3036,0,0,0,0,27.54
3037,0,0,0,0,99.19
3038,0,1,1,1,70.89
3039,1,0,0,0,0.0
3040,0,0,0,0,100.74
3041,0,0,0,0,18.27
3042,0,0,0,0,48.52
3043,1,1,1,0,44.83
3044,0,0,1,0,123.81
3045,1,0,1,0,158.63
3046,0,0,0,0,25.7
3047,0,0,1,0,159.55
3048,0,1,1,0,140.52
3049,0,0,0,0,0.0
3050,0,0,0,0,0.0
3051,0,0,0,0,0.0
3052,1,0,1,0,140.23
3053,0,0,1,0,0.0
3054,0,0,0,0,44.78
3055,1,0,0,0,17.74
3056,0,0,0,0,68.47
3057,1,0,0,0,65.88
3058,1,0,1,0,62.12
3059,1,0,1,0,50.53
3060,0,0,0,0,0.0
3061,1,1,0,0,19.99
3062,0,1,1,0,77.06
3063,0,0,0,1,17.76
3064,0,0,0,0,0.0
3065,1,0,0,0,3.9
3066,1,0,1,0,71.67
3067,0,0,0,0,33.8
3068,1,0,1,0,55.23
3069,1,1,0,0,0.0
3070,0,0,1,1,0.0
3071,0,0,0,0,0.0
3072,0,1,0,0,0.0
3073,1,0,0,0,127.27
3074,0,0,1,0,102.59
3075,0,0,0,0,77.75
3076,1,0,1,0,94.99
3077,0,0,0,0,42.72
3078,0,0,0,0,39.19
3079,0,0,0,0,69.94
3080,0,0,0,0,34.61
3081,0,1,0,0,33.57
3082,0,0,0,0,0.0
3083,0,1,0,0,21.47
3084,1,0,1,0,53.6
3085,0,1,1,0,45.6
3086,0,0,1,1,58.36
3087,0,1,1,0,94.1
3088,0,0,0,0,103.42
3089,0,0,0,0,67.62
3090,1,1,1,1,223.09
3091,0,0,1,0,49.24
3092,1,0,0,0,51.77
3093,1,0,0,1,155.3
3094,0,0,0,0,69.9
3095,0,0,0,0,0.0
3096,0,0,0,0,177.25
3097,1,0,1,0,100.65
3098,0,0,0,0,36.8
3099,0,0,0,0,64.28
3100,0,0,0,0,103.53
3101,0,0,0,0,64.57
3102,1,1,1,0,143.23
3103,0,0,1,0,0.0
3104,1,0,1,1,17.0
3105,1,0,0,0,130.02
3106,1,0,0,0,26.98
3107,0,0,1,0,96.13
3108,1,0,1,0,89.74
3109,1,0,0,0,21.28
3110,1,0,0,0,54.18
3111,0,1,1,0,93.71
3112,0,0,0,0,0.0
3113,0,0,0,0,78.89
3114,0,1,0,0,54.9
3115,1,0,1,1,59.22
3116,0,0,0,0,50.74
3117,0,0,0,0,110.04
3118,0,0,0,0,45.57
3119,0,0,0,0,89.65
3120,0,0,1,0,71.99
3121,0,1,0,0,126.97
3122,0,0,0,0,68.37
3123,0,0,0,0,44.42
3124,1,0,1,0,94.17
3125,0,1,0,0,72.23
3126,0,0,0,0,0.0
3127,0,0,0,0,134.21
3128,0,0,1,0,85.8
3129,0,0,0,0,161.54
3130,0,0,0,0,154.52
3131,0,0,0,0,25.61
3132,0,1,0,0,0.0
3133,1,0,1,0,99.95
3134,1,1,1,0,33.93
3135,0,0,0,0,88.07
3136,0,0,0,0,38.87
3137,0,0,0,0,79.22
3138,0,0,0,1,0.0
3139,1,0,0,0,163.63
3140,1,0,1,0,74.57
3141,1,1,1,0,1.53
3142,1,1,0,0,1.3
3143,0,0,0,0,0.0
3144,0,0,1,0,82.21
3145,0,0,0,0,60.66
3146,0,0,0,0,79.11
3147,0,0,0,0,87.65
3148,1,0,0,0,174.8
3149,1,0,1,0,53.72
3150,1,0,1,0,116.65
3151,0,1,1,0,153.82
3152,0,1,0,0,74.24
3153,0,0,0,0,43.23
3154,0,0,1,0,43.83
3155,0,0,0,0,65.2
3156,1,0,0,0,66.11
3157,1,0,0,0,117.73
3158,1,1,1,0,172.25
3159,1,0,0,0,101.07
3160,1,0,0,0,60.03
3161,0,0,0,0,73.28
3162,0,0,0,0,39.01
3163,0,0,0,0,114.45
3164,0,0,0,1,60.61
3165,0,0,0,0,14.07
3166,1,0,1,0,75.23
3167,1,0,0,0,13.85
3168,0,0,1,1,85.49
3169,0,0,0,0,38.59
3170,0,0,0,0,162.7
3171,0,0,0,0,94.08
3172,0,0,0,0,48.36
3173,0,1,1,0,0.0
3174,1,0,0,0,113.86
3175,0,0,0,0,0.0
3176,1,0,1,0,0.0
3177,1,0,0,0,0.0
3178,1,0,0,0,114.1
3179,0,0,0,0,0.0
3180,1,0,0,0,40.32
3181,0,0,0,0,67.57
3182,0,0,1,0,40.55
3183,1,1,1,0,78.7
3184,0,0,0,0,1.29
3185,1,0,0,0,145.96
3186,0,0,0,0,86.8
3187,1,0,1,0,67.86
3188,1,0,1,0,39.77
3189,0,1,1,0,85.1
3190,0,0,0,0,45.54
3191,0,0,0,0,73.48
3192,0,0,0,0,83.19
3193,0,1,0,1,0.0
3194,1,0,0,1,70.26
3195,0,0,0,0,73.6
3196,0,0,0,0,51.97
3197,0,0,0,0,74.03
3198,1,1,1,0,114.68
3199,0,0,0,0,7.35
3200,1,0,1,0,78.98
3201,1,1,0,0,56.84
3202,0,0,0,0,61.8
3203,1,1,1,0,207.99
3204,0,0,0,0,72.38
3205,0,0,1,0,0.0
3206,0,0,0,0,123.87
3207,0,0,0,0,55.93
3208,1,1,1,0,71.42
3209,1,0,0,1,152.73
3210,1,0,0,0,38.0
3211,0,0,0,0,0.0
3212,0,1,1,0,103.2
3213,0,1,1,1,4.79
3214,0,0,0,1,18.61
3215,0,0,0,0,28.99
3216,0,0,0,0,65.84
3217,1,0,0,0,21.52
3218,0,0,0,0,68.23
3219,0,0,1,0,100.53
3220,1,1,1,0,0.0
3221,1,1,1,0,129.11
3222,0,0,0,0,82.15
3223,1,0,1,0,0.0
3224,0,0,0,0,35.62
3225,1,0,0,0,0.0
3226,0,0,0,0,0.0
3227,1,1,1,0,253.61
3228,0,0,0,0,83.32
3229,0,0,0,0,66.87
3230,1,0,0,0,52.75
3231,1,1,1,0,91.01
3232,1,0,0,0,74.92
3233,1,0,1,0,0.0
3234,0,0,0,0,108.21
3235,1,0,1,0,73.63
3236,1,0,1,0,26.6
3237,0,0,1,0,11.5
3238,0,0,0,0,0.0
3239,1,1,0,1,59.07
3240,1,0,1,0,93.84
3241,0,0,0,0,36.48
3242,0,0,1,0,36.28
3243,0,0,0,0,5.18
3244,0,1,1,1,16.96
3245,0,0,1,0,0.0
3246,0,0,1,0,44.97
3247,1,0,0,0,72.94
3248,1,0,1,0,82.32
3249,1,1,1,0,100.86
3250,0,0,0,0,112.66
3251,0,0,0,0,106.71
3252,0,0,0,0,42.58
3253,1,0,1,1,94.49
3254,0,0,0,0,121.84
3255,1,0,0,0,0.0
3256,0,0,0,0,0.0
3257,1,0,1,0,218.21
3258,1,0,0,0,38.11
3259,1,0,1,0,82.28
3260,0,0,0,0,0.0
3261,1,1,0,0,114.92
3262,1,1,1,0,220.76
3263,1,0,0,0,48.72
3264,0,1,1,0,56.88
3265,1,0,0,0,40.08
3266,0,0,1,0,151.82
3267,0,1,1,0,41.59
3268,0,0,0,0,141.43
3269,1,0,1,0,121.63
3270,0,0,1,0,79.34
3271,0,0,0,0,4.87
3272,1,0,0,0,117.61
3273,1,0,1,0,94.03
3274,0,0,0,0,0.0
3275,0,1,1,0,31.14
3276,0,0,0,0,35.05
3277,0,1,1,0,130.98
3278,0,0,1,0,50.7
3279,0,1,0,0,63.05
3280,1,0,0,0,27.12
3281,0,0,0,0,12.8
3282,0,0,0,0,56.84
3283,1,0,0,0,131.08
3284,0,0,1,0,94.27
3285,1,0,0,1,79.1
3286,0,0,0,0,90.2
3287,0,0,0,0,35.57
3288,1,1,1,0,164.95
3289,1,0,1,0,123.92
3290,0,0,1,0,132.65
3291,1,1,1,0,103.75
3292,0,0,1,0,22.01
3293,1,0,1,0,59.21
3294,1,0,1,0,100.69
3295,0,0,1,0,159.0
3296,1,0,0,0,207.64
3297,0,0,1,0,124.3
3298,1,1,0,0,90.48
3299,1,0,1,1,59.14
3300,0,0,0,0,61.97
3301,0,0,1,0,39.03
3302,1,0,1,0,118.86
3303,0,0,0,0,80.53
3304,0,0,0,0,128.0
3305,0,0,1,0,121.06
3306,1,0,1,0,45.95
3307,1,0,0,0,0.0
3308,0,0,1,0,61.51
3309,1,0,1,0,20.83
3310,1,0,0,0,10.03
3311,0,0,0,0,98.26
3312,1,0,0,0,67.72
3313,0,0,1,0,0.0
3314,0,1,0,1,39.67
3315,0,0,1,0,7.5
3316,1,1,1,0,14.5
3317,0,0,0,0,83.95
3318,0,0,0,0,51.1
3319,0,0,0,0,130.68
3320,1,0,1,0,143.82
3321,0,1,0,0,64.12
3322,0,0,0,0,28.48
3323,1,1,1,0,92.91
3324,1,0,1,1,31.21
3325,0,0,1,0,0.0
3326,0,0,0,0,147.59
3327,0,0,0,0,93.72
3328,0,0,0,1,7.32
3329,1,0,1,0,4.15
3330,0,0,0,0,0.0
3331,1,0,1,0,114.95
3332,0,0,0,1,39.95
3333,0,0,1,1,100.19
3334,0,0,0,0,0.0
3335,1,1,1,1,153.76
3336,1,0,0,0,70.68
3337,0,0,0,1,162.38
3338,1,1,1,0,60.7
3339,0,0,0,0,82.12
3340,0,0,0,0,121.69
3341,0,0,0,0,0.0
3342,0,0,1,0,125.93
3343,1,1,1,0,209.7
3344,0,0,0,0,3.48
3345,0,0,0,0,83.93
3346,1,0,1,1,142.07
3347,1,0,1,0,174.14
3348,1,0,0,0,164.67
3349,0,0,0,1,51.12
3350,0,0,0,0,105.34
3351,0,1,1,0,66.81
3352,1,0,0,0,121.14
3353,1,0,1,0,89.9
3354,0,0,0,0,81.57
3355,1,0,1,0,40.11
3356,1,0,0,0,81.06
3357,0,0,0,0,0.0
3358,1,1,1,0,0.0
3359,0,0,0,0,140.49
3360,1,0,1,0,78.93
3361,0,0,1,0,88.55
3362,0,1,0,0,112.13
3363,0,0,0,0,111.67
3364,0,0,0,0,45.29
3365,1,0,0,0,82.96
3366,1,0,0,1,93.7
3367,0,0,0,0,55.94
3368,0,0,1,0,105.08
3369,0,0,1,0,0.0
3370,0,0,0,0,100.4
3371,1,0,0,0,144.07
3372,0,0,0,0,13.13
3373,1,0,1,0,0.0
3374,0,1,0,0,107.36
3375,0,0,1,0,100.02
3376,1,0,1,0,59.23
3377,1,1,1,0,118.15
3378,0,0,0,0,122.78
3379,1,0,1,1,104.67
3380,0,0,1,0,112.4
3381,0,0,1,0,215.02
3382,1,0,1,0,33.53
3383,0,1,1,0,12.85
3384,0,0,1,0,185.26
3385,1,1,0,0,64.47
3386,1,0,1,1,69.49
3387,0,0,0,0,55.1
3388,0,0,0,0,92.97
3389,0,0,1,0,0.0
3390,1,0,1,0,70.63
3391,1,0,0,1,116.3
3392,1,0,0,0,22.76
3393,0,1,1,0,108.09
3394,0,0,1,0,160.82
3395,1,0,1,0,37.42
3396,1,0,1,0,111.26
3397,1,1,1,0,72.89
3398,0,0,0,0,95.55
3399,1,0,0,0,181.8
3400,0,0,0,0,118.83
3401,1,1,1,0,85.59
3402,0,0,1,0,77.52
3403,1,0,1,0,131.22
3404,1,1,1,0,115.54
3405,0,0,0,0,53.81
3406,0,1,1,0,77.95
3407,0,1,0,0,63.8
3408,1,0,0,0,138.3
3409,0,0,1,0,138.78
3410,0,0,0,0,0.0
3411,1,1,1,0,153.54
3412,1,0,1,0,0.0
3413,0,0,0,0,48.81
3414,1,0,1,0,215.53
3415,0,0,0,0,52.93
3416,0,0,0,0,121.42
3417,0,0,1,0,57.61
3418,0,0,0,0,0.0
3419,1,0,1,1,148.16
3420,1,0,1,0,75.72
3421,0,0,0,0,40.73
3422,0,1,0,1,187.4
3423,1,1,1,0,175.05
3424,1,0,0,0,92.97
3425,0,0,0,0,9.47
3426,0,0,1,0,55.51
3427,0,0,1,0,138.73
3428,0,0,0,0,61.36
3429,0,1,1,0,62.73
3430,1,0,0,0,5.0
3431,0,0,0,0,77.2
3432,1,0,1,0,0.0
3433,0,0,1,0,44.41
3434,1,0,1,0,42.14
3435,0,0,1,0,137.12
3436,1,0,1,0,204.48
3437,1,0,1,1,154.51
3438,1,0,0,1,59.06
3439,0,0,0,0,62.52
3440,0,0,0,1,121.44
3441,0,0,1,0,158.89
3442,1,0,1,0,25.04
3443,0,0,0,0,57.14
3444,0,0,0,0,63.96
3445,0,1,0,0,0.0
3446,0,0,0,0,104.8
3447,1,0,1,0,100.47
3448,1,0,0,0,59.56
3449,0,1,0,0,169.17
3450,0,0,1,0,0.0
3451,0,0,0,0,5.43
3452,0,0,0,1,131.4
3453,0,0,1,1,168.05
3454,0,0,0,1,108.96
3455,0,0,0,0,59.09
3456,1,0,1,0,177.06
3457,0,0,1,0,27.59
3458,0,1,0,0,51.3
3459,0,0,0,0,65.18
3460,0,1,0,1,12.42
3461,0,0,0,0,7.49
3462,0,1,0,0,88.2
3463,1,0,0,1,153.54
3464,1,0,0,0,50.53
3465,1,1,1,0,109.93
3466,1,0,1,0,16.79
3467,0,0,1,0,82.1
3468,1,0,0,0,58.28
3469,0,0,0,0,0.0
3470,1,0,0,0,37.49
3471,0,0,1,0,96.58
3472,0,1,0,0,104.69
3473,0,0,0,0,134.4
3474,0,0,0,0,115.84
3475,1,1,0,0,20.9
3476,0,0,0,0,49.36
3477,0,1,1,0,173.82
3478,1,0,0,0,30.94
3479,1,1,1,0,109.48
3480,0,0,1,0,28.62
3481,1,0,1,0,0.0
3482,0,0,0,0,79.77
3483,1,0,1,0,100.19
3484,0,0,1,0,55.67
3485,0,0,1,0,129.97
3486,0,0,0,0,0.0
3487,0,0,1,0,81.23
3488,0,0,0,0,118.23
3489,0,0,0,0,64.66
3490,1,0,0,0,90.52
3491,0,1,1,1,107.04
3492,0,1,0,0,0.0
3493,0,0,0,0,0.0
3494,1,1,1,0,102.83
3495,0,0,1,0,86.98
3496,1,0,0,1,90.35
3497,0,0,0,0,14.43
3498,0,0,0,0,23.38
3499,0,0,1,0,25.17
3500,0,0,0,0,2.09
3501,0,0,0,0,0.0
3502,1,0,0,0,167.77
3503,0,0,0,0,18.47
3504,0,0,0,0,35.69
3505,0,0,1,1,71.87
3506,0,0,1,0,160.32
3507,0,0,1,0,158.86
3508,0,0,0,0,116.89
3509,1,1,0,0,108.6
3510,1,0,1,0,140.19
3511,1,1,1,1,89.35
3512,0,0,1,0,51.95
3513,0,0,0,1,57.79
3514,1,0,0,1,120.18
3515,0,0,0,1,60.37
3516,1,0,0,0,57.47
3517,0,0,1,0,0.0
3518,1,0,1,0,107.52
3519,1,0,1,0,31.39
3520,0,0,0,0,97.44
3521,0,1,1,0,56.92
3522,0,0,0,0,48.27
3523,0,1,1,0,90.1
3524,1,0,0,0,18.54
3525,1,0,0,0,8.09
3526,0,0,0,0,49.41
3527,0,0,1,0,0.0
3528,0,0,0,0,12.09
3529,0,0,0,0,72.97
3530,0,0,1,0,74.29
3531,0,0,0,0,0.0
3532,1,1,0,0,68.44
3533,0,0,0,0,133.48
3534,0,0,0,0,107.9
3535,1,1,1,0,54.14
3536,0,0,1,1,81.86
3537,1,0,1,1,44.57
3538,0,0,0,1,21.02
3539,0,0,0,0,0.0
3540,0,0,0,0,58.81
3541,0,0,0,0,57.98
3542,0,0,0,1,78.75
3543,0,1,0,0,54.74
3544,1,0,0,0,0.0
3545,0,0,0,1,92.63
3546,1,0,0,0,4.2
3547,1,0,1,1,47.03
3548,0,1,0,0,22.02
3549,0,1,0,0,97.25
3550,1,0,0,0,11.73
3551,1,0,1,0,40.26
3552,0,0,0,0,26.18
3553,0,0,0,0,151.16
3554,0,0,1,0,0.0
3555,0,0,0,0,122.78
3556,0,0,0,0,117.8
3557,0,0,0,0,104.07
3558,1,0,1,0,142.16
3559,0,0,0,0,0.0
3560,0,0,0,0,10.73
3561,1,0,1,1,7.03
3562,1,0,1,0,18.09
3563,0,1,0,0,151.43
3564,1,0,0,0,99.85
3565,0,0,0,0,49.39
3566,1,0,1,0,66.85
3567,0,0,1,0,27.67
3568,1,0,0,0,35.74
3569,0,0,1,0,20.14
3570,0,1,1,0,20.18
3571,0,0,1,1,35.31
3572,0,0,0,1,14.61
3573,1,1,1,0,89.46
3574,0,0,0,0,13.46
3575,0,0,0,0,74.05
3576,0,0,0,0,68.98
3577,1,0,1,0,199.68
3578,1,1,1,0,0.0
3579,0,0,0,0,3.47
3580,1,0,1,0,0.0
3581,1,0,0,0,104.84
3582,1,0,1,0,0.0
3583,0,0,0,0,23.93
3584,1,0,1,0,57.0
3585,0,0,0,0,35.21
3586,0,0,0,0,151.58
3587,1,1,1,0,62.41
3588,0,0,0,0,61.08
3589,0,0,0,0,75.61
3590,0,0,0,0,149.03
3591,0,0,0,0,70.47
3592,0,0,0,1,135.27
3593,1,0,1,0,119.44
3594,0,0,0,0,16.14
3595,0,0,0,0,45.25
3596,1,0,1,1,129.65
3597,0,1,1,0,196.7
3598,0,1,1,0,202.77
3599,1,0,0,0,107.72
3600,1,1,1,1,34.46
3601,0,0,0,0,53.42
3602,1,0,1,0,96.48
3603,0,0,1,0,28.92
3604,0,0,1,0,0.0
3605,1,0,1,0,114.64
3606,1,1,1,0,0.0
3607,0,0,0,0,34.08
3608,0,1,1,0,74.6
3609,0,0,0,0,82.12
3610,0,0,1,1,57.18
3611,0,1,1,0,0.0
3612,0,0,1,0,31.25
3613,1,0,0,0,0.0
3614,0,0,0,0,11.14
3615,0,0,0,0,0.0
3616,0,0,1,0,52.13
3617,0,0,1,0,0.0
3618,0,0,0,0,0.0
3619,0,0,0,0,84.05
3620,0,0,0,0,118.24
3621,1,0,0,1,0.0
3622,0,0,0,0,50.96
3623,0,0,0,0,30.14
3624,0,1,1,0,60.98
3625,0,0,1,0,122.81
3626,1,1,1,0,102.75
3627,1,0,0,0,90.26
3628,1,0,1,0,37.82
3629,1,0,0,0,201.94
3630,1,0,0,0,23.09
3631,0,0,0,0,56.85
3632,0,0,0,0,0.0
3633,0,0,1,0,161.49
3634,1,0,1,0,0.0
3635,0,0,0,0,0.0
3636,1,1,1,0,136.48
3637,0,0,0,0,33.36
3638,0,0,0,0,69.04
3639,1,1,1,0,63.88
3640,0,0,1,0,5.15
3641,0,0,1,0,13.21
3642,1,0,1,0,17.04
3643,0,0,1,0,84.36
3644,0,0,1,0,190.12
3645,1,0,1,0,0.0
3646,0,0,1,0,160.26
3647,1,0,1,0,47.5
3648,0,0,0,0,0.0
3649,0,0,0,0,91.76
3650,1,0,0,0,16.15
3651,0,0,0,0,0.0
3652,1,0,1,0,105.19
3653,1,0,1,0,21.45
3654,0,0,0,0,60.7
3655,0,0,0,0,91.27
3656,1,1,1,0,172.09
3657,1,0,1,0,87.47
3658,0,1,1,0,145.25
3659,1,1,1,0,36.63
3660,0,0,0,1,77.96
3661,0,0,0,0,76.66
3662,1,1,0,0,122.48
3663,0,0,0,0,120.18
3664,0,0,0,1,44.49
3665,1,0,1,0,21.72
3666,1,0,0,0,112.55
3667,1,0,1,0,23.28
3668,0,0,1,0,39.74
3669,0,0,0,0,0.0
3670,0,0,0,0,62.31
3671,0,1,1,0,121.04
3672,1,1,1,0,134.39
3673,0,0,1,0,140.88
3674,1,0,0,0,0.0
3675,0,1,1,0,22.94
3676,0,0,0,0,29.23
3677,0,0,0,0,69.38
3678,0,0,0,0,40.65
3679,0,0,1,0,0.0
3680,0,0,1,0,36.93
3681,0,0,0,0,18.83
3682,0,1,0,0,114.67
3683,1,0,1,0,149.9
3684,0,1,0,0,0.0
3685,1,0,0,0,96.98
3686,1,0,0,0,71.99
3687,1,1,1,0,73.13
3688,0,1,1,0,71.48
3689,0,0,1,0,1.01
3690,0,0,1,0,27.31
3691,0,1,0,0,128.51
3692,0,1,0,0,51.93
3693,1,0,1,1,123.76
3694,0,0,0,0,97.46
3695,1,1,1,0,171.61
3696,1,1,1,0,95.16
3697,0,0,0,0,55.68
3698,0,0,0,0,80.26
3699,0,0,1,0,43.24
3700,0,1,0,0,132.55
3701,0,1,1,0,95.5
3702,0,0,0,0,39.4
3703,0,1,0,0,142.0
3704,1,0,1,0,131.69
3705,0,1,0,0,24.51
3706,1,0,0,0,96.6
3707,0,0,0,0,0.0
3708,0,0,0,0,11.75
3709,0,1,1,0,23.25
3710,0,1,1,0,170.78
3711,0,0,1,0,157.54
3712,1,1,0,0,109.22
3713,1,0,0,0,0.0
3714,1,0,1,0,92.56
3715,0,0,1,1,0.0
3716,0,0,0,0,158.91
3717,1,0,1,0,162.63
3718,1,0,1,0,192.79
3719,0,0,0,0,0.0
3720,0,0,0,0,0.0
3721,1,0,0,0,101.78
3722,0,0,1,0,91.18
3723,0,0,0,1,45.8
3724,0,0,1,0,79.23
3725,0,0,0,0,69.51
3726,0,0,0,0,58.94
3727,1,0,0,0,86.74
3728,1,0,1,0,54.33
3729,0,0,0,0,25.13
3730,1,0,1,0,0.0
3731,0,0,0,0,35.05
3732,0,0,1,1,39.71
3733,0,0,0,0,33.12
3734,1,1,0,0,105.83
3735,0,0,1,0,0.0
3736,1,0,1,0,37.8
3737,1,1,1,0,123.92
3738,0,1,1,0,86.59
3739,0,0,0,0,0.0
3740,0,0,1,0,52.7
3741,1,1,1,0,79.05
3742,0,0,0,0,141.52
3743,0,0,1,0,38.15
3744,0,0,0,0,0.0
3745,1,1,1,0,95.68
3746,0,0,0,0,0.0
3747,0,0,1,0,72.48
3748,0,0,0,0,83.96
3749,0,0,0,1,95.99
3750,0,1,1,0,109.96
3751,0,0,1,0,0.0
3752,1,1,1,0,97.33
3753,1,0,1,0,57.88
3754,0,0,0,0,136.22
3755,0,0,0,0,175.51
3756,1,0,1,0,39.26
3757,1,1,1,0,60.86
3758,0,0,0,0,78.35
3759,1,1,1,0,0.0
3760,0,0,0,0,97.35
3761,0,0,1,0,41.56
3762,1,0,1,0,78.88
3763,0,0,0,0,117.02
3764,0,0,0,1,58.39
3765,1,1,1,0,76.53
3766,0,0,0,1,131.44
3767,0,0,0,0,82.76
3768,1,0,1,0,58.35
3769,0,0,1,0,87.05
3770,0,0,1,1,60.4
3771,0,0,1,0,59.73
3772,0,0,1,0,0.0
3773,0,1,0,0,21.06
3774,1,0,1,0,109.67
3775,1,0,1,1,0.0
3776,1,0,1,0,49.75
3777,0,1,0,0,108.34
3778,0,0,0,0,61.15
3779,0,1,1,0,125.81
3780,0,0,1,0,16.13
3781,0,0,0,0,34.39
3782,0,0,0,1,0.0
3783,0,0,0,0,0.0
3784,0,0,1,0,125.71
3785,0,0,1,0,0.0
3786,0,0,0,0,0.0
3787,0,0,1,0,156.19
3788,0,0,1,0,2.51
3789,1,1,1,0,99.74
3790,0,0,1,0,4.89
3791,0,0,0,0,0.0
3792,1,0,1,1,55.66
3793,0,0,0,0,0.0
3794,0,0,0,0,91.32
3795,0,1,1,0,55.8
3796,1,0,1,1,200.68
3797,0,0,0,0,49.52
3798,1,1,0,0,164.33
3799,0,1,0,0,165.96
3800,1,0,0,0,0.0
3801,0,0,0,0,9.27
3802,1,1,1,0,128.57
3803,0,0,0,0,0.0
3804,1,1,1,0,61.26
3805,0,1,0,0,98.01
3806,0,0,1,0,79.48
3807,0,0,1,0,0.0
3808,0,0,1,0,56.87
3809,0,0,1,0,34.04
3810,0,0,1,0,84.0
3811,0,0,0,0,36.04
3812,1,0,0,0,167.37
3813,0,0,0,0,15.45
3814,0,0,0,0,0.0
3815,1,0,1,0,5.79
3816,0,0,0,0,98.76
3817,1,1,1,0,59.53
3818,0,0,0,0,28.61
3819,0,0,0,0,111.26
3820,1,0,0,0,9.47
3821,1,0,1,0,118.34
3822,0,0,0,0,2.3
3823,0,1,0,0,62.33
3824,0,1,1,0,13.76
3825,0,1,1,0,147.08
3826,0,0,0,0,0.0
3827,1,1,1,0,88.86
3828,0,0,0,0,0.0
3829,1,0,0,0,142.25
3830,0,0,0,0,4.04
3831,1,0,0,0,62.15
3832,1,1,1,0,85.59
3833,0,0,0,0,206.43
3834,1,0,0,0,26.97
3835,1,0,0,0,171.28
3836,1,0,0,0,35.19
3837,0,0,0,0,220.24
3838,0,1,0,0,0.0
3839,1,0,1,0,147.11
3840,0,0,0,0,80.52
3841,1,0,0,0,68.44
3842,1,1,1,1,56.67
3843,0,0,0,0,118.22
3844,1,0,0,0,84.31
3845,1,0,1,0,146.75
3846,0,0,1,0,0.0
3847,0,0,0,1,0.0
3848,1,0,0,0,0.0
3849,0,1,1,0,70.18
3850,0,1,0,0,55.58
3851,1,1,1,0,179.91
3852,0,0,0,0,46.29
3853,0,1,0,0,88.64
3854,1,0,0,0,92.21
3855,1,0,0,0,60.19
3856,1,0,0,0,76.03
3857,0,0,0,0,0.0
3858,1,0,0,0,147.24
3859,1,1,1,0,96.15
3860,1,0,0,0,38.54
3861,0,0,0,0,88.88
3862,0,0,1,0,121.35
3863,0,0,0,0,0.0
3864,1,0,0,0,21.92
3865,0,1,1,0,43.18
3866,1,1,1,0,95.06
3867,1,0,0,0,30.88
3868,0,0,0,0,104.09
3869,0,0,1,0,100.35
3870,0,0,1,0,14.59
3871,1,1,1,0,91.85
3872,0,0,0,0,27.01
3873,0,0,1,0,0.0
3874,0,0,1,0,198.61
3875,0,0,0,0,0.0
3876,1,0,1,0,39.51
3877,0,0,0,1,73.31
3878,1,0,0,0,33.87
3879,0,0,1,0,57.12
3880,0,0,0,0,85.13
3881,0,0,0,0,33.14
3882,1,0,0,0,39.8
3883,0,0,1,0,0.0
3884,0,0,0,0,0.0
3885,1,0,1,0,128.64
3886,0,0,1,0,202.5
3887,0,0,1,0,37.3
3888,0,0,1,1,0.0
3889,0,0,0,0,59.61
3890,1,0,0,0,0.0
3891,0,0,1,1,0.0
3892,0,0,1,1,28.04
3893,1,0,0,0,85.24
3894,0,0,0,0,80.46
3895,0,0,0,0,121.64
3896,0,0,1,0,0.0
3897,0,0,0,1,53.01
3898,0,0,1,0,111.9
3899,1,1,0,0,169.13
3900,1,0,1,0,165.51
3901,1,0,0,0,0.0
3902,1,0,0,0,3.64
3903,0,1,1,0,178.16
3904,0,0,0,0,24.26
3905,0,1,0,0,9.45
3906,0,0,1,0,82.12
3907,0,0,0,0,7.07
3908,0,0,0,0,67.14
3909,1,1,1,0,40.44
3910,1,0,1,0,5.97
3911,0,0,0,0,82.87
3912,0,0,1,1,12.25
3913,0,0,0,1,121.75
3914,0,0,0,0,37.72
3915,0,0,0,0,0.0
3916,0,1,0,0,21.04
3917,0,0,0,1,45.32
3918,0,0,1,0,21.3
3919,0,0,0,0,64.22
3920,0,0,1,0,92.48
3921,1,1,1,0,0.0
3922,0,0,0,0,93.58
3923,1,0,1,1,85.49
3924,0,0,0,0,34.11
3925,0,0,1,0,100.01
3926,1,0,1,0,0.0
3927,1,0,0,0,41.06
3928,0,0,0,0,49.27
3929,1,0,1,1,83.82
3930,0,0,0,0,83.36
3931,0,0,0,0,26.28
3932,0,0,1,0,27.79
3933,1,0,0,0,53.16
3934,1,1,1,1,143.77
3935,0,1,0,0,40.71
3936,0,0,0,0,0.0
3937,0,0,0,0,46.59
3938,0,0,1,0,51.21
3939,0,0,0,1,10.44
3940,0,1,1,0,117.69
3941,1,0,1,0,74.06
3942,1,0,1,0,88.23
3943,1,0,1,0,161.46
3944,1,0,0,0,77.74
3945,1,1,1,1,99.76
3946,1,0,0,1,88.47
3947,1,0,0,0,151.49
3948,0,0,0,1,148.57
3949,0,0,0,0,82.55
3950,0,0,0,0,117.0
3951,1,0,1,0,194.88
3952,0,1,0,0,146.8
3953,1,1,1,1,173.1
3954,0,1,0,0,108.31
3955,0,0,1,0,61.35
3956,0,0,0,0,216.13
3957,1,1,1,0,183.93
3958,0,0,0,0,69.08
3959,1,1,1,0,101.17
3960,1,1,1,1,166.03
3961,0,0,1,1,146.28
3962,0,0,0,0,0.0
3963,0,1,0,0,105.96
3964,1,0,0,0,0.0
3965,0,0,0,1,1.59
3966,1,0,1,0,30.35
3967,0,0,0,0,96.34
3968,0,1,1,0,13.56
3969,0,1,1,0,231.42
3970,1,0,0,0,82.14
3971,0,0,0,0,21.73
3972,0,0,0,0,64.76
3973,0,0,1,0,116.72
3974,0,0,0,0,250.16
3975,0,0,0,0,0.0
3976,0,1,0,0,65.36
3977,0,1,1,0,61.47
3978,1,0,0,0,47.51
3979,0,0,0,0,26.21
3980,0,0,0,0,122.23
3981,1,0,1,0,108.46
3982,1,0,1,0,0.0
3983,0,0,0,0,85.55
3984,1,0,1,0,0.0
3985,0,1,1,0,140.05
3986,0,0,0,0,16.95
3987,0,0,0,0,91.65
3988,1,0,0,0,0.0
3989,1,1,1,0,42.2
3990,0,0,0,0,126.27
3991,0,0,0,0,47.24
3992,0,0,1,0,108.54
3993,0,0,0,0,54.74
3994,0,1,0,0,141.15
3995,1,0,0,0,168.54
3996,0,1,1,0,0.0
3997,0,0,0,0,49.25
3998,0,0,1,1,102.76
3999,0,1,1,0,156.5
4000,0,0,0,1,137.84
4001,1,0,0,0,39.52
4002,1,0,1,0,68.21
4003,0,0,1,0,159.26
4004,0,0,0,0,29.96
4005,0,0,1,0,93.85
4006,0,0,0,0,53.04
4007,0,1,0,0,0.0
4008,0,0,0,0,72.46
4009,0,0,0,0,57.14
4010,1,0,1,0,0.0
4011,0,0,0,0,0.0
4012,0,0,0,1,67.89
4013,0,1,1,0,173.7
4014,0,1,0,0,120.5
4015,1,0,1,0,30.86
4016,0,0,0,0,58.98
4017,1,0,1,0,59.03
4018,1,0,0,0,0.0
4019,0,1,1,0,120.9
4020,0,0,0,0,144.94
4021,1,0,0,0,40.76
4022,1,0,1,0,18.12
4023,1,0,1,1,134.96
4024,1,0,0,0,95.28
4025,0,0,1,0,100.74
4026,0,1,1,1,21.8
4027,0,0,0,0,52.57
4028,1,1,1,0,114.08
4029,0,0,0,0,19.4
4030,1,1,0,1,157.75
4031,0,0,0,0,75.49
4032,0,0,1,0,0.0
4033,0,1,1,1,153.84
4034,0,1,0,0,27.7
4035,0,0,1,0,57.58
4036,1,1,1,0,132.92
4037,0,0,0,0,0.0
4038,0,1,0,0,0.0
4039,0,0,0,1,157.48
4040,1,1,1,0,130.73
4041,0,0,0,0,65.09
4042,1,1,1,0,55.46
4043,0,1,0,1,53.8
4044,1,1,0,0,190.51
4045,1,1,1,0,94.73
4046,0,1,1,0,140.47
4047,1,1,1,0,161.42
4048,0,1,1,0,27.42
4049,0,1,0,0,29.71
4050,0,0,0,0,0.0
4051,0,0,0,0,21.05
4052,0,1,0,0,190.15
4053,1,1,1,1,179.48
4054,0,0,0,0,116.3
4055,0,0,0,0,83.4
4056,1,0,1,0,150.04
4057,0,0,0,0,0.0
4058,0,0,0,0,71.0
4059,0,0,0,0,131.01
4060,0,0,0,0,71.86
4061,0,0,0,0,134.8
4062,0,0,0,0,80.36
4063,1,0,1,0,188.35
4064,0,0,0,0,61.79
4065,1,1,1,0,103.22
4066,0,0,0,0,200.89
4067,1,0,1,0,16.56
4068,1,0,1,0,10.94
4069,1,0,0,0,79.97
4070,0,0,0,1,51.09
4071,1,0,1,0,5.97
4072,0,1,0,0,121.78
4073,0,0,0,0,94.38
4074,1,0,1,0,56.7
4075,0,1,1,0,36.03
4076,0,1,1,0,0.0
4077,1,0,0,0,253.37
4078,0,0,1,0,67.71
4079,0,0,0,0,32.33
4080,0,0,0,0,81.19
4081,1,0,1,0,52.94
4082,0,0,0,0,71.0
4083,0,0,0,0,98.82
4084,1,0,1,0,63.43
4085,0,0,1,0,75.49
4086,0,0,0,0,32.75
4087,1,1,0,0,97.23
4088,0,0,0,0,0.0
4089,0,1,0,0,227.17
4090,0,0,1,1,0.0
4091,1,0,0,0,63.1
4092,1,0,1,0,57.68
4093,0,0,0,0,0.0
4094,0,0,1,1,6.73
4095,1,0,0,0,106.25
4096,0,0,0,0,86.05
4097,0,0,0,0,0.0
4098,0,0,1,0,63.19
4099,1,0,0,0,63.84
4100,1,0,0,0,214.67
4101,1,0,0,1,113.4
4102,0,0,1,1,42.36
4103,1,0,0,0,24.3
4104,1,0,0,0,3.85
4105,0,0,1,0,0.0
4106,0,0,0,0,92.9
4107,0,0,0,0,46.83
4108,0,1,1,0,112.5
4109,0,1,1,0,162.23
4110,0,0,0,0,56.75
4111,0,0,0,1,155.75
4112,0,0,0,0,0.0
4113,0,1,1,0,0.0
4114,0,0,1,0,0.0
4115,0,0,0,0,28.15
4116,1,0,0,0,4.13
4117,0,0,1,0,88.54
4118,0,0,0,0,160.34
4119,1,1,1,0,196.12
4120,0,0,0,0,87.99
4121,0,0,0,0,6.72
4122,0,0,1,0,30.68
4123,0,0,0,0,42.4
4124,0,0,1,1,66.4
4125,0,0,1,0,49.25
4126,0,0,0,0,60.04
4127,0,1,0,0,78.17
4128,1,1,1,0,63.86
4129,0,0,1,0,72.55
4130,0,0,0,0,84.11
4131,0,0,0,0,192.72
4132,1,0,0,0,125.91
4133,0,0,1,1,22.88
4134,0,0,0,0,124.08
4135,1,1,1,0,41.2
4136,0,0,0,1,51.65
4137,0,1,1,0,5.2
4138,0,0,0,0,77.91
4139,1,1,1,0,30.65
4140,0,1,0,0,4.43
4141,0,1,1,0,68.69
4142,1,1,0,0,40.18
4143,1,0,1,0,135.57
4144,0,1,1,0,69.84
4145,0,0,1,0,157.14
4146,0,1,0,0,45.39
4147,1,0,1,0,50.12
4148,1,1,1,0,75.69
4149,0,0,1,0,0.0
4150,1,0,1,0,1.13
4151,0,1,1,0,39.43
4152,0,0,0,0,0.0
4153,0,0,0,0,145.17
4154,0,0,0,0,14.07
4155,0,0,0,0,0.0
4156,0,0,0,0,51.99
4157,1,0,0,0,61.57
4158,0,0,0,0,91.21
4159,1,0,1,0,27.37
4160,0,0,0,1,74.53
4161,0,0,1,0,45.76
4162,0,0,0,0,74.94
4163,0,0,1,0,0.0
4164,0,0,1,0,105.38
4165,0,1,0,0,67.36
4166,0,0,0,0,0.0
4167,1,0,1,0,61.87
4168,0,0,0,0,45.07
4169,0,0,0,0,191.64
4170,0,0,0,0,56.66
4171,0,0,0,0,132.39
4172,1,0,1,0,118.83
4173,0,0,0,0,67.59
4174,0,0,0,0,108.87
4175,0,0,1,0,32.61
4176,0,0,0,0,22.29
4177,1,1,1,1,36.34
4178,0,1,1,0,83.93
4179,0,0,0,0,56.59
4180,1,1,1,0,86.99
4181,0,1,0,0,62.83
4182,0,1,0,0,69.32
4183,1,0,1,0,126.88
4184,0,0,0,0,26.44
4185,0,0,0,0,0.0
4186,0,0,0,0,0.0
4187,1,0,0,0,76.92
4188,0,1,1,0,75.44
4189,1,1,0,0,42.6
4190,0,1,0,1,82.42
4191,1,0,1,0,107.47
4192,0,0,0,0,0.0
4193,0,0,0,0,129.46
4194,1,0,1,0,12.39
4195,1,1,1,0,89.93
4196,1,0,0,0,17.28
4197,0,0,0,0,157.87
4198,1,1,0,0,16.04
4199,0,0,0,0,0.0
4200,1,0,0,0,21.34
4201,0,0,0,0,0.0
4202,0,0,0,0,116.99
4203,0,0,1,0,67.04
4204,1,1,1,0,86.04
4205,0,0,0,1,78.37
4206,1,1,1,0,155.44
4207,0,0,0,0,0.0
4208,0,1,0,0,0.0
4209,0,0,0,0,0.18
4210,0,0,0,0,52.25
4211,0,0,1,0,118.31
4212,0,1,0,0,23.9
4213,0,0,1,0,13.6
4214,0,0,0,0,32.64
4215,0,0,0,0,125.62
4216,0,1,0,0,98.74
4217,0,0,0,0,61.43
4218,0,0,0,0,93.34
4219,0,0,0,0,7.05
4220,1,1,1,0,33.58
4221,1,0,1,0,31.9
4222,1,0,0,0,69.31
4223,0,1,0,0,17.55
4224,0,0,0,0,64.88
4225,1,0,0,0,0.0
4226,0,0,0,0,97.7
4227,0,0,0,0,48.23
4228,0,0,0,0,87.43
4229,0,0,0,1,134.82
4230,1,1,1,0,80.54
4231,0,0,1,0,7.35
4232,0,0,0,0,106.25
4233,0,0,0,0,2.95
4234,0,0,0,1,69.27
4235,0,0,0,0,112.1
4236,0,0,0,0,59.06
4237,1,1,0,0,75.73
4238,0,1,0,0,98.73
4239,1,0,0,0,0.0
4240,0,0,0,0,110.81
4241,0,1,0,0,6.5
4242,1,0,0,0,153.43
4243,0,0,0,0,141.26
4244,0,0,0,0,38.13
4245,0,0,1,1,102.96
4246,0,0,0,0,82.79
4247,1,0,0,0,66.58
4248,1,0,1,0,77.65
4249,0,0,0,0,0.0
4250,0,0,0,0,69.85
4251,0,0,0,0,65.98
4252,0,1,1,0,0.0
4253,0,0,1,0,34.68
4254,1,0,1,0,71.48
4255,1,1,1,0,163.73
4256,0,0,0,0,20.57
4257,0,0,0,1,60.88
4258,0,1,1,0,4.99
4259,1,0,1,0,4.0
4260,0,0,1,0,113.78
4261,0,0,0,0,0.0
4262,0,1,1,0,61.68
4263,0,0,0,0,0.0
4264,1,1,1,0,0.0
4265,0,1,0,0,77.87
4266,0,1,0,1,70.05
4267,0,1,0,0,12.26
4268,1,0,0,0,79.09
4269,0,0,1,0,39.3
4270,1,0,0,0,51.21
4271,0,0,0,0,69.68
4272,1,1,1,0,215.69
4273,0,0,0,0,49.46
4274,1,1,1,0,75.28
4275,0,0,0,0,25.4
4276,0,0,0,0,11.15
4277,0,0,0,1,0.0
4278,0,1,1,0,143.62
4279,0,0,0,0,21.43
4280,1,0,1,0,29.96
4281,1,1,1,1,55.78
4282,0,0,0,1,110.49
4283,0,0,0,0,17.41
4284,1,0,1,1,60.57
4285,0,0,1,0,108.88
4286,0,1,0,0,36.46
4287,0,0,1,0,21.63
4288,0,1,1,0,0.0
4289,1,0,1,0,40.44
4290,0,0,0,0,197.43
4291,0,0,0,0,0.0
4292,0,0,1,0,99.26
4293,0,0,0,0,67.15
4294,0,0,1,0,86.76
4295,0,0,1,1,147.62
4296,0,1,1,0,0.0
4297,0,0,1,0,63.47
4298,0,0,0,0,124.05
4299,0,0,0,0,74.19
4300,0,1,0,0,71.21
4301,1,0,1,0,59.3
4302,0,0,0,0,138.74
4303,0,0,0,0,36.68
4304,1,0,1,0,65.42
4305,0,0,0,0,173.41
4306,0,0,1,0,56.24
4307,0,0,1,0,141.02
4308,0,1,0,0,0.0
4309,0,1,1,0,176.99
4310,1,0,1,0,87.92
4311,1,0,1,1,73.3
4312,0,0,0,0,44.79
4313,0,0,1,0,0.0
4314,1,0,0,1,76.64
4315,1,0,1,0,84.37
4316,1,0,0,0,102.01
4317,1,1,0,0,31.72
4318,0,1,1,0,154.97
4319,1,0,0,0,0.0
4320,1,0,1,0,54.76
4321,1,0,0,0,103.08
4322,0,0,1,0,0.0
4323,0,0,0,0,14.44
4324,0,1,0,0,104.1
4325,0,0,0,0,0.0
4326,0,0,0,0,23.24
4327,0,0,1,0,14.28
4328,0,0,0,0,64.62
4329,0,0,0,0,0.0
4330,0,0,0,0,0.0
4331,0,0,1,0,103.68
4332,1,0,1,0,11.81
4333,0,0,1,0,56.01
4334,0,0,0,0,16.68
4335,1,0,1,0,138.68
4336,0,0,1,0,86.3
4337,1,0,0,0,0.0
4338,0,0,0,0,33.45
4339,0,0,0,0,120.07
4340,0,0,0,0,62.56
4341,1,1,1,0,198.95
4342,0,0,1,1,42.68
4343,0,0,0,0,84.94
4344,0,0,0,0,104.87
4345,0,0,0,0,115.42
4346,0,0,0,0,90.82
4347,0,0,0,0,98.39
4348,0,0,1,0,64.78
4349,0,0,0,0,129.55
4350,1,1,1,0,89.8
4351,1,1,0,0,73.44
4352,0,0,1,0,71.63
4353,0,1,0,0,23.53
4354,0,0,0,0,0.0
4355,1,1,1,0,117.48
4356,0,0,0,0,89.1
4357,0,0,0,0,69.32
4358,0,0,1,0,10.38
4359,1,0,1,0,48.81
4360,0,0,0,0,0.0
4361,0,1,0,0,0.0
4362,0,0,1,0,126.08
4363,0,0,1,0,59.08
4364,0,0,0,0,0.0
4365,0,0,0,0,102.59
4366,1,1,1,0,30.08
4367,0,0,0,0,167.09
4368,0,0,0,0,17.82
4369,0,0,0,0,0.0
4370,1,0,1,0,25.31
4371,0,0,0,1,15.97
4372,1,0,0,0,0.0
4373,1,0,0,1,234.68
4374,0,0,0,1,0.0
4375,0,0,0,0,60.66
4376,1,0,1,0,102.25
4377,0,1,1,0,2.0
4378,1,0,1,0,102.42
4379,0,0,1,1,24.07
4380,1,1,1,0,0.0
4381,1,0,1,0,64.81
4382,0,0,0,0,27.73
4383,0,0,0,0,44.11
4384,1,0,1,0,2.04
4385,1,0,1,0,94.91
4386,0,1,0,0,8.47
4387,0,0,1,0,31.92
4388,0,0,0,0,20.9
4389,1,0,1,0,34.89
4390,0,0,0,1,106.8
4391,0,0,0,0,121.73
4392,0,1,1,0,0.0
4393,0,0,1,0,40.22
4394,0,0,0,0,114.41
4395,1,0,1,0,34.97
4396,0,0,0,0,21.96
4397,0,0,0,1,0.0
4398,0,0,0,0,139.23
4399,0,1,1,0,0.0
4400,0,0,0,1,70.89
4401,0,0,0,0,59.2
4402,0,0,1,0,0.0
4403,0,0,0,1,87.91
4404,0,0,1,0,68.92
4405,0,1,1,0,52.43
4406,1,1,1,0,0.0
4407,0,1,1,0,126.54
4408,0,0,0,0,56.44
4409,0,0,0,0,0.0
4410,0,0,0,1,0.0
4411,1,1,1,0,142.04
4412,0,0,0,0,181.29
4413,0,0,1,0,76.81
4414,0,0,0,0,0.0
4415,0,0,0,0,63.78
4416,1,0,0,0,56.31
4417,0,1,1,0,94.66
4418,0,0,0,0,131.24
4419,1,1,1,0,134.13
4420,0,0,0,0,0.0
4421,1,0,0,0,0.0
4422,0,0,0,0,0.0
4423,1,1,0,0,35.61
4424,1,1,1,0,16.53
4425,1,0,1,0,148.32
4426,1,0,0,0,54.51
4427,1,0,0,0,64.14
4428,0,0,0,0,24.89
4429,0,0,0,0,87.4
4430,0,0,0,1,49.5
4431,0,0,1,0,107.24
4432,0,0,1,0,0.0
4433,0,0,1,0,95.53
4434,0,0,1,0,115.87
4435,0,0,0,0,0.0
4436,0,0,0,0,89.27
4437,0,0,0,1,0.0
4438,0,1,1,0,152.8
4439,1,0,0,1,152.89
4440,1,0,0,0,62.15
4441,1,0,0,0,90.34
4442,0,0,1,0,79.91
4443,1,0,1,0,0.0
4444,0,0,1,0,120.19
4445,1,0,0,0,0.0
4446,0,0,1,0,112.42
4447,0,0,0,0,0.0
4448,0,1,0,0,80.62
4449,1,0,1,0,57.52
4450,0,0,0,0,72.51
4451,1,1,1,1,44.34
4452,0,0,0,0,52.39
4453,1,0,1,0,65.13
4454,0,0,0,0,104.5
4455,0,0,0,0,122.49
4456,0,0,0,0,37.78
4457,0,0,0,0,0.0
4458,0,0,0,0,53.34
4459,0,0,0,0,79.85
4460,0,0,1,0,89.35
4461,0,0,0,1,137.32
4462,1,0,1,0,150.04
4463,1,1,1,0,182.94
4464,0,0,0,0,110.63
4465,0,0,0,0,0.0
4466,0,0,0,0,68.22
4467,0,1,0,0,31.37
4468,0,0,0,0,108.75
4469,1,0,0,0,0.0
4470,0,1,0,0,67.31
4471,0,0,1,0,136.92
4472,0,0,0,0,112.83
4473,0,1,1,0,12.81
4474,0,1,1,0,1.28
4475,1,0,1,0,0.0
4476,1,1,1,0,96.86
4477,1,0,1,0,77.44
4478,0,0,1,0,15.11
4479,0,0,0,0,139.17
4480,0,0,1,0,91.01
4481,0,0,0,0,75.24
4482,1,0,0,0,117.44
4483,1,0,1,0,89.69
4484,0,0,1,0,50.28
4485,1,0,1,0,45.84
4486,0,0,1,0,0.0
4487,0,0,1,1,23.27
4488,1,0,0,0,116.91
4489,1,1,1,0,173.87
4490,0,0,0,0,0.0
4491,1,1,0,0,57.89
4492,1,1,0,0,0.0
4493,0,0,1,0,168.98
4494,1,0,1,0,74.67
4495,0,0,0,0,23.36
4496,0,0,0,0,60.73
4497,0,0,1,0,72.88
4498,0,1,0,0,43.87
4499,1,0,1,0,55.11
4500,0,0,0,0,86.69
4501,0,0,0,0,26.1
4502,1,0,1,0,56.88
4503,0,1,0,0,0.0
4504,1,1,1,0,99.65
4505,0,0,0,0,154.82
4506,1,0,0,0,41.53
4507,0,1,0,0,87.63
4508,0,0,0,0,16.57
4509,0,0,0,0,0.0
4510,0,1,1,1,66.92
4511,1,0,1,0,151.04
4512,0,0,0,0,28.61
4513,1,1,0,0,145.82
4514,0,0,0,0,115.71
4515,1,0,0,0,0.0
4516,1,0,1,0,107.42
4517,0,0,0,0,105.11
4518,1,0,1,0,100.85
4519,1,0,1,0,137.08
4520,0,0,0,0,36.35
4521,1,1,1,0,126.32
4522,1,1,1,0,40.83
4523,1,0,1,0,75.75
4524,0,0,1,0,109.81
4525,0,0,0,0,78.06
4526,1,1,1,0,7.72
4527,0,1,1,0,129.9
4528,0,0,0,0,11.62
4529,0,0,0,0,51.75
4530,1,0,1,0,182.03
4531,0,0,0,1,0.0
4532,0,0,0,0,45.53
4533,0,0,0,0,0.0
4534,1,0,1,0,47.49
4535,1,0,1,0,40.75
4536,1,0,1,0,34.73
4537,0,0,1,0,38.7
4538,1,1,1,0,0.0
4539,0,0,0,0,20.53
4540,0,0,0,1,3.04
4541,0,0,0,0,66.62
4542,1,0,1,0,22.67
4543,1,1,0,0,46.84
4544,1,0,0,1,39.74
4545,0,0,0,0,126.99
4546,0,0,0,0,65.16
4547,0,0,0,0,220.92
4548,1,0,1,0,34.74
4549,1,0,1,0,0.0
4550,0,0,0,0,22.17
4551,0,1,0,0,76.14
4552,1,0,1,0,27.0
4553,1,0,1,0,174.19
4554,1,1,1,0,0.0
4555,1,0,1,0,0.0
4556,1,0,0,0,31.54
4557,0,0,0,0,92.61
4558,1,1,1,0,177.17
4559,1,1,0,0,60.88
4560,1,0,0,0,129.77
4561,0,1,0,0,106.06
4562,0,0,0,0,65.79
4563,1,1,1,1,57.77
4564,1,1,1,1,147.34
4565,1,1,1,0,143.41
4566,0,0,1,0,29.84
4567,1,1,0,0,74.59
4568,1,0,0,0,16.65
4569,0,1,0,0,0.0
4570,1,1,1,0,153.77
4571,0,0,0,0,47.43
4572,1,0,1,0,42.4
4573,0,0,0,0,0.0
4574,0,0,0,0,0.0
4575,0,1,1,0,56.55
4576,0,1,1,0,91.71
4577,0,0,0,0,86.68
4578,1,0,0,0,39.24
4579,0,0,1,0,64.93
4580,0,0,0,0,2.84
4581,0,0,0,0,95.16
4582,1,0,1,0,0.0
4583,0,0,0,0,113.05
4584,1,0,0,0,0.0
4585,0,1,1,0,206.82
4586,0,0,0,0,82.51
4587,1,0,0,0,82.23
4588,0,0,0,0,68.48
4589,0,0,0,0,66.35
4590,1,0,0,0,0.0
4591,0,0,1,0,40.74
4592,0,0,1,1,272.01
4593,0,0,0,0,48.24
4594,0,1,0,0,203.38
4595,0,0,0,0,42.99
4596,0,0,1,0,29.6
4597,0,0,1,0,0.0
4598,1,0,1,0,91.55
4599,0,0,0,0,74.22
4600,1,0,0,0,82.72
4601,1,0,0,0,0.0
4602,0,0,1,1,60.16
4603,0,0,0,0,60.36
4604,0,1,0,1,0.0
4605,1,0,1,0,191.66
4606,0,0,0,0,0.0
4607,1,1,1,1,74.53
4608,0,0,0,1,56.46
4609,1,0,1,0,0.0
4610,0,0,0,0,0.0
4611,1,0,1,0,87.56
4612,0,1,1,0,120.21
4613,1,1,1,0,125.52
4614,1,0,0,0,169.79
4615,0,0,1,0,0.0
4616,0,0,0,0,57.65
4617,0,0,1,0,56.7
4618,0,0,1,0,40.39
4619,0,0,1,0,79.9
4620,1,0,1,0,7.52
4621,0,0,0,0,68.53
4622,0,0,1,0,10.42
4623,0,1,1,1,63.52
4624,1,1,1,0,101.49
4625,1,0,1,0,0.0
4626,1,0,1,0,27.12
4627,1,0,1,0,172.17
4628,0,0,0,0,35.15
4629,1,0,1,0,43.11
4630,0,0,0,0,91.23
4631,0,1,0,0,83.6
4632,0,0,0,1,66.29
4633,1,0,1,0,101.8
4634,0,1,1,1,70.88
4635,0,1,1,0,0.0
4636,1,0,0,0,106.92
4637,1,0,1,0,128.92
4638,1,1,1,0,170.74
4639,0,0,0,0,0.0
4640,0,1,1,0,41.31
4641,0,0,1,0,104.28
4642,0,0,1,1,97.81
4643,0,0,0,0,107.07
4644,1,0,0,0,89.84
4645,0,1,0,0,237.96
4646,0,0,0,0,26.62
4647,0,1,0,0,98.01
4648,0,1,1,0,114.14
4649,0,0,1,0,24.75
4650,1,1,1,1,3.31
4651,0,0,0,0,117.51
4652,1,0,0,0,152.86
4653,1,0,1,0,76.04
4654,1,0,1,0,31.52
4655,0,0,0,0,54.63
4656,0,0,0,0,36.85
4657,0,0,0,0,62.7
4658,1,1,1,1,204.76
4659,0,0,0,0,0.0
4660,0,0,1,0,176.33
4661,1,0,1,0,77.25
4662,1,0,1,0,108.77
4663,0,0,0,0,120.72
4664,0,0,1,0,89.05
4665,0,1,0,0,105.62
4666,1,0,0,0,41.76
4667,0,0,0,0,28.12
4668,0,0,0,0,30.58
4669,1,0,1,0,66.85
4670,1,0,1,0,9.71
4671,0,0,0,0,0.0
4672,0,0,0,0,64.41
4673,0,0,0,0,19.39
4674,0,0,0,0,67.6
4675,0,0,0,0,82.36
4676,1,1,0,0,0.0
4677,1,0,0,0,99.5
4678,1,0,1,0,49.99
4679,0,0,0,0,79.25
4680,1,0,1,0,144.05
4681,1,1,1,0,135.63
4682,0,0,0,0,139.61
4683,1,1,1,0,210.27
4684,0,0,1,0,136.59
4685,0,0,1,0,130.32
4686,0,0,0,0,0.0
4687,1,0,1,0,12.81
4688,1,0,1,0,87.8
4689,0,0,1,1,16.46
4690,1,0,1,1,15.73
4691,0,1,1,0,157.53
4692,0,0,1,0,102.47
4693,1,0,0,0,76.21
4694,0,0,1,0,93.3
4695,0,0,1,0,37.86
4696,0,1,0,0,177.66
4697,1,0,1,0,109.67
4698,1,0,0,0,208.83
4699,1,0,1,0,5.96
4700,0,0,0,0,131.76
4701,0,0,0,0,45.62
4702,1,0,0,0,96.59
4703,0,1,0,0,30.41
4704,1,1,1,0,123.52
4705,0,0,0,0,84.58
4706,0,1,0,0,104.4
4707,1,0,1,0,56.32
4708,1,1,1,0,46.66
4709,0,1,1,0,89.15
4710,0,0,1,0,98.87
4711,0,0,0,0,56.07
4712,1,0,1,0,73.1
4713,0,0,0,0,88.62
4714,0,0,0,0,66.93
4715,0,0,0,0,129.03
4716,0,0,0,0,112.59
4717,0,0,0,1,132.43
4718,0,0,0,0,0.0
4719,0,1,0,0,0.0
4720,0,0,0,0,82.05
4721,0,0,1,0,30.48
4722,1,0,1,0,125.59
4723,1,0,0,0,154.11
4724,1,1,1,0,178.05
4725,0,1,1,0,158.78
4726,1,1,1,0,73.61
4727,0,1,1,0,65.56
4728,0,1,0,0,67.4
4729,0,0,0,0,0.0
4730,1,0,0,1,0.0
4731,0,0,0,0,110.8
4732,1,0,0,0,48.85
4733,0,0,0,0,1.69
4734,0,0,0,0,19.36
4735,0,0,0,0,161.14
4736,1,0,0,0,175.64
4737,1,1,0,0,99.21
4738,0,1,1,0,145.04
4739,1,0,1,1,63.29
4740,1,0,1,0,58.42
4741,1,0,0,0,10.41
4742,0,0,0,0,151.77
4743,0,0,0,0,0.21
4744,0,0,1,0,92.1
4745,1,0,1,0,297.38
4746,0,0,0,0,27.45
4747,1,0,1,0,64.7
4748,1,0,0,1,37.06
4749,0,1,1,0,163.57
4750,0,0,1,1,72.86
4751,0,1,0,0,39.47
4752,0,0,0,1,96.76
4753,0,0,0,0,0.0
4754,0,0,0,1,108.9
4755,0,0,0,1,70.93
4756,0,0,0,0,60.11
4757,0,0,0,0,1.64
4758,1,0,1,0,0.0
4759,1,1,1,0,9.21
4760,0,0,1,0,39.75
4761,1,0,1,0,56.13
4762,0,0,0,0,71.23
4763,1,0,0,0,68.09
4764,1,1,1,0,70.37
4765,0,0,0,0,76.01
4766,1,0,1,0,25.75
4767,0,0,0,0,93.3
4768,1,0,1,0,29.1
4769,0,0,0,0,0.0
4770,1,0,1,1,0.0
4771,0,0,0,0,34.05
4772,1,0,1,0,44.6
4773,1,1,1,0,93.72
4774,0,0,0,0,65.18
4775,0,0,0,0,48.14
4776,0,1,0,0,101.78
4777,1,0,1,0,72.28
4778,0,0,0,0,18.45
4779,0,0,0,0,102.81
4780,1,0,1,0,6.85
4781,0,0,0,0,98.07
4782,1,0,1,0,218.69
4783,0,0,0,0,0.0
4784,0,1,1,0,42.73
4785,1,0,0,0,43.91
4786,1,0,1,0,54.27
4787,0,0,1,1,69.28
4788,0,0,0,1,78.29
4789,1,1,1,0,137.97
4790,0,0,0,0,0.0
4791,0,0,0,0,38.37
4792,1,0,0,0,0.0
4793,0,0,0,1,114.2
4794,0,0,0,0,15.83
4795,0,0,0,0,56.07
4796,1,0,0,0,0.0
4797,0,0,0,0,72.33
4798,1,0,1,0,145.62
4799,1,0,0,0,18.89
4800,0,0,0,0,78.3
4801,1,1,1,1,0.0
4802,1,0,1,0,111.43
4803,1,0,1,0,27.4
4804,0,1,1,0,122.85
4805,1,0,0,0,64.05
4806,0,0,1,0,161.78
4807,1,0,1,0,73.03
4808,0,0,1,0,54.04
4809,0,0,0,0,68.51
4810,0,0,0,0,19.14
4811,0,1,1,0,0.0
4812,0,0,0,0,107.33
4813,0,1,0,0,58.15
4814,0,0,0,0,0.0
4815,0,0,0,1,92.54
4816,1,0,0,0,54.2
4817,1,0,1,0,131.16
4818,0,0,1,0,59.34
4819,1,0,0,0,25.87
4820,0,0,0,0,51.75
4821,0,0,0,1,13.19
4822,0,0,0,0,49.14
4823,1,0,1,0,24.96
4824,0,0,0,0,59.28
4825,0,0,1,0,198.65
4826,0,0,0,0,64.47
4827,0,0,1,0,192.47
4828,1,0,0,0,28.88
4829,0,0,0,0,33.98
4830,0,0,0,0,39.18
4831,0,0,0,0,113.17
4832,0,0,1,0,72.22
4833,0,0,0,0,102.19
4834,0,0,0,0,37.59
4835,0,1,1,0,37.28
4836,0,0,0,0,80.01
4837,0,0,0,0,68.79
4838,1,0,0,1,65.8
4839,0,0,1,0,119.71
4840,0,0,0,0,46.42
4841,0,0,0,0,119.25
4842,0,1,1,1,105.03
4843,0,0,0,0,2.7
4844,1,1,1,0,109.1
4845,1,0,0,0,121.19
4846,1,0,1,0,20.28
4847,0,0,0,0,67.68
4848,0,0,0,0,100.82
4849,0,1,1,0,59.73
4850,0,1,0,0,138.86
4851,0,0,0,0,104.32
4852,0,1,1,0,56.27
4853,0,0,0,0,0.0
4854,1,0,0,0,84.73
4855,0,1,1,0,100.3
4856,0,0,0,0,57.2
4857,0,0,0,0,63.8
4858,0,0,0,0,113.54
4859,0,0,1,0,114.97
4860,0,0,1,0,77.89
4861,0,0,1,0,90.99
4862,0,0,0,0,133.77
4863,0,0,0,0,64.89
4864,0,0,1,0,130.95
4865,0,0,0,0,94.54
4866,1,0,0,0,60.99
4867,0,0,0,0,67.91
4868,0,0,0,0,123.71
4869,0,0,0,0,0.0
4870,0,0,1,0,104.79
4871,1,1,0,0,0.0
4872,0,0,0,0,54.18
4873,0,1,0,0,89.01
4874,0,0,0,0,84.08
4875,0,1,1,0,100.13
4876,0,0,0,0,29.91
4877,1,0,0,0,0.0
4878,0,0,0,1,35.37
4879,0,0,0,0,38.64
4880,0,1,1,0,141.67
4881,1,0,1,0,115.33
4882,0,0,0,0,0.0
4883,0,0,0,0,28.23
4884,1,0,1,0,50.47
4885,1,0,1,0,5.89
4886,0,0,0,0,140.33
4887,0,0,0,0,23.54
4888,0,0,0,0,176.05
4889,0,0,0,0,0.0
4890,0,1,0,0,110.46
4891,0,0,0,0,118.72
4892,0,0,1,0,0.0
4893,0,0,0,0,49.2
4894,0,0,0,0,25.87
4895,0,1,1,0,23.03
4896,1,1,0,0,119.8
4897,1,1,1,1,148.88
4898,1,0,1,0,0.0
4899,0,0,1,0,43.57
4900,1,0,0,0,103.16
4901,0,0,0,0,74.42
4902,0,0,1,0,0.0
4903,0,0,0,0,79.55
4904,1,0,1,0,0.0
4905,0,0,1,1,0.63
4906,0,0,0,0,109.92
4907,0,0,0,0,70.3
4908,0,0,1,0,29.27
4909,0,0,0,0,0.0
4910,0,0,1,0,69.86
4911,1,0,0,0,44.62
4912,0,0,1,0,62.99
4913,1,0,1,1,5.16
4914,1,1,0,0,128.0
4915,0,1,1,0,95.28
4916,0,0,1,0,118.7
4917,0,1,0,0,108.6
4918,0,0,0,0,62.14
4919,0,0,1,0,156.94
4920,0,1,0,0,0.63
4921,0,1,0,0,106.57
4922,1,0,0,0,70.64
4923,1,0,0,0,47.05
4924,0,0,0,0,14.35
4925,0,0,1,0,0.0
4926,0,0,1,0,68.33
4927,0,0,1,0,0.0
4928,0,1,1,0,110.05
4929,0,0,1,0,0.0
4930,0,0,0,0,108.4
4931,0,0,0,0,40.83
4932,0,0,1,0,140.78
4933,0,0,0,0,60.24
4934,1,0,1,0,78.24
4935,1,0,1,0,50.45
4936,0,0,0,0,40.1
4937,1,0,0,0,169.53
4938,0,0,0,0,0.0
4939,1,0,1,0,7.18
4940,0,0,1,0,118.04
4941,0,0,1,0,50.66
4942,1,0,0,0,0.0
4943,0,1,1,0,0.42
4944,0,0,0,0,31.39
4945,0,0,1,0,3.73
4946,1,0,1,0,60.89
4947,0,1,0,1,71.85
4948,0,0,0,0,0.0
4949,1,0,1,0,191.62
4950,1,1,0,0,89.03
4951,1,0,1,0,112.26
4952,0,0,0,0,30.29
4953,0,0,0,0,94.55
4954,0,1,1,0,77.26
4955,1,1,1,0,167.56
4956,0,0,1,0,57.46
4957,1,0,0,1,50.72
4958,1,0,0,0,46.88
4959,1,0,1,0,0.0
4960,1,0,1,0,0.0
4961,1,0,0,0,22.71
4962,0,0,0,0,77.34
4963,0,1,1,0,227.91
4964,1,0,0,0,0.0
4965,1,0,1,0,48.62
4966,1,1,1,0,64.02
4967,0,0,0,0,54.3
4968,1,0,1,0,0.0
4969,0,0,0,0,65.64
4970,1,0,1,0,174.25
4971,0,0,0,0,62.16
4972,0,0,0,0,30.79
4973,1,0,1,0,80.11
4974,0,1,0,0,48.1
4975,0,0,0,0,76.67
4976,1,1,1,0,0.0
4977,0,1,0,0,98.44
4978,0,0,0,0,89.48
4979,0,0,0,0,114.3
4980,1,1,1,1,163.06
4981,1,0,0,0,96.15
4982,0,0,0,0,22.08
4983,1,0,1,0,0.0
4984,1,1,0,1,130.79
4985,1,0,1,0,36.89
4986,0,0,1,0,0.0
4987,1,0,0,0,2.22
4988,1,0,1,1,138.05
4989,1,0,0,0,63.95
4990,1,0,0,0,0.0
4991,0,0,0,0,36.38
4992,0,0,0,0,0.0
4993,0,0,0,0,63.05
4994,0,0,1,0,37.39
4995,0,0,1,0,93.3
4996,1,0,0,0,0.0
4997,1,0,0,0,114.6
4998,0,0,0,0,48.09
4999,0,0,0,0,9.69
5000,0,0,0,0,104.4
5001,0,0,0,0,51.73
5002,0,0,0,1,62.53
5003,1,0,1,0,99.16
5004,0,0,0,0,30.13
5005,1,0,0,0,4.66
5006,0,0,0,0,0.0
5007,0,0,1,0,93.04
5008,0,0,0,0,25.11
5009,1,0,1,0,90.67
5010,1,1,1,0,90.35
5011,0,0,0,0,83.97
5012,0,1,0,0,0.0
5013,1,1,1,0,86.29
5014,0,0,0,0,10.54
5015,1,1,1,0,87.04
5016,0,0,1,0,8.07
5017,0,0,0,0,137.59
5018,1,0,1,0,140.45
5019,1,0,1,0,146.03
5020,0,0,0,0,184.38
5021,0,0,0,1,110.52
5022,0,0,0,0,33.51
5023,0,0,0,0,84.19
5024,1,1,1,0,83.1
5025,0,0,0,1,154.94
5026,0,0,1,0,0.0
5027,1,1,1,0,191.21
5028,0,1,0,0,88.95
5029,1,0,1,0,144.32
5030,0,1,0,0,49.23
5031,0,1,0,0,156.5
5032,1,0,0,0,56.31
5033,1,0,1,0,78.96
5034,0,1,0,0,40.63
5035,1,0,1,0,73.25
5036,1,0,1,0,111.56
5037,0,0,0,0,0.0
5038,1,0,0,0,126.96
5039,1,0,0,0,82.45
5040,1,0,1,0,30.51
5041,1,0,1,1,22.61
5042,0,1,0,0,98.61
5043,1,0,1,0,7.91
5044,0,0,1,0,103.44
5045,1,0,1,0,31.12
5046,0,0,0,0,6.88
5047,1,0,1,0,0.0
5048,1,1,1,0,46.76
5049,0,0,0,1,20.49
5050,1,0,1,0,209.51
5051,0,0,0,0,119.58
5052,0,0,0,0,0.0
5053,0,0,0,0,72.65
5054,0,0,0,0,100.31
5055,0,0,1,0,53.68
5056,1,1,1,0,95.79
5057,0,0,0,0,101.02
5058,1,0,1,0,52.23
5059,0,1,0,0,70.95
5060,1,1,0,0,0.0
5061,0,0,0,0,8.53
5062,0,0,1,0,17.76
5063,0,0,1,0,71.02
5064,1,1,1,1,110.84
5065,0,1,0,0,103.17
5066,1,0,0,0,72.57
5067,1,0,0,0,138.49
5068,0,0,0,0,0.0
5069,0,0,0,0,9.8
5070,1,0,0,0,58.06
5071,0,0,1,0,11.89
5072,0,0,0,0,0.0
5073,0,0,1,1,82.87
5074,0,0,0,0,68.85
5075,1,0,1,1,22.29
5076,1,0,0,0,66.33
5077,1,0,1,0,80.39
5078,0,0,0,0,79.1
5079,1,0,1,0,48.96
5080,1,0,0,0,16.33
5081,0,0,0,0,116.02
5082,1,0,1,0,148.47
5083,0,0,0,1,34.0
5084,1,1,0,0,8.4
5085,0,0,0,0,76.1
5086,1,0,1,0,0.0
5087,1,0,0,0,14.18
5088,1,1,1,0,223.65
5089,0,0,0,0,71.02
5090,1,0,1,0,69.42
5091,0,0,0,0,15.33
5092,0,0,0,0,157.43
5093,1,1,1,0,79.12
5094,0,0,1,1,0.0
5095,0,0,1,0,129.59
5096,0,1,0,0,57.17
5097,0,0,1,0,148.26
5098,1,0,0,0,56.84
5099,0,0,0,0,30.72
5100,0,0,0,0,70.62
5101,1,0,0,1,37.28
5102,0,0,0,0,34.61
5103,1,1,1,0,170.61
5104,0,1,0,0,0.0
5105,0,0,0,0,97.45
5106,1,0,1,0,0.0
5107,0,0,0,0,0.0
5108,0,0,0,0,81.34
5109,0,0,0,0,0.0
5110,1,0,0,0,23.27
5111,0,0,0,0,37.57
5112,0,0,0,0,47.21
5113,1,0,1,0,180.51
5114,0,0,0,0,37.46
5115,1,1,1,0,53.21
5116,0,0,0,0,0.0
5117,1,1,1,0,83.03
5118,0,1,1,0,26.44
5119,1,1,1,0,137.1
5120,1,0,1,0,261.94
5121,0,0,1,0,0.0
5122,0,0,1,1,39.79
5123,1,1,1,0,223.19
5124,0,0,0,0,48.47
5125,0,0,0,0,144.6
5126,0,0,1,0,73.68
5127,0,0,0,0,94.73
5128,0,1,1,0,15.47
5129,0,0,1,0,38.93
5130,0,1,1,1,112.42
5131,0,0,1,0,111.49
5132,0,0,0,0,126.88
5133,0,0,1,0,137.33
5134,0,0,0,0,138.16
5135,1,1,0,0,107.82
5136,0,1,0,0,96.98
5137,1,0,1,0,0.0
5138,0,0,0,0,95.79
5139,1,0,0,0,49.51
5140,1,0,1,0,191.3
5141,1,0,0,0,103.89
5142,1,0,0,1,185.75
5143,0,0,0,0,0.0
5144,1,1,1,1,21.79
5145,0,0,1,0,62.3
5146,1,0,1,0,77.8
5147,0,0,0,0,2.04
5148,1,1,0,0,16.46
5149,0,0,0,0,48.04
5150,0,0,0,0,68.64
5151,0,0,0,0,91.83
5152,0,0,0,0,60.86
5153,1,0,1,1,205.76
5154,1,0,1,0,157.27
5155,0,0,0,0,76.08
5156,0,0,0,1,101.59
5157,1,1,1,0,113.82
5158,0,0,0,0,0.0
5159,0,0,0,0,0.0
5160,0,0,1,0,184.9
5161,1,0,1,0,1.69
5162,0,0,0,0,80.07
5163,1,1,0,1,97.0
5164,0,0,1,0,27.45
5165,0,0,0,0,127.22
5166,0,0,0,0,29.89
5167,0,0,0,0,61.09
5168,0,1,1,0,109.01
5169,0,0,0,1,104.81
5170,1,0,0,0,144.58
5171,0,0,1,0,12.43
5172,0,0,0,0,3.26
5173,0,1,0,0,0.0
5174,0,0,0,1,77.98
5175,1,0,1,0,0.0
5176,1,0,0,0,98.36
5177,1,1,1,0,54.11
5178,0,0,0,0,94.63
5179,0,0,0,0,100.78
5180,0,0,1,0,3.15
5181,0,0,0,1,62.81
5182,1,0,0,0,63.59
5183,0,0,1,0,20.92
5184,0,0,0,0,125.68
5185,1,0,1,0,0.0
5186,0,0,1,0,114.89
5187,1,0,0,0,0.0
5188,1,1,1,0,95.83
5189,0,0,0,1,89.22
5190,1,0,0,0,93.97
5191,0,0,0,0,0.0
5192,1,0,1,0,88.59
5193,0,0,0,0,91.61
5194,0,1,1,1,149.16
5195,0,0,0,0,40.16
5196,1,0,0,0,103.97
5197,1,0,1,0,41.5
5198,0,0,0,0,14.72
5199,0,0,0,0,133.77
5200,0,0,0,0,116.05
5201,0,0,1,0,1.45
5202,0,0,1,0,20.05
5203,0,0,1,0,153.56
5204,0,0,0,0,157.29
5205,1,1,1,0,53.56
5206,0,0,0,0,15.47
5207,1,1,1,0,109.56
5208,1,1,1,0,67.92
5209,0,0,0,0,5.47
5210,0,1,1,1,103.37
5211,0,0,0,0,68.91
5212,1,0,0,0,0.0
5213,0,0,1,0,42.99
5214,0,0,0,0,31.24
5215,0,1,0,0,99.06
5216,0,1,1,0,65.79
5217,0,0,1,0,77.44
5218,0,0,0,0,55.17
5219,0,0,0,0,3.96
5220,0,0,1,0,12.35
5221,1,1,1,0,122.73
5222,0,0,1,0,0.0
5223,0,0,0,0,2.66
5224,0,0,0,1,58.5
5225,0,0,0,0,19.33
5226,1,0,0,0,27.43
5227,0,1,0,0,116.92
5228,0,0,1,0,76.33
5229,0,0,0,1,108.83
5230,0,0,0,0,27.98
5231,1,0,1,0,30.36
5232,1,0,1,0,6.12
5233,0,0,0,1,0.0
5234,0,0,1,0,95.4
5235,1,0,1,0,31.45
5236,1,1,1,0,109.38
5237,1,0,0,0,0.0
5238,1,0,1,0,192.63
5239,0,1,0,1,41.15
5240,0,0,0,0,103.4
5241,0,0,0,0,33.7
5242,0,0,0,0,84.89
5243,0,0,0,0,0.54
5244,1,1,1,0,56.81
5245,0,0,0,0,95.24
5246,0,0,1,0,16.9
5247,0,0,0,0,8.95
5248,1,1,1,0,0.0
5249,1,0,0,0,0.0
5250,0,1,1,0,87.03
5251,1,0,0,1,11.03
5252,1,0,1,0,69.6
5253,0,1,0,0,174.61
5254,0,0,1,0,52.64
5255,1,0,1,0,140.98
5256,0,0,1,0,168.04
5257,1,0,0,0,176.66
5258,1,0,0,0,45.01
5259,0,0,1,1,11.04
5260,0,0,1,0,73.5
5261,0,1,1,0,170.03
5262,1,0,1,0,23.03
5263,0,1,1,0,87.28
5264,1,0,0,0,107.33
5265,0,0,0,0,0.0
5266,0,0,0,0,51.51
5267,1,1,1,0,174.12
5268,1,0,1,0,102.15
5269,0,0,1,1,253.11
5270,0,0,0,1,38.95
5271,0,1,0,0,0.0
5272,0,0,1,0,97.97
5273,0,0,1,0,0.0
5274,0,0,1,1,99.07
5275,0,0,1,0,115.72
5276,0,0,1,0,0.0
5277,1,1,0,1,87.79
5278,0,1,1,0,0.0
5279,1,0,0,0,34.43
5280,0,1,0,0,136.74
5281,0,0,1,0,133.22
5282,0,1,0,0,189.0
5283,0,0,1,0,31.92
5284,0,0,0,0,12.6
5285,0,0,1,0,0.0
5286,0,0,1,0,0.0
5287,0,0,0,0,79.47
5288,0,0,1,0,111.34
5289,0,1,1,0,3.04
5290,1,0,1,0,150.88
5291,0,0,0,0,106.16
5292,0,0,0,0,104.71
5293,0,0,0,0,36.36
5294,0,0,0,1,84.36
5295,1,1,0,0,8.17
5296,1,0,0,0,59.62
5297,0,1,0,0,20.64
5298,1,0,0,0,103.88
5299,0,0,1,0,0.0
5300,1,1,0,0,210.04
5301,1,0,1,0,80.56
5302,0,0,0,0,18.13
5303,1,1,1,0,9.37
5304,0,0,0,0,114.41
5305,0,1,0,0,57.11
5306,0,0,1,0,178.48
5307,0,0,0,0,86.84
5308,0,0,0,0,0.0
5309,0,0,1,0,62.68
5310,0,0,0,0,36.17
5311,1,0,0,0,0.0
5312,1,0,1,0,105.68
5313,0,0,1,0,150.76
5314,0,0,0,0,60.06
5315,0,0,1,0,56.24
5316,1,0,1,0,101.47
5317,0,0,0,0,161.27
5318,0,0,0,0,87.28
5319,0,0,0,0,110.95
5320,0,0,1,0,108.4
5321,0,0,0,0,33.25
5322,1,0,0,0,84.35
5323,0,0,0,1,83.74
5324,0,0,0,0,0.0
5325,0,1,0,0,32.89
5326,1,0,0,0,122.32
5327,0,0,0,0,0.0
5328,0,0,0,0,14.99
5329,0,0,0,0,122.01
5330,0,0,1,0,0.0
5331,0,0,0,0,0.0
5332,1,0,0,0,0.0
5333,0,0,1,0,29.42
5334,0,1,0,1,152.14
5335,1,0,1,0,0.0
5336,0,0,1,0,52.7
5337,1,0,0,0,56.44
5338,0,0,0,0,86.22
5339,0,0,1,0,27.76
5340,0,0,1,0,24.4
5341,0,0,0,0,121.98
5342,0,1,1,0,220.72
5343,0,0,0,1,49.39
5344,0,0,0,1,90.23
5345,0,0,0,0,44.86
5346,0,0,0,0,99.22
5347,0,0,0,0,94.46
5348,0,0,1,0,69.42
5349,0,1,1,0,0.71
5350,0,0,1,0,0.0
5351,0,0,1,0,65.84
5352,1,0,1,1,0.0
5353,1,0,1,0,146.86
5354,1,1,1,0,57.13
5355,0,0,1,0,0.0
5356,0,1,1,0,78.9
5357,0,0,0,0,147.03
5358,0,0,1,0,43.33
5359,0,0,0,0,84.97
5360,0,1,0,0,81.06
5361,1,1,1,0,36.01
5362,0,0,1,0,38.59
5363,0,0,0,0,0.0
5364,0,0,0,0,85.15
5365,1,0,0,0,73.14
5366,1,0,1,0,116.6
5367,0,1,1,0,42.26
5368,0,0,0,0,0.0
5369,0,0,0,0,85.19
5370,0,0,0,0,149.33
5371,0,0,0,0,0.0
5372,1,0,1,0,194.81
5373,0,0,0,0,128.03
5374,0,0,0,0,109.55
5375,1,1,1,0,22.23
5376,0,0,1,0,60.94
5377,1,0,0,0,100.67
5378,1,0,1,0,0.0
5379,1,0,1,0,0.0
5380,0,0,0,0,23.02
5381,0,0,0,1,102.35
5382,1,0,0,1,118.11
5383,1,1,1,0,67.03
5384,0,1,0,0,79.6
5385,1,0,0,0,39.53
5386,1,1,1,0,107.34
5387,0,0,0,0,86.94
5388,0,1,0,0,125.03
5389,0,0,0,0,71.36
5390,0,0,0,0,140.97
5391,1,0,0,0,88.1
5392,1,0,1,0,114.25
5393,1,0,1,0,26.26
5394,0,0,1,0,0.0
5395,1,1,1,0,0.0
5396,0,1,1,0,178.03
5397,1,0,0,0,47.72
5398,1,0,0,0,5.04
5399,0,0,1,0,7.92
5400,0,0,0,1,61.68
5401,1,1,1,0,171.93
5402,0,0,1,0,0.0
5403,0,0,1,0,18.44
5404,0,1,0,0,11.94
5405,1,0,1,0,84.33
5406,1,1,1,0,106.34
5407,0,0,0,0,51.03
5408,1,0,1,0,48.71
5409,1,0,1,0,139.78
5410,1,0,1,0,22.63
5411,1,1,1,0,96.78
5412,1,1,1,0,0.0
5413,0,0,0,1,21.02
5414,0,0,0,0,13.41
5415,0,0,0,0,0.0
5416,1,0,0,0,81.82
5417,1,0,1,0,9.81
5418,0,0,0,0,0.0
5419,1,0,0,0,113.44
5420,1,0,1,0,0.0
5421,0,0,0,0,102.81
5422,0,0,1,0,62.58
5423,0,1,1,0,107.67
5424,1,0,0,0,87.6
5425,0,1,1,0,107.22
5426,0,0,0,0,126.15
5427,0,0,0,0,34.06
5428,0,0,0,0,59.98
5429,1,1,1,0,0.0
5430,0,0,0,0,72.28
5431,1,0,0,0,126.43
5432,0,1,1,0,78.21
5433,0,1,0,0,113.74
5434,0,0,1,0,116.32
5435,0,0,1,0,47.31
5436,0,0,0,0,54.7
5437,0,0,0,0,0.78
5438,1,1,1,0,126.49
5439,1,0,0,0,0.0
5440,0,0,0,0,155.89
5441,1,0,1,0,71.24
5442,0,0,0,0,15.58
5443,0,1,0,0,44.95
5444,0,0,1,0,0.0
5445,1,0,0,0,127.92
5446,0,0,0,0,29.85
5447,0,0,0,0,0.0
5448,0,0,0,0,34.86
5449,1,0,1,0,45.28
5450,1,1,1,0,26.06
5451,1,0,0,0,29.91
5452,0,0,1,1,179.37
5453,1,0,0,0,104.53
5454,0,1,1,0,107.85
5455,0,0,0,0,82.95
5456,0,0,0,0,54.21
5457,1,0,0,1,115.57
5458,0,0,0,0,20.87
5459,1,1,1,0,180.49
5460,1,0,1,0,0.0
5461,1,0,1,0,198.6
5462,0,0,0,0,40.71
5463,1,1,0,0,19.52
5464,0,0,0,0,77.92
5465,0,1,1,0,123.14
5466,1,0,1,0,141.04
5467,0,0,1,0,21.03
5468,0,0,0,0,0.0
5469,1,0,1,1,166.04
5470,1,1,1,0,0.0
5471,0,0,0,0,102.03
5472,1,0,0,0,78.85
5473,0,0,0,0,51.29
5474,1,0,1,0,30.58
5475,0,0,0,0,47.21
5476,1,0,1,0,73.46
5477,0,0,1,0,24.76
5478,0,0,0,0,124.2
5479,0,0,1,0,0.0
5480,0,0,1,0,52.29
5481,1,1,1,0,122.62
5482,1,0,1,0,65.02
5483,0,0,0,0,56.96
5484,0,0,0,0,53.34
5485,1,0,1,0,74.58
5486,1,0,1,0,113.87
5487,0,0,1,0,0.0
5488,0,0,0,0,100.29
5489,1,0,1,1,0.0
5490,0,0,0,0,107.07
5491,0,1,0,0,54.11
5492,1,0,0,0,0.0
5493,1,1,0,0,99.64
5494,0,0,0,0,0.0
5495,1,0,1,0,124.99
5496,0,1,0,0,85.5
5497,0,0,0,0,19.87
5498,0,0,0,0,22.16
5499,1,0,1,0,45.21
5500,1,1,1,0,0.0
5501,0,0,1,0,147.37
5502,0,0,0,0,176.01
5503,0,1,1,0,75.09
5504,1,0,0,0,25.36
5505,1,0,1,0,0.0
5506,0,0,0,0,67.11
5507,1,0,0,1,108.13
5508,0,0,0,0,0.0
5509,1,0,0,0,0.0
5510,0,0,0,0,129.86
5511,1,0,1,1,0.0
5512,0,0,0,0,0.0
5513,0,1,0,0,104.09
5514,0,0,0,0,0.0
5515,1,0,0,0,114.28
5516,1,1,0,0,86.35
5517,0,0,1,0,18.84
5518,1,1,1,1,87.14
5519,0,0,0,0,27.63
5520,0,0,0,0,132.06
5521,0,0,1,1,86.24
5522,1,0,0,0,6.54
5523,1,0,0,0,115.59
5524,0,0,0,0,24.49
5525,0,0,1,1,26.15
5526,0,0,0,0,42.9
5527,0,0,0,0,182.31
5528,0,0,1,0,97.21
5529,0,1,0,0,79.52
5530,0,1,0,0,86.45
5531,1,0,0,0,83.87
5532,0,0,1,0,0.0
5533,0,0,0,0,0.0
5534,0,0,0,0,79.53
5535,1,1,1,0,100.33
5536,1,0,0,0,69.04
5537,0,1,0,0,76.4
5538,0,0,1,0,118.17
5539,0,1,0,0,206.02
5540,0,0,0,0,139.12
5541,1,1,0,0,147.93
5542,0,0,1,0,86.15
5543,0,0,0,0,103.43
5544,0,0,0,1,98.2
5545,1,0,0,0,115.04
5546,0,0,1,0,0.0
5547,0,1,1,0,0.0
5548,0,0,0,0,0.0
5549,1,0,1,0,109.46
5550,0,0,1,0,129.38
5551,0,0,1,0,62.53
5552,1,0,0,1,6.43
5553,0,0,0,0,66.84
5554,0,0,0,0,89.14
5555,0,1,0,0,0.0
5556,0,1,0,0,65.63
5557,0,0,0,0,74.25
5558,0,0,0,1,74.95
5559,0,0,0,1,0.0
5560,0,0,0,0,142.96
5561,0,0,0,1,0.0
5562,0,0,0,0,34.47
5563,1,1,1,0,2.34
5564,0,0,1,0,56.47
5565,0,0,0,0,83.39
5566,1,0,1,0,78.65
5567,0,0,0,0,0.0
5568,0,0,0,0,0.0
5569,0,0,0,0,114.76
5570,0,1,1,0,46.29
5571,0,0,0,0,60.58
5572,0,0,1,0,0.0
5573,1,0,1,0,62.67
5574,0,0,1,0,30.33
5575,1,1,1,0,179.09
5576,0,0,1,1,150.85
5577,0,0,1,0,124.2
5578,0,1,0,0,133.6
5579,1,0,1,0,61.87
5580,1,0,0,0,131.16
5581,1,1,1,1,223.73
5582,0,0,1,0,0.0
5583,0,0,1,0,148.47
5584,1,0,0,0,106.79
5585,1,0,0,0,103.83
5586,1,0,1,0,0.0
5587,1,0,1,0,127.0
5588,0,1,0,0,0.0
5589,0,0,0,0,142.23
5590,1,1,1,0,0.0
5591,0,0,0,0,48.92
5592,0,0,0,0,0.0
5593,1,0,1,0,29.91
5594,0,0,1,0,97.28
5595,0,1,1,0,71.66
5596,0,0,0,0,40.43
5597,1,1,1,0,98.03
5598,1,0,0,0,0.0
5599,1,0,0,0,0.0
5600,0,0,1,0,0.0
5601,0,0,0,0,212.29
5602,1,0,0,0,38.62
5603,1,0,1,0,32.77
5604,0,1,0,1,0.0
5605,0,1,1,0,13.23
5606,1,0,1,0,214.28
5607,0,0,0,0,61.43
5608,1,0,0,1,181.51
5609,1,0,0,0,6.06
5610,1,0,0,0,18.28
5611,1,0,0,0,144.35
5612,0,1,1,0,0.0
5613,0,0,0,0,55.86
5614,1,0,0,0,90.27
5615,1,0,1,0,59.66
5616,0,0,0,0,17.59
5617,0,0,0,0,120.81
5618,0,0,1,1,117.5
5619,0,0,0,0,60.6
5620,0,0,0,1,122.55
5621,0,0,0,0,89.2
5622,0,0,0,0,23.3
5623,0,1,0,1,204.88
5624,1,0,1,0,121.75
5625,0,0,0,1,158.78
5626,0,1,1,0,42.22
5627,1,1,1,1,46.7
5628,0,0,0,0,104.84
5629,1,0,1,0,0.0
5630,1,0,0,1,4.93
5631,0,0,1,0,88.21
5632,0,0,0,0,0.0
5633,0,0,1,0,131.52
5634,1,0,0,0,42.4
5635,1,1,0,0,134.6
5636,1,0,1,0,53.13
5637,0,0,0,0,68.81
5638,1,1,1,0,151.16
5639,0,1,1,0,152.2
5640,1,0,1,0,170.37
5641,0,0,0,0,88.5
5642,0,0,0,0,106.14
5643,1,0,1,0,19.96
5644,0,0,0,0,60.53
5645,0,0,0,0,142.15
5646,1,1,1,0,99.71
5647,0,0,0,0,0.0
5648,0,0,0,0,49.05
5649,1,0,1,0,53.91
5650,1,1,0,0,70.36
5651,0,0,1,0,12.35
5652,1,0,0,0,4.06
5653,1,0,1,0,81.19
5654,1,0,0,0,118.37
5655,0,1,1,0,66.01
5656,0,0,1,0,27.06
5657,0,0,0,0,78.0
5658,1,1,1,0,14.86
5659,0,0,0,0,82.28
5660,0,0,0,0,112.63
5661,0,0,0,0,63.58
5662,1,0,1,0,113.08
5663,0,0,0,0,0.0
5664,1,0,0,1,127.33
5665,0,0,0,0,119.23
5666,1,0,1,0,122.42
5667,0,0,0,0,9.78
5668,0,0,0,0,57.52
5669,0,0,0,0,14.21
5670,1,1,1,1,47.26
5671,0,0,0,0,19.19
5672,0,0,0,0,43.86
5673,1,0,1,0,79.29
5674,0,0,0,0,62.08
5675,0,0,0,0,101.13
5676,0,0,0,0,147.87
5677,0,0,1,0,80.26
5678,0,0,0,0,72.93
5679,0,0,1,0,119.37
5680,0,0,0,0,6.48
5681,1,0,1,0,16.55
5682,0,1,1,0,3.59
5683,1,0,0,0,77.92
5684,0,0,0,0,25.67
5685,0,1,0,0,93.23
5686,1,0,1,0,61.42
5687,1,0,1,1,110.82
5688,1,0,0,0,69.07
5689,0,1,1,0,70.3
5690,1,0,1,0,44.99
5691,0,0,1,0,9.21
5692,0,0,1,0,80.91
5693,0,0,1,0,63.29
5694,0,0,0,0,77.84
5695,1,0,1,0,44.28
5696,0,0,1,1,87.81
5697,0,0,0,0,16.21
5698,0,0,0,0,35.7
5699,0,0,0,0,84.49
5700,1,0,0,0,0.0
5701,1,0,0,0,4.21
5702,1,1,1,0,20.31
5703,1,0,1,0,123.13
5704,0,0,0,0,0.0
5705,1,0,1,0,165.48
5706,1,1,1,0,15.8
5707,0,1,1,0,180.14
5708,1,0,0,0,73.87
5709,1,0,0,0,0.0
5710,1,0,0,0,76.71
5711,0,1,0,0,82.61
5712,1,0,0,0,108.76
5713,0,1,0,0,0.0
5714,0,0,0,0,165.73
5715,1,0,1,0,31.25
5716,0,0,0,0,99.88
5717,1,0,1,0,63.1
5718,0,0,0,0,92.87
5719,0,0,1,0,23.69
5720,0,0,0,0,0.0
5721,0,0,0,0,241.47
5722,0,0,0,0,6.88
5723,1,0,1,1,0.0
5724,1,0,1,0,0.0
5725,0,0,1,0,91.94
5726,0,0,1,0,0.0
5727,0,0,0,0,75.71
5728,1,0,1,0,55.55
5729,0,0,1,0,79.27
5730,0,0,0,0,147.95
5731,0,0,0,0,0.0
5732,1,0,1,0,168.93
5733,1,0,1,0,62.08
5734,1,1,0,0,26.93
5735,0,0,1,0,0.0
5736,1,0,1,0,126.66
5737,0,0,0,0,45.48
5738,1,0,1,0,71.73
5739,0,0,0,0,56.25
5740,0,1,1,0,36.45
5741,0,0,0,1,82.9
5742,0,0,0,0,0.0
5743,0,0,0,0,80.99
5744,0,0,1,0,65.07
5745,1,0,0,0,11.2
5746,0,0,0,0,121.09
5747,0,0,1,0,23.39
5748,0,1,0,0,99.28
5749,0,0,1,0,0.0
5750,0,0,0,0,56.05
5751,1,0,0,1,110.75
5752,1,0,1,0,2.54
5753,0,0,0,0,68.86
5754,0,0,0,0,62.21
5755,1,1,1,1,118.92
5756,1,0,0,1,14.57
5757,0,0,0,1,50.37
5758,0,0,0,0,24.77
5759,1,0,0,0,38.81
5760,0,0,0,0,0.0
5761,0,0,0,0,0.0
5762,0,0,0,0,99.47
5763,1,0,1,0,0.0
5764,0,0,0,0,93.24
5765,1,0,1,0,111.28
5766,0,1,0,0,184.66
5767,0,0,1,0,0.96
5768,0,0,1,1,108.1
5769,1,0,1,0,43.54
5770,1,0,1,0,51.17
5771,1,0,1,0,0.0
5772,0,0,1,0,47.29
5773,1,0,0,0,43.74
5774,1,0,1,0,0.0
5775,0,1,0,0,112.83
5776,0,0,1,0,105.89
5777,1,1,0,0,42.62
5778,0,0,0,0,98.37
5779,0,0,1,0,0.0
5780,1,0,1,1,83.41
5781,0,0,0,0,37.61
5782,0,0,0,0,72.89
5783,0,0,0,0,54.33
5784,0,1,1,0,125.52
5785,0,1,0,0,115.48
5786,0,0,1,1,88.1
5787,1,0,1,0,153.89
5788,1,0,1,0,123.53
5789,1,0,1,0,89.13
5790,0,1,1,0,119.15
5791,1,0,1,0,51.29
5792,1,0,1,0,79.8
5793,0,0,0,0,0.0
5794,0,0,0,0,48.81
5795,1,1,1,0,153.79
5796,0,0,0,1,22.3
5797,0,0,0,0,112.62
5798,1,0,1,0,50.21
5799,1,1,0,0,80.18
5800,1,0,1,0,171.41
5801,1,0,0,0,69.19
5802,1,0,0,0,0.0
5803,0,0,0,0,60.07
5804,0,0,0,0,3.96
5805,0,0,1,0,0.0
5806,1,1,1,0,102.7
5807,0,0,1,1,36.65
5808,0,0,1,0,94.18
5809,1,1,1,0,147.08
5810,0,0,0,0,6.59
5811,1,0,1,0,64.82
5812,1,0,1,0,82.21
5813,1,0,0,0,7.29
5814,0,0,0,0,102.68
5815,0,0,1,0,159.2
5816,0,0,0,0,46.36
5817,0,0,0,0,67.33
5818,0,1,1,0,57.59
5819,0,0,1,0,66.11
5820,0,0,0,0,0.0
5821,1,0,1,1,44.55
5822,1,1,0,0,41.41
5823,0,1,1,0,39.6
5824,0,0,0,0,0.0
5825,0,0,0,0,82.56
5826,1,0,1,0,97.94
5827,1,0,0,0,0.0
5828,0,0,0,0,131.86
5829,1,1,1,0,45.06
5830,0,0,0,0,171.64
5831,0,1,1,0,87.49
5832,1,0,0,0,128.25
5833,1,1,1,0,150.25
5834,1,0,1,0,17.11
5835,0,1,0,0,158.63
5836,0,0,1,0,98.98
5837,0,0,0,0,0.0
5838,0,0,0,1,62.01
5839,1,0,1,0,148.99
5840,0,0,0,0,0.0
5841,0,0,0,0,26.79
5842,0,0,1,0,57.36
5843,0,0,0,0,40.41
5844,0,1,0,0,20.71
5845,1,1,1,1,133.7
5846,1,0,1,0,54.62
5847,1,0,0,0,2.71
5848,1,0,0,0,44.45
5849,0,0,0,0,19.84
5850,0,1,1,0,39.32
5851,1,0,1,0,71.08
5852,0,0,1,1,102.56
5853,0,0,0,0,32.33
5854,0,0,1,0,86.0
5855,1,1,1,1,41.4
5856,1,1,0,0,24.27
5857,1,0,1,0,20.55
5858,0,0,1,0,89.82
5859,0,1,1,0,0.0
5860,0,0,0,0,0.0
5861,0,0,0,0,50.76
5862,0,0,0,0,0.0
5863,1,0,0,0,144.32
5864,1,0,1,0,121.26
5865,0,0,0,0,75.4
5866,0,0,1,0,61.81
5867,1,0,0,0,52.75
5868,1,0,0,0,143.76
5869,1,1,1,1,107.67
5870,1,0,1,0,59.88
5871,1,0,1,0,46.08
5872,0,0,0,0,173.69
5873,1,0,0,0,101.98
5874,0,0,0,0,0.0
5875,0,0,0,0,36.42
5876,0,0,0,0,13.15
5877,0,0,1,0,0.0
5878,1,0,1,1,74.76
5879,0,0,0,0,113.29
5880,0,0,0,0,4.95
5881,0,0,0,0,141.82
5882,0,0,0,0,136.62
5883,1,0,0,0,102.2
5884,0,0,0,0,99.58
5885,1,0,0,1,176.61
5886,0,1,1,0,61.43
5887,0,0,0,0,0.0
5888,0,0,0,0,80.8
5889,0,0,1,0,126.96
5890,0,0,0,0,160.64
5891,0,0,1,0,118.9
5892,0,0,0,0,190.05
5893,0,0,1,0,55.57
5894,0,1,1,0,20.29
5895,1,0,1,0,125.43
5896,0,0,0,0,44.6
5897,1,0,0,1,61.56
5898,1,0,0,0,87.2
5899,1,0,0,0,54.01
5900,1,0,1,0,36.62
5901,1,1,1,0,40.04
5902,0,0,0,0,17.55
5903,1,1,0,0,78.14
5904,0,0,0,0,94.67
5905,0,0,0,0,69.02
5906,0,1,0,0,112.38
5907,1,0,0,0,98.66
5908,0,1,0,0,28.16
5909,0,0,0,0,2.04
5910,0,1,0,0,92.0
5911,1,0,0,0,97.2
5912,1,0,0,0,89.66
5913,0,1,1,0,113.36
5914,0,0,0,0,133.1
5915,1,0,0,0,68.61
5916,0,0,0,0,20.83
5917,0,0,0,0,7.27
5918,0,0,0,0,0.07
5919,0,0,0,0,65.71
5920,0,0,1,0,14.41
5921,0,0,0,0,81.28
5922,0,0,1,0,103.12
5923,0,0,0,0,47.75
5924,0,0,1,0,140.4
5925,0,0,0,1,0.0
5926,0,0,1,1,224.02
5927,0,0,0,0,69.31
5928,0,1,1,0,145.1
5929,0,0,0,0,71.55
5930,0,0,0,0,167.67
5931,0,0,0,0,0.0
5932,1,0,1,0,60.1
5933,0,0,0,0,0.63
5934,0,0,0,0,19.4
5935,1,0,0,0,18.55
5936,1,1,0,0,128.32
5937,0,0,0,1,83.86
5938,0,1,0,1,116.79
5939,1,0,0,0,55.65
5940,0,0,0,0,8.73
5941,1,0,1,1,73.03
5942,1,0,0,0,38.56
5943,0,0,1,0,124.56
5944,0,0,0,0,78.59
5945,1,1,0,0,0.0
5946,0,0,0,0,97.31
5947,1,0,1,0,111.62
5948,1,0,1,0,0.0
5949,1,1,1,0,103.03
5950,0,0,0,0,0.0
5951,1,1,0,1,30.87
5952,1,0,1,0,87.35
5953,1,1,1,0,179.95
5954,0,1,0,0,0.0
5955,0,0,1,0,53.87
5956,1,1,0,0,156.79
5957,1,0,1,0,40.23
5958,0,0,0,0,116.91
5959,0,1,0,0,153.23
5960,0,0,0,0,0.0
5961,0,0,0,0,38.7
5962,1,1,1,0,190.3
5963,0,0,1,0,119.14
5964,1,1,1,0,0.0
5965,1,1,1,0,64.55
5966,0,0,0,1,0.0
5967,0,0,0,1,7.77
5968,1,0,1,0,128.75
5969,1,1,0,0,0.0
5970,1,0,0,0,70.88
5971,0,0,0,0,58.82
5972,0,0,0,0,110.27
5973,0,0,0,1,84.27
5974,0,0,0,0,0.0
5975,0,0,1,1,127.98
5976,1,1,1,0,16.0
5977,0,0,0,0,102.76
5978,1,0,0,0,0.0
5979,0,0,1,0,0.0
5980,1,0,0,0,85.79
5981,1,1,1,0,125.27
5982,0,0,0,0,89.33
5983,0,1,1,0,110.47
5984,1,1,1,0,163.4
5985,1,0,0,0,149.93
5986,0,0,0,0,56.57
5987,1,1,1,0,39.69
5988,0,0,0,0,49.4
5989,0,0,0,0,6.52
5990,1,1,1,0,96.93
5991,0,0,0,0,95.43
5992,1,0,1,0,76.19
5993,0,1,0,1,67.06
5994,0,0,0,0,31.97
5995,0,0,0,0,70.84
5996,0,0,0,0,0.0
5997,0,0,1,1,87.86
5998,0,0,0,0,67.87
5999,0,0,0,1,49.58
6000,0,0,0,0,60.85
6001,0,1,0,0,115.86
6002,0,0,1,0,0.0
6003,0,0,0,0,132.94
6004,0,0,0,0,28.27
6005,0,0,1,0,45.9
6006,0,0,0,0,0.0
6007,0,0,0,0,0.0
6008,1,0,1,0,17.23
6009,0,0,1,0,50.58
6010,0,0,0,0,60.79
6011,1,0,0,0,156.44
6012,1,0,1,0,38.36
6013,1,0,0,0,147.37
6014,1,0,0,0,48.64
6015,0,0,0,0,97.37
6016,0,1,0,0,34.96
6017,0,0,1,0,42.2
6018,0,0,0,0,146.6
6019,0,0,1,0,93.05
6020,0,0,0,0,50.3
6021,0,0,0,0,101.38
6022,1,0,1,0,55.99
6023,0,1,1,0,116.14
6024,0,1,0,0,61.64
6025,0,0,0,0,52.95
6026,0,1,1,0,67.5
6027,0,0,0,0,96.95
6028,0,0,0,0,64.61
6029,0,0,0,0,95.79
6030,0,0,0,0,7.2
6031,1,0,1,0,34.35
6032,0,0,0,0,126.1
6033,1,0,1,0,141.3
6034,0,1,1,0,61.95
6035,0,0,0,0,20.96
6036,1,0,1,0,112.7
6037,0,0,1,0,47.82
6038,1,1,1,0,67.84
6039,0,0,0,0,131.36
6040,0,0,1,0,120.12
6041,1,1,1,0,81.46
6042,1,0,1,0,106.41
6043,1,0,1,0,0.0
6044,0,0,0,0,0.57
6045,0,0,0,1,15.97
6046,1,0,1,0,151.09
6047,0,0,0,0,47.56
6048,1,0,0,0,85.53
6049,0,0,0,0,12.48
6050,0,0,1,0,204.34
6051,1,0,1,0,90.81
6052,1,0,1,0,142.95
6053,1,0,1,0,36.13
6054,0,1,0,0,47.2
6055,1,0,0,0,57.16
6056,0,1,0,0,3.94
6057,0,1,0,0,0.0
6058,1,1,1,0,128.78
6059,0,0,1,0,0.0
6060,0,0,0,0,20.59
6061,0,1,0,0,85.68
6062,0,0,1,0,0.0
6063,0,0,1,0,96.54
6064,0,0,0,0,162.86
6065,0,0,0,0,84.96
6066,0,0,0,0,38.09
6067,0,0,1,0,9.29
6068,0,0,0,0,55.85
6069,0,0,0,0,51.92
6070,0,0,0,0,58.36
6071,1,1,1,0,119.55
6072,0,1,1,0,158.23
6073,0,0,0,0,103.58
6074,0,0,0,0,40.03
6075,1,0,1,0,25.59
6076,0,0,0,0,142.86
6077,0,0,1,0,136.99
6078,1,1,1,0,14.73
6079,0,1,0,0,108.35
6080,0,0,1,0,54.53
6081,1,0,0,0,47.42
6082,0,0,0,0,21.33
6083,0,0,0,0,0.0
6084,0,0,0,0,96.49
6085,1,0,1,0,35.25
6086,0,0,0,0,101.19
6087,0,0,1,0,28.98
6088,1,0,1,0,35.21
6089,0,0,0,0,76.18
6090,0,0,0,0,89.46
6091,0,0,0,0,0.0
6092,1,1,0,0,23.29
6093,1,0,1,1,64.22
6094,0,1,0,0,0.0
6095,0,0,0,0,37.74
6096,0,0,1,0,126.29
6097,1,1,0,0,0.0
6098,0,0,0,0,25.27
6099,0,1,0,0,131.83
6100,0,0,0,0,84.96
6101,1,0,0,0,46.34
6102,0,1,1,0,75.59
6103,0,1,0,0,45.31
6104,0,0,1,0,138.47
6105,0,0,0,1,23.74
6106,0,0,1,0,100.66
6107,1,0,0,0,19.31
6108,0,1,1,0,44.67
6109,0,0,1,0,0.0
6110,0,0,0,0,93.46
6111,0,0,0,0,54.37
6112,1,0,0,0,39.58
6113,1,1,1,0,138.35
6114,1,0,1,0,75.51
6115,1,0,1,0,37.03
6116,1,0,0,0,0.0
6117,1,0,0,0,66.38
6118,0,0,0,0,134.78
6119,0,0,1,0,105.57
6120,0,0,1,0,0.0
6121,1,0,0,1,118.33
6122,1,1,1,1,113.35
6123,0,0,1,0,153.53
6124,0,0,0,1,105.86
6125,0,0,1,0,58.76
6126,1,1,1,0,111.77
6127,0,0,1,0,63.93
6128,0,0,0,0,21.98
6129,0,0,0,0,87.36
6130,0,1,1,0,79.45
6131,1,1,1,0,23.64
6132,0,0,0,1,6.2
6133,1,0,0,0,0.0
6134,0,0,0,0,105.31
6135,0,0,0,0,69.8
6136,0,0,0,0,40.33
6137,1,1,1,1,122.05
6138,1,1,1,0,77.81
6139,0,0,1,1,21.35
6140,0,1,0,0,107.35
6141,0,0,0,0,146.58
6142,1,0,0,0,47.97
6143,0,0,0,0,72.08
6144,1,0,0,0,42.53
6145,0,0,0,0,131.12
6146,0,0,0,0,134.17
6147,0,0,0,0,46.5
6148,0,0,0,0,14.02
6149,0,0,0,0,82.33
6150,1,0,1,0,75.06
6151,0,1,0,1,9.58
6152,1,1,1,0,94.84
6153,1,0,0,0,141.87
6154,0,0,1,0,115.34
6155,0,1,1,0,128.79
6156,1,0,1,0,27.4
6157,0,0,0,0,66.19
6158,0,1,1,0,0.0
6159,0,0,0,0,116.63
6160,1,0,1,0,83.64
6161,1,1,1,0,93.16
6162,0,1,0,0,62.62
6163,1,0,0,0,70.95
6164,1,0,1,0,116.74
6165,0,0,1,0,60.65
6166,0,0,0,0,40.79
6167,0,0,1,0,0.0
6168,0,0,0,0,20.3
6169,1,1,1,0,56.78
6170,0,0,0,0,73.93
6171,0,1,0,1,112.46
6172,0,0,0,0,5.85
6173,0,0,0,0,26.94
6174,1,0,1,0,82.23
6175,1,1,1,1,129.51
6176,0,0,0,0,25.35
6177,1,0,0,0,117.97
6178,0,0,1,0,13.26
6179,1,0,0,0,56.64
6180,1,0,1,0,114.5
6181,0,0,1,0,0.0
6182,0,0,0,0,121.29
6183,0,0,0,0,48.24
6184,1,0,1,0,23.82
6185,1,0,1,0,84.03
6186,0,1,1,0,36.73
6187,1,0,0,0,0.0
6188,0,0,1,0,20.08
6189,1,0,1,0,138.46
6190,0,0,1,0,29.18
6191,1,1,1,0,68.5
6192,1,0,0,0,0.0
6193,0,0,0,1,125.45
6194,1,1,1,0,0.0
6195,0,0,0,0,32.12
6196,1,0,1,0,81.62
6197,0,0,0,0,0.0
6198,1,0,1,0,0.0
6199,0,1,0,0,32.83
6200,0,0,1,0,50.32
6201,0,0,0,0,57.44
6202,0,0,1,0,91.72
6203,0,1,0,0,101.69
6204,1,0,1,1,49.8
6205,1,0,1,0,50.07
6206,1,1,1,0,76.12
6207,0,0,0,0,24.48
6208,1,0,0,0,102.01
6209,1,0,0,1,72.35
6210,0,0,1,0,0.0
6211,0,0,1,0,0.0
6212,1,0,0,0,0.0
6213,0,0,0,0,0.0
6214,0,0,0,0,145.02
6215,0,1,0,0,160.58
6216,1,0,1,0,79.78
6217,1,0,0,0,123.81
6218,0,0,0,0,36.83
6219,0,1,0,0,76.28
6220,0,0,0,0,31.99
6221,0,0,0,0,7.33
6222,0,1,0,1,114.21
6223,0,0,1,0,99.0
6224,0,0,0,0,0.0
6225,0,0,0,0,0.0
6226,1,0,0,0,87.3
6227,1,1,1,1,52.55
6228,0,0,1,0,86.11
6229,0,0,0,0,79.91
6230,0,0,0,0,0.0
6231,0,0,0,0,0.0
6232,0,1,1,0,68.7
6233,0,0,0,0,99.51
6234,0,0,0,0,158.98
6235,0,0,0,0,0.0
6236,1,0,0,0,164.76
6237,1,1,0,0,83.01
6238,0,0,0,0,76.91
6239,1,1,1,0,35.21
6240,0,0,1,0,39.06
6241,1,0,1,0,99.61
6242,0,0,1,0,144.6
6243,0,0,1,0,85.53
6244,1,0,1,0,129.73
6245,0,0,0,0,69.97
6246,0,0,0,0,0.0
6247,0,0,0,1,41.13
6248,1,0,0,0,207.27
6249,0,0,0,0,104.88
6250,0,0,0,0,105.78
6251,1,0,1,0,66.45
6252,0,0,0,0,95.13
6253,1,0,0,0,114.28
6254,0,0,0,0,41.14
6255,0,0,0,0,101.9
6256,0,0,0,0,0.0
6257,0,1,0,0,76.81
6258,1,0,1,1,313.07
6259,0,0,0,0,0.0
6260,1,0,1,0,16.32
6261,0,0,1,0,0.0
6262,0,0,1,0,30.96
6263,0,0,1,0,42.8
6264,1,0,0,0,0.0
6265,0,0,0,0,0.0
6266,1,1,1,0,131.44
6267,0,0,0,0,20.11
6268,0,0,0,0,112.22
6269,0,1,0,0,50.92
6270,1,0,1,0,134.32
6271,1,0,0,1,237.06
6272,0,0,0,0,112.71
6273,0,0,0,0,100.63
6274,0,0,1,0,12.86
6275,0,0,0,1,80.89
6276,0,0,0,0,116.26
6277,1,0,1,0,33.58
6278,0,0,0,0,48.82
6279,0,1,1,0,100.84
6280,0,1,1,0,82.18
6281,0,0,1,1,74.56
6282,0,0,0,0,20.31
6283,1,0,0,1,65.37
6284,0,1,0,0,0.0
6285,1,0,1,1,202.46
6286,0,0,0,0,0.0
6287,0,1,1,0,190.33
6288,0,0,0,0,68.81
6289,1,0,1,0,65.37
6290,1,0,1,0,64.44
6291,1,0,1,0,125.59
6292,1,0,1,0,101.41
6293,0,0,0,0,50.81
6294,0,0,0,0,96.7
6295,0,0,1,0,0.0
6296,0,0,1,1,101.88
6297,0,0,0,0,50.56
6298,0,0,1,0,72.0
6299,0,0,0,0,40.86
6300,0,0,0,0,0.0
6301,1,0,0,0,0.0
6302,1,1,1,0,169.64
6303,0,0,1,0,112.71
6304,0,1,0,1,166.98
6305,1,1,1,0,70.24
6306,0,0,0,0,17.17
6307,1,0,0,0,43.95
6308,1,0,1,0,77.51
6309,1,0,0,0,8.49
6310,1,0,0,0,171.88
6311,0,0,1,1,0.0
6312,0,0,1,0,111.68
6313,0,0,0,0,14.62
6314,0,0,0,0,0.0
6315,0,0,0,0,128.84
6316,0,1,0,0,133.86
6317,1,0,0,0,53.65
6318,1,0,0,0,187.83
6319,0,0,0,0,60.73
6320,0,0,1,0,129.23
6321,1,1,0,0,104.9
6322,0,0,1,0,22.51
6323,1,1,0,0,31.73
6324,0,0,1,0,45.0
6325,1,1,0,0,33.21
6326,0,0,0,0,8.33
6327,0,0,0,0,41.32
6328,1,1,1,0,202.33
6329,1,0,1,0,0.0
6330,0,0,0,0,129.87
6331,1,0,1,0,54.63
6332,1,1,1,0,201.53
6333,0,0,0,0,77.58
6334,1,0,1,0,71.06
6335,0,0,1,0,0.0
6336,0,1,1,0,112.89
6337,1,0,0,0,139.84
6338,0,0,0,0,51.16
6339,0,0,1,0,62.8
6340,1,1,0,0,61.52
6341,1,0,0,1,63.31
6342,1,0,0,1,14.8
6343,1,1,0,0,134.69
6344,1,0,0,0,91.6
6345,0,0,0,0,73.42
6346,1,0,1,0,46.95
6347,1,0,1,0,23.08
6348,1,0,0,0,0.0
6349,0,0,1,0,2.26
6350,0,1,1,1,150.5
6351,0,0,0,0,8.22
6352,0,0,1,0,1.92
6353,0,1,1,1,37.24
6354,0,0,0,0,49.5
6355,1,1,0,0,138.17
6356,0,0,0,0,76.54
6357,0,0,0,0,0.0
6358,0,0,0,0,44.09
6359,0,0,1,0,73.81
6360,0,1,1,1,186.95
6361,0,0,0,0,98.99
6362,1,0,1,1,0.0
6363,0,0,1,0,0.0
6364,1,0,0,0,109.55
6365,1,1,0,0,145.83
6366,0,0,0,0,137.75
6367,1,0,0,0,80.11
6368,1,0,1,0,111.78
6369,1,0,0,0,68.94
6370,0,0,0,0,107.9
6371,0,0,0,0,11.58
6372,0,1,0,0,56.58
6373,1,0,0,0,203.76
6374,0,0,0,0,0.0
6375,1,0,1,0,85.14
6376,1,1,0,0,200.28
6377,0,0,1,0,87.94
6378,0,1,0,0,61.22
6379,0,0,0,0,85.58
6380,0,0,0,1,122.66
6381,0,1,1,0,100.57
6382,0,0,0,0,0.0
6383,0,1,0,0,182.55
6384,0,0,1,0,55.2
6385,0,0,0,0,67.9
6386,0,0,0,0,44.68
6387,0,0,0,0,21.77
6388,1,0,0,1,146.84
6389,1,0,0,0,86.47
6390,1,1,0,0,163.51
6391,0,1,1,0,0.0
6392,0,0,0,0,0.0
6393,1,0,0,0,110.59
6394,1,0,0,0,0.0
6395,0,0,0,0,36.57
6396,0,0,1,0,3.31
6397,1,0,0,0,69.58
6398,1,1,1,0,93.43
6399,0,0,1,0,167.69
6400,1,0,1,0,40.77
6401,1,1,1,0,292.54
6402,0,1,0,0,30.82
6403,0,0,0,0,68.95
6404,1,0,0,0,68.79
6405,0,0,1,1,201.03
6406,1,1,1,0,32.3
6407,0,0,1,0,61.4
6408,1,0,1,0,183.41
6409,0,0,0,0,24.45
6410,0,0,0,0,56.33
6411,1,0,1,1,67.04
6412,0,0,0,0,1.41
6413,0,0,0,0,76.52
6414,0,0,1,0,54.74
6415,0,0,0,1,133.04
6416,0,0,1,0,126.6
6417,0,0,1,0,82.25
6418,0,1,1,1,115.78
6419,0,0,1,0,105.98
6420,1,0,1,0,152.29
6421,0,1,0,0,91.54
6422,1,0,0,0,98.69
6423,0,0,0,0,40.5
6424,0,0,0,0,93.89
6425,1,0,0,1,217.5
6426,0,0,0,0,0.0
6427,0,0,0,0,65.59
6428,1,0,1,0,136.77
6429,1,0,0,0,26.84
6430,1,0,0,0,142.96
6431,1,0,1,0,84.22
6432,1,1,0,0,41.16
6433,1,0,0,0,6.16
6434,0,0,0,0,89.83
6435,0,0,0,0,58.08
6436,1,0,1,0,136.89
6437,1,1,1,0,111.27
6438,0,0,0,0,53.47
6439,1,1,1,0,24.98
6440,0,0,0,0,68.93
6441,0,0,1,0,143.26
6442,0,0,0,0,29.02
6443,1,0,0,0,21.86
6444,0,0,0,0,80.86
6445,1,0,1,0,58.09
6446,0,0,0,0,0.0
6447,1,0,1,0,19.46
6448,0,0,0,1,69.5
6449,0,0,1,0,0.0
6450,0,1,0,0,0.0
6451,0,0,0,1,12.56
6452,0,0,0,0,130.36
6453,0,0,0,0,47.06
6454,1,1,0,0,151.87
6455,0,1,1,0,80.28
6456,1,1,1,0,87.85
6457,0,0,1,0,0.03
6458,0,0,0,0,0.0
6459,0,0,0,0,117.28
6460,0,0,0,0,28.25
6461,0,0,0,0,75.63
6462,0,1,1,0,125.26
6463,0,0,0,0,52.22
6464,0,1,0,0,62.79
6465,1,1,1,1,152.87
6466,0,0,1,0,0.0
6467,1,0,0,0,10.33
6468,0,0,0,0,0.0
6469,1,0,1,0,83.04
6470,0,0,0,0,6.93
6471,0,0,0,0,35.83
6472,1,0,0,0,40.56
6473,0,0,0,0,27.06
6474,1,0,0,0,65.81
6475,0,0,0,0,10.07
6476,0,0,0,0,2.92
6477,1,1,1,0,111.08
6478,0,0,1,0,99.74
6479,1,0,0,1,150.43
6480,0,0,0,0,108.64
6481,1,0,1,0,194.61
6482,0,0,0,0,106.54
6483,0,0,0,0,27.7
6484,0,1,1,0,74.72
6485,1,0,0,0,54.32
6486,1,0,1,0,62.11
6487,0,0,0,0,0.0
6488,0,0,0,0,9.11
6489,1,0,1,0,191.58
6490,0,0,1,0,114.8
6491,0,0,0,0,0.0
6492,1,1,1,0,81.57
6493,0,0,0,0,126.96
6494,1,0,0,0,58.04
6495,0,1,1,1,73.47
6496,0,0,0,0,100.25
6497,0,0,1,0,83.16
6498,1,0,0,0,143.98
6499,1,0,1,0,27.05
6500,0,0,0,0,0.0
6501,0,0,0,0,141.47
6502,0,0,0,0,137.66
6503,0,1,0,0,52.9
6504,1,0,1,0,87.17
6505,1,0,1,0,34.89
6506,0,0,0,0,29.6
6507,0,1,0,0,0.0
6508,1,0,1,0,150.1
6509,0,0,0,0,0.0
6510,1,0,1,0,109.95
6511,0,0,1,0,133.71
6512,1,0,1,0,136.3
6513,0,1,0,0,102.38
6514,0,0,1,0,109.43
6515,0,0,0,0,18.52
6516,1,0,1,0,52.35
6517,0,1,1,0,58.99
6518,1,0,1,0,29.16
6519,0,0,0,0,0.0
6520,0,0,0,0,0.0
6521,0,0,1,0,0.0
6522,0,0,0,0,131.09
6523,0,0,1,1,142.67
6524,0,1,1,0,70.19
6525,1,0,1,1,113.37
6526,0,0,0,0,39.81
6527,1,0,1,1,150.92
6528,0,0,0,0,2.11
6529,0,0,0,0,0.0
6530,0,0,0,0,42.47
6531,1,1,0,1,106.98
6532,1,0,0,0,100.52
6533,0,0,0,1,59.72
6534,1,1,1,0,111.63
6535,1,1,1,0,78.56
6536,1,0,1,0,66.93
6537,0,0,0,0,70.06
6538,0,0,0,0,72.27
6539,0,0,0,0,44.91
6540,0,0,0,0,23.61
6541,0,0,0,0,52.67
6542,0,0,0,0,125.59
6543,0,0,0,0,0.0
6544,1,0,1,0,51.53
6545,0,0,1,0,52.71
6546,0,0,0,0,0.0
6547,1,0,1,0,0.0
6548,0,0,0,0,34.26
6549,1,1,1,1,157.81
6550,1,1,1,0,0.0
6551,1,1,1,0,137.17
6552,0,0,0,0,8.68
6553,0,0,0,1,122.69
6554,1,0,1,0,123.76
6555,0,1,1,0,237.31
6556,1,0,0,0,148.47
6557,1,0,1,0,72.14
6558,0,0,0,1,127.0
6559,1,1,1,0,86.39
6560,1,0,1,0,68.48
6561,0,0,0,0,0.0
6562,0,0,1,0,101.13
6563,0,0,1,0,0.0
6564,0,0,1,0,0.0
6565,0,0,1,0,117.02
6566,1,0,1,0,127.61
6567,0,1,0,0,51.58
6568,0,0,1,0,157.04
6569,0,0,0,0,44.03
6570,0,0,0,0,57.13
6571,1,0,0,0,0.0
6572,1,0,0,0,27.9
6573,0,0,0,0,49.91
6574,0,0,0,0,48.85
6575,0,0,1,0,44.06
6576,0,0,1,0,74.08
6577,0,0,1,0,65.69
6578,0,0,1,0,28.82
6579,0,0,1,0,43.37
6580,0,0,1,1,0.0
6581,1,1,1,0,131.37
6582,1,0,0,0,54.66
6583,1,0,0,0,102.16
6584,0,0,0,0,54.69
6585,0,0,0,1,72.55
6586,0,0,0,0,38.03
6587,1,0,0,1,90.85
6588,0,0,0,0,76.77
6589,0,1,1,1,155.99
6590,0,0,0,0,150.25
6591,0,0,0,0,0.0
6592,1,0,1,0,91.5
6593,0,0,0,0,72.01
6594,1,1,1,0,0.0
6595,1,0,1,1,18.82
6596,0,0,1,1,67.92
6597,0,0,0,0,0.0
6598,0,0,0,0,176.41
6599,0,0,0,0,61.74
6600,1,1,0,0,89.34
6601,1,0,1,1,114.86
6602,0,1,0,0,73.67
6603,1,0,0,0,45.88
6604,1,0,1,0,165.01
6605,0,0,0,0,0.0
6606,0,0,0,0,151.85
6607,0,0,0,0,122.29
6608,0,0,1,0,63.72
6609,1,1,0,0,83.62
6610,0,0,0,1,121.24
6611,1,1,0,1,52.06
6612,1,0,0,0,55.35
6613,0,0,0,0,0.0
6614,0,1,0,0,147.39
6615,0,0,0,0,0.0
6616,0,0,0,1,23.56
6617,0,0,0,0,96.7
6618,0,0,0,1,47.22
6619,0,0,0,0,82.48
6620,0,0,0,0,0.0
6621,0,0,0,0,7.32
6622,0,0,1,0,21.38
6623,0,0,0,0,72.09
6624,1,0,1,0,137.01
6625,0,0,1,0,123.7
6626,1,1,1,0,82.75
6627,1,1,1,0,143.59
6628,0,0,1,1,11.08
6629,0,0,0,0,0.0
6630,1,1,1,0,156.29
6631,0,1,0,1,0.0
6632,1,1,0,0,20.2
6633,1,0,1,0,205.23
6634,0,0,0,0,81.05
6635,1,0,0,0,77.55
6636,1,0,0,0,66.81
6637,0,1,0,0,162.81
6638,0,1,0,0,0.0
6639,0,0,0,1,57.74
6640,0,0,1,0,45.71
6641,0,0,0,0,12.11
6642,0,0,1,0,111.19
6643,0,0,0,1,0.0
6644,0,0,0,1,0.0
6645,1,1,0,0,182.31
6646,0,0,1,0,77.64
6647,0,0,0,0,154.07
6648,1,0,0,0,163.35
6649,1,0,1,0,103.43
6650,1,0,0,0,74.58
6651,1,0,1,0,199.98
6652,0,0,1,0,0.0
6653,0,0,0,0,0.0
6654,0,0,1,1,2.52
6655,0,0,0,0,109.47
6656,1,1,1,0,84.36
6657,0,0,1,1,34.63
6658,0,0,0,0,0.0
6659,0,0,0,0,6.3
6660,0,0,0,0,9.52
6661,1,1,1,0,51.47
6662,0,0,0,0,31.11
6663,0,0,1,0,77.58
6664,0,1,1,0,80.7
6665,1,1,1,0,97.72
6666,0,0,1,0,152.01
6667,0,0,1,0,11.16
6668,1,1,0,0,141.61
6669,1,0,0,1,114.98
6670,1,1,1,0,24.03
6671,1,0,1,0,68.78
6672,0,0,0,0,93.78
6673,0,0,0,0,0.0
6674,0,1,0,0,53.78
6675,1,0,1,0,37.92
6676,1,0,0,0,128.67
6677,0,0,0,0,117.59
6678,0,0,0,1,37.34
6679,1,0,0,0,126.78
6680,0,0,0,0,54.29
6681,0,0,0,0,109.12
6682,1,0,1,1,102.32
6683,1,1,1,0,82.96
6684,0,1,1,0,28.62
6685,0,0,0,0,86.54
6686,1,1,1,0,157.24
6687,0,0,0,0,0.0
6688,0,0,0,0,24.99
6689,0,0,0,0,78.32
6690,0,1,0,0,0.0
6691,0,1,1,0,182.04
6692,0,0,1,0,63.82
6693,1,0,1,0,0.0
6694,1,0,1,0,13.65
6695,0,0,0,0,107.59
6696,0,0,0,0,69.08
6697,0,0,0,0,136.87
6698,1,0,1,0,74.9
6699,1,0,1,0,61.25
6700,1,0,1,0,111.35
6701,1,0,0,0,82.85
6702,0,1,1,0,12.09
6703,0,0,0,0,0.0
6704,0,1,1,0,0.0
6705,1,1,1,0,0.0
6706,0,0,0,0,140.94
6707,1,0,0,0,0.0
6708,1,0,0,0,128.51
6709,1,1,0,0,37.4
6710,0,0,0,0,0.0
6711,0,0,0,0,0.0
6712,0,0,0,0,13.69
6713,1,0,1,0,0.0
6714,0,1,0,0,32.41
6715,1,0,0,0,0.0
6716,0,1,0,0,56.13
6717,1,0,1,0,120.31
6718,0,0,0,0,44.5
6719,0,0,0,0,107.14
6720,0,0,0,0,56.67
6721,0,0,1,0,47.56
6722,0,0,0,0,61.9
6723,0,0,0,0,28.78
6724,0,0,1,0,21.67
6725,1,0,1,0,0.0
6726,0,0,1,0,44.28
6727,1,0,0,0,0.0
6728,0,0,0,0,53.56
6729,0,1,1,0,25.91
6730,0,1,0,0,101.39
6731,1,0,1,0,48.02
6732,1,0,0,0,43.86
6733,1,1,1,1,121.8
6734,1,0,0,0,113.87
6735,0,0,1,0,15.64
6736,0,0,0,0,117.33
6737,0,0,1,0,0.0
6738,0,0,0,1,17.68
6739,0,0,0,0,65.28
6740,0,0,0,0,83.48
6741,0,1,1,1,95.43
6742,1,0,1,1,156.89
6743,0,0,0,0,95.13
6744,0,0,1,0,55.79
6745,0,0,0,0,23.0
6746,0,1,1,0,74.87
6747,1,0,0,0,7.67
6748,0,0,0,0,121.91
6749,1,0,0,1,0.0
6750,1,0,1,1,151.14
6751,0,1,1,0,72.84
6752,1,0,0,0,125.51
6753,0,0,0,0,91.44
6754,0,1,0,0,0.0
6755,1,0,1,0,0.0
6756,0,0,0,0,74.11
6757,1,1,1,0,107.22
6758,1,0,1,0,0.0
6759,0,1,1,0,31.7
6760,1,0,1,0,29.97
6761,0,0,1,0,99.14
6762,0,0,0,0,135.93
6763,1,1,1,0,148.92
6764,0,0,1,1,131.99
6765,0,1,1,0,0.0
6766,0,1,1,0,124.28
6767,1,0,0,0,207.81
6768,1,0,1,0,14.96
6769,1,1,0,0,66.27
6770,1,0,0,0,69.34
6771,1,1,0,0,40.49
6772,1,0,1,0,122.87
6773,1,1,0,0,110.64
6774,0,0,0,0,0.0
6775,0,0,1,1,178.24
6776,0,0,1,0,38.12
6777,1,0,0,0,54.89
6778,0,0,0,0,47.22
6779,1,0,0,0,124.84
6780,1,0,1,0,72.12
6781,0,0,0,0,0.0
6782,0,0,1,1,119.35
6783,0,0,0,0,0.0
6784,0,0,0,0,0.0
6785,1,0,0,0,39.58
6786,1,0,0,0,97.3
6787,0,1,1,0,68.09
6788,0,0,0,0,103.29
6789,0,1,0,0,86.37
6790,1,1,1,1,117.98
6791,1,0,1,0,58.44
6792,1,0,1,0,81.35
6793,0,0,1,1,50.17
6794,0,0,0,0,16.58
6795,0,0,0,0,0.0
6796,1,0,1,0,98.6
6797,0,0,1,0,52.48
6798,0,0,0,0,244.39
6799,0,0,0,0,0.0
6800,0,0,0,0,0.0
6801,1,0,0,0,28.2
6802,1,0,1,0,0.0
6803,1,0,0,0,65.86
6804,0,0,0,0,23.9
6805,1,0,1,0,13.17
6806,0,1,1,0,86.78
6807,0,0,1,0,103.18
6808,0,1,1,0,100.27
6809,1,1,0,0,72.3
6810,1,1,1,0,97.55
6811,1,0,1,0,147.41
6812,0,1,0,0,15.54
6813,1,0,1,0,127.86
6814,1,1,1,0,96.18
6815,1,0,0,0,57.65
6816,1,1,1,0,42.31
6817,0,0,0,0,82.86
6818,1,1,0,0,47.99
6819,0,0,1,0,138.43
6820,0,1,1,0,170.2
6821,0,1,0,0,73.15
6822,0,1,0,0,24.52
6823,1,0,0,0,0.0
6824,0,0,0,0,66.51
6825,0,0,1,0,111.86
6826,1,0,1,0,195.94
6827,0,0,0,0,38.78
6828,0,0,1,0,66.45
6829,1,0,0,0,107.71
6830,1,0,1,1,51.66
6831,0,0,0,0,144.2
6832,1,1,1,0,108.23
6833,0,1,0,0,45.58
6834,1,0,0,0,99.4
6835,0,0,0,0,63.1
6836,0,0,1,0,134.78
6837,0,0,0,0,109.59
6838,1,1,1,0,240.3
6839,0,1,0,0,33.75
6840,1,0,0,0,0.0
6841,0,0,1,0,44.85
6842,0,0,1,0,12.91
6843,0,0,0,0,116.98
6844,1,0,1,1,95.51
6845,0,0,0,0,10.22
6846,0,0,0,0,184.51
6847,0,0,0,0,0.0
6848,1,0,1,1,36.37
6849,1,1,0,0,92.59
6850,0,0,0,0,81.83
6851,0,0,0,0,0.0
6852,0,0,0,0,79.3
6853,0,0,0,0,3.14
6854,0,0,1,0,80.28
6855,0,0,1,0,88.41
6856,0,0,0,0,0.0
6857,0,0,1,0,0.0
6858,1,0,1,0,64.54
6859,1,1,1,0,0.0
6860,0,0,0,0,0.0
6861,0,0,0,0,105.74
6862,0,0,0,0,61.12
6863,0,0,0,0,28.0
6864,0,0,1,0,34.04
6865,0,0,0,0,107.89
6866,0,0,0,1,94.37
6867,1,0,0,1,58.58
6868,0,1,0,0,0.0
6869,0,0,0,0,93.14
6870,0,0,0,1,233.48
6871,1,1,1,0,27.41
6872,1,0,1,0,27.19
6873,1,1,1,0,97.29
6874,0,1,0,0,66.73
6875,0,0,0,0,32.31
6876,1,0,1,0,47.04
6877,1,0,0,0,15.47
6878,1,0,0,0,93.55
6879,1,0,0,0,132.96
6880,0,0,0,0,0.0
6881,0,1,1,0,115.49
6882,1,1,0,0,0.0
6883,1,0,0,0,37.46
6884,0,0,1,0,99.02
6885,0,0,0,0,0.0
6886,1,0,1,0,47.69
6887,0,0,0,0,0.0
6888,1,0,1,0,107.37
6889,0,0,1,0,15.73
6890,1,1,0,0,64.31
6891,1,0,0,0,9.34
6892,0,0,0,0,6.09
6893,0,0,0,0,15.58
6894,0,0,1,0,63.98
6895,0,0,0,0,134.08
6896,0,0,0,0,39.81
6897,0,0,0,0,120.58
6898,1,0,0,0,87.41
6899,1,0,0,0,28.48
6900,0,0,1,0,8.95
6901,1,0,0,0,124.02
6902,1,0,1,1,167.87
6903,1,0,1,0,35.4
6904,0,0,0,0,47.29
6905,1,0,0,1,106.98
6906,1,1,1,0,45.01
6907,1,1,1,0,0.0
6908,0,0,0,0,70.63
6909,0,1,1,0,55.09
6910,0,0,1,0,0.0
6911,0,0,0,0,18.25
6912,0,0,0,0,69.8
6913,0,0,0,0,96.36
6914,0,0,0,0,23.03
6915,1,0,0,0,125.53
6916,0,0,1,0,31.11
6917,0,1,1,0,11.35
6918,0,0,0,0,72.33
6919,0,0,0,0,24.01
6920,1,0,0,1,51.21
6921,1,0,0,1,36.82
6922,0,0,1,0,171.79
6923,0,0,0,1,71.91
6924,1,0,1,0,128.74
6925,0,0,0,0,35.48
6926,0,0,1,0,9.14
6927,0,0,0,0,63.8
6928,0,0,0,0,101.01
6929,1,1,1,0,52.08
6930,1,0,1,1,47.34
6931,1,0,0,0,51.15
6932,0,0,1,0,34.83
6933,0,0,0,0,109.84
6934,1,0,0,0,22.4
6935,1,0,1,0,60.45
6936,0,0,1,0,125.85
6937,0,0,0,0,47.74
6938,0,0,0,0,86.57
6939,0,1,1,0,37.65
6940,0,0,0,1,53.99
6941,1,0,0,0,95.63
6942,1,0,0,0,5.53
6943,0,0,0,0,22.81
6944,0,0,0,0,16.53
6945,0,1,1,0,82.18
6946,0,0,1,1,93.08
6947,1,0,1,0,140.97
6948,0,0,1,0,80.35
6949,1,0,0,0,36.45
6950,0,0,0,1,104.61
6951,0,0,0,0,20.82
6952,0,0,0,0,9.85
6953,0,0,1,0,52.71
6954,1,0,0,0,34.29
6955,1,1,1,0,58.47
6956,1,0,0,0,74.8
6957,1,1,1,0,156.28
6958,1,1,1,0,0.0
6959,1,0,0,0,31.02
6960,0,1,0,0,37.0
6961,0,0,0,0,145.2
6962,1,0,0,0,67.81
6963,1,0,1,0,62.1
6964,1,0,1,0,61.64
6965,0,1,0,0,93.71
6966,0,0,0,0,93.0
6967,1,0,0,1,44.87
6968,1,0,1,0,14.98
6969,0,0,1,0,55.43
6970,1,1,1,0,110.71
6971,0,0,0,0,3.11
6972,0,0,0,0,0.0
6973,1,1,1,0,218.18
6974,1,1,1,0,123.04
6975,1,0,0,0,58.32
6976,0,0,1,0,176.14
6977,0,0,1,0,80.05
6978,0,0,0,1,104.09
6979,1,0,1,0,134.19
6980,1,0,1,1,107.83
6981,0,0,0,0,39.48
6982,0,0,0,0,137.67
6983,1,0,1,0,57.9
6984,0,0,1,1,70.03
6985,1,0,0,0,1.97
6986,0,0,0,0,66.98
6987,1,0,0,0,0.0
6988,0,0,1,0,83.5
6989,0,0,0,0,0.0
6990,1,0,1,0,58.98
6991,1,0,1,0,120.25
6992,1,1,0,0,61.12
6993,0,0,0,0,41.85
6994,0,0,0,0,0.0
6995,0,0,0,0,84.05
6996,1,0,1,0,84.55
6997,0,0,1,0,165.35
6998,0,0,0,0,0.0
6999,0,0,0,0,165.95
7000,1,0,1,0,0.0
7001,0,0,0,0,168.25
7002,0,0,0,0,111.34
7003,0,0,0,0,84.31
7004,1,0,1,0,0.0
7005,0,0,1,0,28.71
7006,0,0,0,0,58.41
7007,0,0,0,0,152.22
7008,0,1,1,0,80.14
7009,0,0,0,0,83.03
7010,0,0,0,0,42.2
7011,1,0,1,0,94.45
7012,1,0,1,0,95.37
7013,0,1,0,1,87.15
7014,0,1,0,0,0.0
7015,1,0,1,0,0.0
7016,1,0,1,0,100.49
7017,0,0,1,0,44.28
7018,1,0,0,0,112.62
7019,0,0,1,0,106.76
7020,1,1,0,0,94.04
7021,1,0,0,0,46.88
7022,1,1,1,0,27.49
7023,0,0,0,0,47.0
7024,1,0,1,0,87.04
7025,0,0,0,0,112.0
7026,1,0,1,0,51.02
7027,0,0,0,0,82.31
7028,0,0,0,0,82.91
7029,0,0,0,0,18.99
7030,1,0,0,0,46.67
7031,1,1,1,1,23.12
7032,0,0,0,0,78.4
7033,0,0,1,0,17.22
7034,1,1,1,1,229.68
7035,1,0,1,0,0.0
7036,0,0,0,0,0.0
7037,0,0,0,0,44.4
7038,0,0,0,0,38.55
7039,1,0,0,0,0.0
7040,0,0,0,0,0.0
7041,0,0,1,1,102.28
7042,0,0,0,1,105.84
7043,0,1,0,0,0.0
7044,1,0,1,0,49.65
7045,0,0,0,0,3.88
7046,1,0,1,0,49.8
7047,0,0,0,0,103.42
7048,1,0,1,0,67.0
7049,0,0,0,0,18.38
7050,1,1,0,0,0.0
7051,1,0,0,0,67.04
7052,0,0,0,0,54.37
7053,1,1,1,0,89.05
7054,0,0,0,0,85.31
7055,1,0,1,0,25.5
7056,0,0,0,0,33.08
7057,0,0,0,0,93.95
7058,1,0,0,0,0.0
7059,1,1,1,0,76.3
7060,0,0,0,0,0.0
7061,1,1,1,0,21.94
7062,0,1,0,0,100.4
7063,1,0,0,0,0.0
7064,0,0,0,0,0.0
7065,1,0,0,0,77.23
7066,1,0,0,0,13.58
7067,1,0,1,1,35.56
7068,0,0,0,1,24.43
7069,1,0,1,0,94.37
7070,0,1,1,0,74.17
7071,0,0,1,0,111.68
7072,1,1,1,0,120.5
7073,1,1,1,1,129.25
7074,0,0,0,0,78.29
7075,1,0,1,0,81.02
7076,1,0,0,1,25.24
7077,1,0,1,0,178.69
7078,0,0,0,0,32.7
7079,0,0,0,0,102.74
7080,0,0,0,0,0.0
7081,0,0,0,0,163.58
7082,0,0,0,0,112.68
7083,0,0,0,0,60.89
7084,1,0,0,0,0.0
7085,0,0,0,0,49.06
7086,0,0,0,0,1.23
7087,1,0,1,0,0.0
7088,0,0,0,0,0.0
7089,0,0,0,0,63.4
7090,0,1,0,0,177.36
7091,0,0,0,0,75.5
7092,0,0,0,0,56.25
7093,0,0,0,0,16.08
7094,0,0,0,0,45.01
7095,1,0,1,0,142.86
7096,1,1,1,0,115.17
7097,0,0,1,0,46.08
7098,0,0,0,0,67.88
7099,0,0,0,0,0.0
7100,1,1,1,0,137.66
7101,1,0,1,0,29.45
7102,0,0,1,0,14.18
7103,1,0,1,0,74.5
7104,0,0,1,0,121.48
7105,1,0,0,0,96.35
7106,0,0,0,0,0.0
7107,0,0,1,0,3.89
7108,1,0,1,0,145.23
7109,1,0,0,0,65.75
7110,0,1,1,0,143.39
7111,1,0,1,0,94.91
7112,0,0,1,0,100.33
7113,0,0,0,0,120.34
7114,1,0,1,0,62.16
7115,0,0,1,0,72.92
7116,1,0,1,0,3.13
7117,1,0,0,0,0.0
7118,0,0,0,0,64.53
7119,0,1,0,0,0.0
7120,1,0,0,0,48.1
7121,0,0,1,0,184.62
7122,1,1,1,0,95.32
7123,0,1,1,0,83.46
7124,0,0,0,1,67.55
7125,0,0,0,0,37.43
7126,1,1,1,0,247.5
7127,0,0,0,0,28.55
7128,0,0,1,0,120.67
7129,0,0,0,1,59.18
7130,0,0,0,0,42.99
7131,0,0,0,0,51.74
7132,0,0,0,0,24.01
7133,0,1,1,0,81.66
7134,0,0,0,1,46.3
7135,0,0,0,0,11.65
7136,0,0,1,1,110.47
7137,0,0,0,0,0.0
7138,0,0,0,0,66.49
7139,0,0,1,0,39.39
7140,1,0,0,0,176.52
7141,0,0,1,0,0.0
7142,0,0,0,1,5.72
7143,0,0,1,0,17.78
7144,0,0,1,0,123.07
7145,1,0,1,0,98.71
7146,0,1,0,0,167.8
7147,0,0,0,1,0.0
7148,1,0,0,0,18.2
7149,1,0,0,0,72.49
7150,1,1,1,0,15.21
7151,1,0,1,0,95.58
7152,0,0,0,0,64.39
7153,1,0,1,0,92.23
7154,0,0,1,0,0.0
7155,0,0,0,0,172.94
7156,0,0,0,0,50.31
7157,0,0,0,1,66.73
7158,0,0,1,0,0.0
7159,1,1,1,0,36.64
7160,0,0,0,0,18.86
7161,1,0,0,0,66.4
7162,0,0,1,0,28.35
7163,0,0,1,0,141.02
7164,1,0,0,0,73.28
7165,0,0,0,0,8.18
7166,1,0,1,0,97.63
7167,1,1,1,0,113.35
7168,0,0,0,0,46.13
7169,1,0,0,0,0.0
7170,0,0,0,0,0.0
7171,0,0,0,0,0.0
7172,0,1,1,0,42.16
7173,1,1,1,0,26.34
7174,1,0,0,0,141.83
7175,0,1,1,0,18.95
7176,0,0,0,0,137.14
7177,1,0,0,0,38.52
7178,0,0,0,0,182.09
7179,0,0,0,0,141.93
7180,1,1,1,0,84.2
7181,1,0,0,0,132.02
7182,0,1,1,0,163.83
7183,1,1,1,0,91.68
7184,0,0,0,0,148.43
7185,0,0,0,0,0.0
7186,0,0,1,0,140.92
7187,1,0,1,1,104.56
7188,1,0,1,0,111.16
7189,1,1,0,0,147.05
7190,1,0,1,0,43.38
7191,0,0,0,0,106.46
7192,0,1,1,0,10.83
7193,1,0,1,0,91.43
7194,0,0,0,1,0.0
7195,1,1,1,0,73.61
7196,0,1,0,0,0.0
7197,1,0,1,0,155.58
7198,1,0,0,0,116.21
7199,0,1,1,1,56.69
7200,0,0,0,0,32.51
7201,0,0,0,0,0.41
7202,0,0,0,0,0.0
7203,1,0,0,0,83.37
7204,0,0,1,0,80.59
7205,1,0,0,0,66.1
7206,0,1,0,0,22.83
7207,0,1,0,0,107.48
7208,0,1,1,0,79.61
7209,0,0,0,0,60.09
7210,1,0,0,0,36.19
7211,0,0,1,0,126.41
7212,0,1,0,0,107.0
7213,0,0,1,0,97.34
7214,0,0,0,0,176.15
7215,0,0,0,0,70.17
7216,0,1,0,0,3.21
7217,0,0,0,0,86.4
7218,1,0,0,0,106.46
7219,0,0,0,0,72.46
7220,0,0,0,0,20.29
7221,0,1,1,0,115.72
7222,1,0,0,0,122.8
7223,1,0,0,0,72.83
7224,1,1,0,0,162.6
7225,0,0,0,0,103.76
7226,1,1,0,1,112.61
7227,0,0,0,0,0.0
7228,0,0,1,0,13.17
7229,1,0,0,0,222.44
7230,0,0,1,0,135.77
7231,0,0,0,0,21.44
7232,0,0,1,0,123.71
7233,0,0,0,0,126.41
7234,0,0,0,0,0.0
7235,1,0,1,0,109.92
7236,0,0,0,0,76.55
7237,1,0,0,0,0.0
7238,1,0,1,0,112.29
7239,0,0,0,0,85.54
7240,0,0,0,0,122.53
7241,1,0,1,0,44.4
7242,0,0,0,0,72.91
7243,1,1,1,0,189.35
7244,1,0,1,1,40.47
7245,0,1,0,0,147.46
7246,1,0,0,0,88.18
7247,0,0,0,0,78.16
7248,0,0,1,1,74.69
7249,0,0,0,0,199.18
7250,0,0,0,1,73.69
7251,0,0,0,0,0.0
7252,1,1,1,0,50.78
7253,0,0,1,1,0.0
7254,0,0,1,0,81.83
7255,0,0,0,0,70.55
7256,0,0,0,0,56.93
7257,0,0,0,0,55.73
7258,1,0,1,0,135.6
7259,1,1,0,0,167.91
7260,0,1,0,0,140.16
7261,0,0,1,1,0.0
7262,1,0,0,0,92.65
7263,0,0,0,0,67.15
7264,1,1,1,0,85.81
7265,1,0,0,0,82.53
7266,0,0,0,0,82.56
7267,0,0,0,0,0.0
7268,1,0,0,0,92.54
7269,0,0,0,0,53.1
7270,0,1,0,0,137.12
7271,1,1,0,0,128.06
7272,0,0,0,0,121.71
7273,0,0,0,0,34.95
7274,1,0,1,0,0.0
7275,1,1,0,0,30.22
7276,1,0,1,0,64.64
7277,0,0,0,0,155.79
7278,0,0,0,0,191.13
7279,1,1,1,0,65.48
7280,0,0,1,0,77.28
7281,1,0,0,0,14.2
7282,1,1,0,0,139.08
7283,0,0,0,0,101.39
7284,0,1,0,0,66.29
7285,0,0,1,0,79.55
7286,1,0,1,0,0.0
7287,1,0,1,0,81.88
7288,1,0,0,0,82.24
7289,0,0,1,0,187.91
7290,1,0,1,0,30.52
7291,0,0,0,0,70.02
7292,0,0,1,0,0.0
7293,1,0,1,0,79.05
7294,0,0,0,0,55.28
7295,0,0,1,0,109.87
7296,0,1,1,0,64.52
7297,1,1,1,0,178.44
7298,1,0,1,0,0.0
7299,1,0,1,1,0.0
7300,1,0,0,0,58.68
7301,1,0,1,0,103.73
7302,1,0,1,0,62.85
7303,0,0,1,0,0.0
7304,0,0,0,0,76.9
7305,0,0,0,0,68.74
7306,0,0,0,0,99.45
7307,1,0,0,0,0.0
7308,0,0,0,0,101.63
7309,0,0,0,0,145.14
7310,1,0,1,0,100.28
7311,0,0,0,0,29.26
7312,0,0,0,0,142.89
7313,0,0,0,0,133.44
7314,1,1,1,0,108.37
7315,0,0,1,0,137.2
7316,0,0,0,0,2.65
7317,0,0,0,0,38.15
7318,0,1,0,0,63.13
7319,0,0,0,0,135.74
7320,0,0,0,0,27.68
7321,1,0,1,0,78.2
7322,1,1,1,0,157.57
7323,1,0,1,0,30.28
7324,0,0,0,0,34.51
7325,0,0,1,1,136.62
7326,0,0,1,0,105.4
7327,1,0,1,0,205.31
7328,0,0,0,0,68.79
7329,0,0,1,0,140.64
7330,0,0,0,0,59.51
7331,1,1,1,0,67.4
7332,1,0,1,0,43.26
7333,0,0,1,0,92.08
7334,0,0,1,0,20.82
7335,0,0,0,0,77.08
7336,0,0,0,0,115.75
7337,0,0,0,0,0.0
7338,1,1,1,0,149.66
7339,1,1,1,0,60.47
7340,1,0,0,0,36.51
7341,1,0,0,0,67.83
7342,0,1,1,1,124.94
7343,1,0,1,0,48.1
7344,1,0,0,0,96.44
7345,0,0,1,1,109.36
7346,0,0,0,0,124.32
7347,0,0,0,0,0.0
7348,0,1,0,0,49.41
7349,0,0,1,0,143.27
7350,0,0,0,0,0.0
7351,1,1,1,0,67.98
7352,1,0,1,0,79.62
7353,0,0,0,0,13.27
7354,0,0,0,0,65.81
7355,0,1,1,1,0.0
7356,0,0,0,0,133.64
7357,0,0,0,0,7.98
7358,0,1,1,1,0.0
7359,0,0,1,0,22.84
7360,1,1,1,0,79.12
7361,0,0,1,0,0.0
7362,1,1,1,0,67.22
7363,0,0,0,0,0.0
7364,1,0,0,0,86.96
7365,0,1,1,0,33.95
7366,0,1,1,0,182.36
7367,0,0,0,0,24.92
7368,1,0,1,0,114.23
7369,0,0,0,0,131.38
7370,1,1,1,0,107.17
7371,1,1,0,0,0.0
7372,0,0,0,0,81.39
7373,0,1,1,0,98.3
7374,1,0,1,0,111.82
7375,0,0,0,0,128.79
7376,0,1,1,0,142.84
7377,0,0,0,0,81.59
7378,1,0,0,0,0.0
7379,1,0,1,1,0.0
7380,1,0,1,0,62.36
7381,1,0,1,1,15.08
7382,0,0,0,0,0.0
7383,0,0,1,1,38.88
7384,1,0,1,0,68.64
7385,0,0,1,0,0.0
7386,0,0,0,0,47.61
7387,1,0,0,1,115.18
7388,1,1,1,0,245.04
7389,1,1,1,1,147.31
7390,0,0,0,0,35.8
7391,1,0,0,0,34.21
7392,0,0,0,0,0.0
7393,0,0,1,0,60.17
7394,1,0,0,0,86.95
7395,0,0,0,0,0.0
7396,1,0,0,0,142.02
7397,1,0,1,0,76.28
7398,0,0,0,0,0.0
7399,0,0,1,0,0.0
7400,1,0,0,0,40.13
7401,1,0,1,0,0.0
7402,0,0,0,0,0.0
7403,0,0,0,0,55.59
7404,1,0,1,0,115.43
7405,0,0,0,0,0.0
7406,0,1,0,0,108.5
7407,1,0,0,0,71.08
7408,0,0,0,0,65.89
7409,0,0,1,0,0.0
7410,0,0,0,0,0.0
7411,0,1,0,1,163.01
7412,0,0,1,0,0.0
7413,0,0,0,0,62.18
7414,1,0,0,0,111.3
7415,1,0,1,0,242.94
7416,0,0,0,0,65.28
7417,0,0,0,0,17.39
7418,0,0,0,0,92.35
7419,1,0,1,0,0.0
7420,0,0,0,0,73.98
7421,0,1,0,0,174.08
7422,1,0,0,0,72.0
7423,0,0,1,0,0.0
7424,1,0,0,0,128.32
7425,0,1,0,0,0.0
7426,0,0,1,1,130.87
7427,0,0,0,0,0.0
7428,0,0,0,1,42.96
7429,0,0,0,0,128.61
7430,0,0,1,0,98.47
7431,1,0,0,0,119.91
7432,0,0,0,0,56.91
7433,1,1,1,0,119.57
7434,0,0,0,0,22.86
7435,0,0,0,0,110.84
7436,0,0,0,0,32.17
7437,0,0,1,0,109.1
7438,1,0,0,0,63.78
7439,1,0,1,0,84.24
7440,0,0,0,0,41.32
7441,1,1,1,0,46.03
7442,0,0,0,0,0.0
7443,1,0,1,0,128.47
7444,0,0,1,0,0.0
7445,0,0,0,0,23.11
7446,0,0,1,0,59.9
7447,0,1,1,0,45.48
7448,1,1,1,0,90.42
7449,0,0,1,0,65.96
7450,0,0,0,0,0.0
7451,0,0,0,0,71.04
7452,0,0,0,0,20.08
7453,0,0,0,0,13.57
7454,1,0,1,1,0.0
7455,0,0,0,0,0.0
7456,0,0,0,0,149.13
7457,0,1,0,0,22.04
7458,0,0,0,0,11.04
7459,0,0,1,0,118.05
7460,0,0,0,0,125.63
7461,0,0,1,0,86.76
7462,0,1,1,0,41.84
7463,0,0,0,0,0.0
7464,1,1,1,0,93.21
7465,1,0,0,0,17.51
7466,0,1,0,0,127.7
7467,0,0,1,1,109.51
7468,1,0,0,0,155.65
7469,1,0,0,1,23.06
7470,0,0,0,0,151.76
7471,0,0,0,0,76.26
7472,1,0,0,0,11.41
7473,0,0,0,0,22.48
7474,1,0,1,0,68.68
7475,0,0,1,0,34.13
7476,0,1,1,0,0.0
7477,1,0,0,1,241.99
7478,1,1,1,0,105.34
7479,0,0,0,0,61.17
7480,1,0,0,0,93.81
7481,0,0,0,0,111.68
7482,0,0,0,0,0.0
7483,0,0,0,0,152.23
7484,1,0,1,0,93.75
7485,1,0,1,1,155.77
7486,1,0,0,0,22.51
7487,1,0,1,0,66.27
7488,1,1,1,0,0.0
7489,0,0,0,0,96.53
7490,0,0,0,0,144.26
7491,1,0,0,0,62.63
7492,0,0,1,1,0.0
7493,1,0,0,0,133.84
7494,1,0,0,0,145.28
7495,0,0,0,0,83.43
7496,0,0,1,0,21.2
7497,0,0,1,0,67.4
7498,1,0,0,0,36.62
7499,0,0,0,0,51.94
7500,1,1,0,0,57.26
7501,1,0,0,0,166.56
7502,0,0,0,0,114.45
7503,0,1,0,0,0.0
7504,1,1,0,0,201.13
7505,1,1,1,0,120.99
7506,0,1,0,1,154.81
7507,1,0,1,1,94.33
7508,0,0,0,0,55.8
7509,1,1,1,0,107.73
7510,0,0,1,0,118.43
7511,0,0,0,0,89.63
7512,0,1,1,1,0.0
7513,1,0,0,0,128.18
7514,1,1,1,0,77.74
7515,0,0,0,0,83.34
7516,0,0,0,0,101.41
7517,1,0,0,0,119.11
7518,0,0,1,0,0.0
7519,0,0,0,1,1.4
7520,0,1,1,0,189.36
7521,0,1,0,0,1.0
7522,0,0,0,0,0.0
7523,0,0,0,1,86.69
7524,0,0,1,0,46.64
7525,0,0,0,1,12.5
7526,0,1,0,0,52.11
7527,1,0,1,0,71.67
7528,0,0,1,1,31.2
7529,1,0,0,0,141.18
7530,0,0,0,0,92.82
7531,1,0,1,0,30.21
7532,0,0,1,0,79.59
7533,1,0,1,0,111.08
7534,1,0,0,0,93.87
7535,0,0,0,0,8.41
7536,0,0,0,0,116.2
7537,1,0,1,0,60.73
7538,0,0,0,0,66.01
7539,1,0,0,0,29.5
7540,1,1,1,0,81.53
7541,0,0,0,0,83.76
7542,0,0,0,0,137.68
7543,0,0,0,0,49.27
7544,1,0,1,0,56.22
7545,1,1,0,0,64.71
7546,0,0,0,0,22.65
7547,1,0,0,1,89.65
7548,1,0,0,0,94.52
7549,1,0,1,0,0.0
7550,1,0,1,0,153.45
7551,0,0,0,0,87.05
7552,0,0,0,0,0.0
7553,0,0,1,0,0.0
7554,1,1,0,0,112.0
7555,0,0,0,0,50.73
7556,1,0,0,0,0.0
7557,0,0,0,0,117.45
7558,1,1,0,0,27.99
7559,0,0,1,0,93.86
7560,0,1,1,0,162.08
7561,1,0,1,0,72.31
7562,0,0,0,0,38.98
7563,0,0,0,1,0.0
7564,0,0,0,0,77.23
7565,1,0,0,0,155.27
7566,1,0,1,0,0.0
7567,1,0,0,0,213.46
7568,0,0,0,1,138.5
7569,1,0,1,0,72.93
7570,1,0,1,0,85.23
7571,0,0,0,0,94.14
7572,0,0,0,0,161.89
7573,1,0,0,0,51.2
7574,1,0,0,0,58.97
7575,0,0,1,0,120.02
7576,0,1,1,0,14.9
7577,0,0,0,1,106.53
7578,0,0,0,0,112.77
7579,1,0,1,1,15.9
7580,0,0,0,0,0.0
7581,1,0,1,0,76.84
7582,1,0,0,1,4.24
7583,0,0,1,1,111.38
7584,1,0,0,0,21.14
7585,0,0,0,0,45.28
7586,0,0,0,0,41.53
7587,0,0,0,0,122.09
7588,1,1,1,0,5.68
7589,0,0,0,0,65.67
7590,1,0,1,1,87.52
7591,1,0,0,0,60.61
7592,1,1,1,0,60.55
7593,1,0,1,0,94.95
7594,0,0,0,0,0.0
7595,1,0,0,0,156.78
7596,1,0,1,0,110.31
7597,0,1,1,0,0.0
7598,1,0,1,0,65.48
7599,0,0,0,0,2.76
7600,1,1,1,0,113.79
7601,0,0,1,0,83.96
7602,0,0,0,0,79.95
7603,0,0,0,0,54.82
7604,0,1,0,0,6.54
7605,1,1,1,0,61.97
7606,1,0,0,0,87.16
7607,0,0,0,0,27.68
7608,1,1,1,0,0.0
7609,1,0,0,0,0.0
7610,0,0,0,0,88.16
7611,0,1,0,0,26.43
7612,1,0,0,0,68.22
7613,0,0,0,0,12.95
7614,1,0,0,0,40.5
7615,0,1,1,1,147.74
7616,0,1,0,0,20.15
7617,0,0,0,0,14.98
7618,1,0,1,0,103.17
7619,0,0,1,0,29.25
7620,0,0,1,0,33.08
7621,0,0,0,0,38.26
7622,0,0,1,0,114.82
7623,0,0,1,0,68.51
7624,0,1,1,0,0.0
7625,0,0,0,0,7.54
7626,0,0,1,0,81.87
7627,0,0,1,0,0.0
7628,0,0,0,0,87.96
7629,0,1,1,0,67.56
7630,0,1,1,0,158.39
7631,0,0,0,0,61.63
7632,1,0,0,0,126.12
7633,0,0,1,1,67.55
7634,1,1,0,0,95.26
7635,0,0,1,0,38.52
7636,1,0,1,0,180.32
7637,1,0,0,0,4.58
7638,1,0,0,0,0.0
7639,0,0,1,0,17.4
7640,1,1,0,0,45.67
7641,0,0,0,0,96.25
7642,0,1,0,0,29.99
7643,0,0,1,0,153.9
7644,0,0,0,0,29.41
7645,0,0,0,0,55.7
7646,1,0,0,0,77.81
7647,1,0,1,0,104.52
7648,1,0,0,1,39.62
7649,0,1,0,1,107.27
7650,1,0,0,1,105.47
7651,1,1,0,0,70.7
7652,0,0,0,0,95.89
7653,1,0,1,1,34.97
7654,0,0,1,0,66.43
7655,1,0,0,0,69.03
7656,0,0,0,0,71.68
7657,1,0,1,0,66.19
7658,1,0,0,0,91.33
7659,0,0,0,1,0.0
7660,0,0,0,0,26.85
7661,0,0,0,0,118.33
7662,1,1,1,0,19.78
7663,1,1,1,0,0.0
7664,0,0,0,0,124.5
7665,0,0,0,0,0.0
7666,0,0,0,1,14.68
7667,1,0,1,0,102.3
7668,0,0,0,0,76.59
7669,0,0,0,0,140.8
7670,0,0,0,0,2.47
7671,1,0,1,0,98.14
7672,0,0,0,0,2.1
7673,1,0,1,0,152.05
7674,0,0,0,0,44.3
7675,1,0,0,0,0.0
7676,0,0,0,0,25.08
7677,1,1,1,1,216.09
7678,0,0,0,0,0.0
7679,1,0,1,0,126.24
7680,0,0,0,0,53.02
7681,0,1,0,0,55.36
7682,1,0,0,0,91.62
7683,1,1,1,0,4.93
7684,0,0,0,0,109.83
7685,0,0,0,0,87.04
7686,0,0,0,0,22.34
7687,1,0,0,0,0.0
7688,1,1,1,0,71.24
7689,0,1,1,0,7.37
7690,0,1,0,0,0.0
7691,0,0,0,0,33.23
7692,1,0,1,0,76.65
7693,0,0,0,1,91.46
7694,1,0,1,0,3.09
7695,1,0,1,0,162.12
7696,0,1,0,0,115.68
7697,1,0,0,0,53.76
7698,1,0,1,0,2.99
7699,0,0,0,0,113.22
7700,1,0,0,0,132.67
7701,0,0,0,0,14.24
7702,0,0,1,0,117.41
7703,1,1,1,0,39.63
7704,1,1,1,0,22.28
7705,0,0,0,0,0.0
7706,0,1,1,0,62.48
7707,0,0,0,0,77.84
7708,0,0,0,0,102.64
7709,1,0,1,0,21.45
7710,0,0,0,0,22.7
7711,0,0,0,0,77.97
7712,0,0,1,0,131.86
7713,0,0,0,1,94.04
7714,1,0,0,0,59.58
7715,0,0,0,0,51.06
7716,1,0,1,0,209.97
7717,0,0,0,0,143.97
7718,0,0,0,1,25.34
7719,1,1,1,0,96.21
7720,0,0,0,0,90.5
7721,1,0,1,0,98.4
7722,0,0,1,1,0.0
7723,0,0,1,0,48.36
7724,0,0,1,0,67.78
7725,1,1,1,0,77.37
7726,0,0,0,0,66.67
7727,0,0,0,0,0.0
7728,1,0,1,0,124.32
7729,0,0,1,0,121.05
7730,1,1,1,0,100.71
7731,1,0,0,0,44.65
7732,0,0,0,0,15.83
7733,1,1,0,0,0.0
7734,1,0,1,0,10.29
7735,1,0,1,0,83.0
7736,0,1,0,0,89.76
7737,0,0,0,0,76.59
7738,1,1,1,0,71.42
7739,0,0,1,0,73.47
7740,0,0,0,0,0.0
7741,1,0,1,0,182.03
7742,1,0,1,1,44.37
7743,0,0,0,1,76.44
7744,1,0,1,0,59.13
7745,0,0,0,0,0.0
7746,0,0,0,0,0.0
7747,1,1,1,0,2.83
7748,0,0,0,0,83.43
7749,0,0,0,0,90.06
7750,1,0,0,0,78.22
7751,0,0,0,1,81.74
7752,1,0,0,0,0.93
7753,0,0,0,0,0.0
7754,0,1,0,0,0.0
7755,0,0,1,0,57.65
7756,0,1,0,0,114.53
7757,1,0,0,1,146.24
7758,0,1,0,1,49.44
7759,0,0,0,0,0.0
7760,0,0,1,0,45.59
7761,1,0,0,0,12.09
7762,1,0,0,1,109.82
7763,0,0,1,1,13.68
7764,0,0,0,0,98.71
7765,0,0,0,0,79.57
7766,0,0,0,0,25.78
7767,0,0,1,1,25.27
7768,1,0,0,0,0.0
7769,0,0,1,0,31.66
7770,0,0,0,0,0.0
7771,0,0,0,0,6.6
7772,1,0,1,0,27.38
7773,0,0,0,0,26.72
7774,0,0,1,0,115.34
7775,0,0,0,0,0.0
7776,1,1,0,0,91.34
7777,0,1,0,0,57.48
7778,1,0,0,0,0.0
7779,1,0,1,0,65.38
7780,1,0,1,0,55.47
7781,0,0,0,0,172.63
7782,0,0,1,0,48.51
7783,0,1,1,0,76.43
7784,0,0,1,0,92.39
7785,1,0,1,0,29.0
7786,1,0,1,0,124.08
7787,1,1,0,1,71.5
7788,1,0,0,0,46.39
7789,0,1,0,0,47.22
7790,0,0,0,0,21.17
7791,0,0,0,1,33.09
7792,1,0,1,0,56.53
7793,0,0,1,0,124.34
7794,1,1,1,0,3.29
7795,0,1,0,0,13.8
7796,0,0,1,0,0.0
7797,1,0,0,0,108.42
7798,1,1,1,0,0.0
7799,0,0,1,0,48.2
7800,0,0,0,1,6.77
7801,0,0,1,0,58.89
7802,0,0,0,0,97.2
7803,0,0,0,0,15.65
7804,0,1,1,0,125.24
7805,1,0,1,0,51.36
7806,1,0,0,1,68.55
7807,0,0,1,0,0.0
7808,0,0,0,0,0.0
7809,0,0,0,0,104.75
7810,1,0,1,0,0.0
7811,0,0,0,0,14.25
7812,0,0,0,0,0.0
7813,0,0,0,0,69.17
7814,1,0,1,0,179.97
7815,0,0,0,0,28.15
7816,0,0,1,1,68.23
7817,1,0,1,1,118.39
7818,0,0,0,0,44.63
7819,1,0,1,0,0.0
7820,0,1,1,0,94.91
7821,0,1,1,1,163.0
7822,1,0,0,0,71.39
7823,1,0,0,1,48.98
7824,0,0,0,0,27.67
7825,1,0,1,0,12.7
7826,1,0,1,0,5.69
7827,1,0,0,0,57.26
7828,0,0,0,0,27.4
7829,0,1,1,0,37.41
7830,0,0,0,0,13.39
7831,0,0,0,1,92.57
7832,0,0,0,0,54.42
7833,1,1,1,1,190.69
7834,0,0,0,0,82.11
7835,1,0,0,0,103.52
7836,1,0,1,0,219.03
7837,1,0,1,0,103.41
7838,0,0,0,0,121.81
7839,1,0,1,0,40.39
7840,1,0,0,1,0.0
7841,0,0,0,0,121.55
7842,0,0,0,0,0.0
7843,0,1,0,0,1.45
7844,0,0,0,0,77.75
7845,0,0,0,0,62.37
7846,0,0,0,0,65.93
7847,0,0,0,0,0.0
7848,1,1,1,0,125.9
7849,0,0,0,0,0.0
7850,0,0,0,0,0.0
7851,0,0,0,1,0.0
7852,1,0,1,0,0.0
7853,0,0,0,0,91.73
7854,0,0,1,1,136.65
7855,0,0,0,0,67.72
7856,0,0,1,0,0.0
7857,0,0,0,1,125.0
7858,0,1,1,1,149.46
7859,1,0,0,0,102.05
7860,0,0,0,1,79.36
7861,0,0,0,0,0.0
7862,0,1,0,0,94.37
7863,1,0,0,0,118.02
7864,0,0,0,0,72.04
7865,0,0,0,0,34.84
7866,0,0,0,0,81.31
7867,1,0,0,0,91.17
7868,0,0,0,1,31.73
7869,1,0,0,0,168.4
7870,1,0,0,1,72.52
7871,0,0,0,0,98.28
7872,0,0,1,1,0.0
7873,0,0,0,1,58.18
7874,0,0,0,0,105.26
7875,1,0,1,0,0.0
7876,0,0,0,1,169.62
7877,0,1,1,0,192.67
7878,0,0,1,0,26.93
7879,0,0,1,0,155.12
7880,1,0,1,0,117.38
7881,0,0,0,0,134.9
7882,1,0,1,0,80.76
7883,0,0,0,0,107.57
7884,1,1,1,0,108.72
7885,1,0,1,0,30.31
7886,0,0,0,0,107.85
7887,0,0,0,0,34.52
7888,0,0,0,0,51.9
7889,1,0,0,0,50.16
7890,0,1,1,0,104.17
7891,0,0,1,0,28.28
7892,1,1,1,0,170.18
7893,0,0,1,0,131.56
7894,0,0,0,0,50.65
7895,1,0,0,0,172.9
7896,0,0,0,1,75.0
7897,1,0,0,0,86.48
7898,1,0,0,0,31.33
7899,1,0,1,0,0.0
7900,1,0,1,0,63.91
7901,0,0,0,0,104.66
7902,1,0,0,0,89.44
7903,0,0,1,0,98.68
7904,1,1,1,0,68.64
7905,1,0,0,0,71.21
7906,1,0,0,0,67.46
7907,0,0,0,0,4.24
7908,1,0,0,0,65.07
7909,0,0,0,0,23.61
7910,1,0,0,0,22.52
7911,1,1,1,0,102.33
7912,0,0,1,0,24.69
7913,1,0,0,0,94.72
7914,0,0,0,1,0.0
7915,0,0,0,0,45.66
7916,0,1,0,1,149.05
7917,1,0,1,0,97.59
7918,1,0,1,0,82.12
7919,1,0,1,0,0.0
7920,0,0,0,0,57.49
7921,0,0,0,0,47.68
7922,0,0,1,0,180.85
7923,1,1,1,0,135.82
7924,1,0,0,0,133.53
7925,1,0,1,0,138.01
7926,1,0,0,1,135.1
7927,0,0,0,0,36.43
7928,0,0,1,0,130.44
7929,1,0,0,0,23.7
7930,0,0,0,0,42.28
7931,1,1,1,0,88.53
7932,0,0,0,0,27.59
7933,0,0,0,0,63.3
7934,1,1,1,1,58.75
7935,0,0,0,0,0.0
7936,0,0,1,0,15.78
7937,0,0,1,0,91.45
7938,0,0,1,0,26.84
7939,0,0,0,0,0.0
7940,1,0,1,0,65.02
7941,0,1,1,1,67.7
7942,0,0,0,0,99.54
7943,0,1,1,0,51.55
7944,0,0,0,0,0.0
7945,0,0,1,0,0.0
7946,0,0,0,0,139.0
7947,0,0,0,0,14.3
7948,1,1,1,0,79.67
7949,1,0,1,0,93.82
7950,1,1,1,0,118.23
7951,0,0,0,0,68.27
7952,0,0,0,0,41.35
7953,0,0,0,0,70.71
7954,1,0,0,0,99.23
7955,1,0,0,0,120.83
7956,0,0,0,1,49.15
7957,0,0,0,0,17.25
7958,0,0,0,0,0.0
7959,0,1,0,0,0.0
7960,0,0,1,0,26.76
7961,1,0,1,0,85.06
7962,0,0,0,0,85.4
7963,0,0,0,0,77.64
7964,0,0,0,0,72.2
7965,1,0,0,1,7.76
7966,1,0,0,0,95.89
7967,0,0,1,0,48.87
7968,0,1,0,1,69.33
7969,1,0,0,1,60.75
7970,0,0,0,0,42.69
7971,0,1,0,1,65.16
7972,1,0,0,0,51.79
7973,0,1,1,0,171.79
7974,0,0,0,0,74.08
7975,0,0,0,0,93.08
7976,1,1,0,0,103.7
7977,0,0,0,0,148.52
7978,0,0,0,0,124.11
7979,0,0,1,0,69.34
7980,1,0,0,0,84.4
7981,0,0,0,0,85.2
7982,0,0,0,0,13.35
7983,0,0,1,0,184.27
7984,0,1,1,0,151.61
7985,1,1,0,0,222.92
7986,0,0,0,0,16.37
7987,0,0,0,0,0.0
7988,0,0,0,0,81.66
7989,0,0,0,0,0.0
7990,0,0,1,0,0.0
7991,1,1,0,0,101.92
7992,0,0,1,0,32.72
7993,0,0,1,0,124.0
7994,0,0,1,0,20.25
7995,0,0,1,0,76.75
7996,0,0,0,0,0.0
7997,0,0,1,0,65.75
7998,0,0,1,0,67.4
7999,0,0,0,1,0.0
8000,0,1,0,0,67.73
8001,0,0,0,0,114.66
8002,0,1,1,0,14.58
8003,0,0,0,0,0.0
8004,1,0,1,0,88.72
8005,0,1,1,0,3.95
8006,0,0,0,0,30.39
8007,0,0,0,0,55.65
8008,0,0,1,0,44.09
8009,0,0,0,0,62.11
8010,0,1,1,0,32.19
8011,0,0,1,0,25.25
8012,0,0,0,1,10.44
8013,0,0,1,0,103.81
8014,0,0,0,1,80.79
8015,0,1,1,0,62.78
8016,0,0,1,0,106.26
8017,0,0,0,0,0.0
8018,0,0,0,0,132.78
8019,0,0,1,0,101.68
8020,0,0,0,0,118.04
8021,0,0,0,0,154.59
8022,1,0,1,0,102.79
8023,0,0,0,0,0.0
8024,1,0,1,0,83.87
8025,1,0,0,1,78.53
8026,1,0,1,0,110.0
8027,0,0,0,0,20.44
8028,1,1,0,0,61.32
8029,1,1,1,0,100.22
8030,1,0,0,1,89.71
8031,1,1,1,0,34.94
8032,0,0,0,0,16.28
8033,0,1,0,0,83.49
8034,0,0,0,0,12.07
8035,1,0,1,0,140.98
8036,0,0,0,0,76.37
8037,0,0,0,0,0.0
8038,0,0,0,0,0.0
8039,0,0,0,0,0.0
8040,1,0,0,0,0.0
8041,0,0,0,1,91.5
8042,0,1,0,0,29.62
8043,0,1,0,1,88.7
8044,0,0,1,0,206.87
8045,1,1,1,0,0.0
8046,0,0,0,0,39.42
8047,1,0,0,0,27.88
8048,0,0,0,0,26.27
8049,0,1,0,0,64.37
8050,1,1,1,0,64.75
8051,1,0,0,0,126.02
8052,1,0,0,0,55.56
8053,1,0,0,1,151.76
8054,1,1,1,0,68.15
8055,0,0,0,0,187.21
8056,1,0,1,0,104.96
8057,0,0,0,0,25.78
8058,0,0,0,0,88.38
8059,0,0,0,1,118.52
8060,0,0,0,0,0.0
8061,0,0,0,0,59.89
8062,0,1,1,0,51.77
8063,0,0,0,0,34.1
8064,0,0,0,0,0.0
8065,1,1,0,0,229.44
8066,0,0,0,0,85.64
8067,0,0,1,0,145.82
8068,0,0,0,0,38.07
8069,0,0,0,1,32.22
8070,0,0,0,0,20.95
8071,0,0,0,1,46.89
8072,0,0,0,0,41.66
8073,1,1,0,0,254.68
8074,1,0,1,0,253.42
8075,1,1,1,1,83.61
8076,0,0,0,0,164.55
8077,1,1,0,0,158.36
8078,1,0,1,0,97.34
8079,0,0,0,0,69.53
8080,0,0,0,0,50.65
8081,1,1,1,0,0.0
8082,1,0,0,0,72.92
8083,0,1,1,0,19.51
8084,0,0,0,0,5.32
8085,1,0,0,0,0.0
8086,0,0,0,0,59.75
8087,0,1,1,0,39.0
8088,0,1,0,0,0.0
8089,0,1,1,0,88.76
8090,0,0,0,0,0.0
8091,1,0,1,0,112.89
8092,1,0,1,1,166.3
8093,0,1,0,0,183.8
8094,0,0,0,0,4.82
8095,1,0,0,0,126.7
8096,1,0,1,1,142.03
8097,1,0,1,0,94.01
8098,0,0,1,0,170.52
8099,0,0,1,1,49.25
8100,1,0,1,0,38.36
8101,1,0,1,0,103.87
8102,0,0,1,0,87.21
8103,1,0,0,0,96.06
8104,1,0,1,0,150.3
8105,0,0,0,0,46.89
8106,0,0,0,0,122.41
8107,1,0,0,0,79.87
8108,0,0,0,0,13.66
8109,0,0,0,0,95.92
8110,0,0,1,0,31.0
8111,1,1,1,0,79.0
8112,1,0,1,1,188.13
8113,0,0,0,1,0.0
8114,1,0,1,0,52.85
8115,1,0,0,1,49.98
8116,0,0,0,1,36.93
8117,0,0,0,0,171.8
8118,0,0,0,0,113.5
8119,0,0,0,0,94.54
8120,0,0,1,0,48.08
8121,0,0,0,0,5.48
8122,0,0,0,0,0.0
8123,0,1,0,0,37.58
8124,0,0,1,1,162.83
8125,0,0,0,0,129.58
8126,1,1,0,1,117.03
8127,1,0,1,0,126.34
8128,1,0,0,0,136.04
8129,0,0,0,0,131.96
8130,0,0,0,0,0.0
8131,1,0,0,0,0.0
8132,0,0,0,0,62.55
8133,0,0,1,0,10.56
8134,0,0,0,0,167.15
8135,0,0,1,0,27.81
8136,0,1,1,0,7.91
8137,0,0,1,0,40.62
8138,1,1,1,0,102.4
8139,1,0,1,0,165.36
8140,0,0,0,0,118.3
8141,0,0,0,0,102.02
8142,0,1,0,0,3.24
8143,1,0,1,0,135.98
8144,0,0,1,0,86.46
8145,1,0,0,0,107.49
8146,0,0,0,0,64.19
8147,1,0,0,0,10.53
8148,0,0,1,0,42.83
8149,1,0,1,0,74.09
8150,1,0,0,1,0.0
8151,0,1,1,0,70.05
8152,0,0,0,0,63.07
8153,1,1,1,0,156.68
8154,0,0,1,0,42.79
8155,0,0,0,0,52.21
8156,1,0,0,0,106.84
8157,0,0,0,0,109.03
8158,0,0,1,0,193.09
8159,1,0,1,0,103.38
8160,1,0,0,1,89.84
8161,1,0,0,0,0.0
8162,0,0,0,0,120.67
8163,0,1,0,1,0.0
8164,0,1,0,0,55.38
8165,1,1,1,0,5.99
8166,0,1,1,0,104.33
8167,0,0,0,0,83.36
8168,0,0,1,0,169.69
8169,0,0,0,0,0.0
8170,0,0,0,0,46.35
8171,0,0,0,0,0.0
8172,1,1,1,0,102.91
8173,0,0,0,0,74.61
8174,0,0,0,0,177.51
8175,0,0,1,0,39.95
8176,1,0,1,0,34.43
8177,1,0,1,0,83.78
8178,1,0,1,0,126.15
8179,0,0,1,0,158.83
8180,0,0,0,0,42.3
8181,0,0,1,0,0.0
8182,0,0,0,0,160.33
8183,1,0,1,0,0.0
8184,1,0,1,1,71.25
8185,0,0,0,0,24.33
8186,1,0,1,1,0.0
8187,1,0,0,0,0.0
8188,0,1,1,1,0.0
8189,1,0,1,0,21.7
8190,0,1,0,0,190.68
8191,1,0,1,0,65.84
8192,1,1,0,0,95.86
8193,0,0,0,0,132.75
8194,0,0,0,0,0.0
8195,1,1,1,0,78.56
8196,1,0,0,0,89.2
8197,1,0,0,0,14.31
8198,0,0,0,0,69.56
8199,1,0,1,0,29.5
8200,0,0,0,0,81.54
8201,1,1,1,0,222.63
8202,1,0,1,0,110.35
8203,1,0,0,1,70.17
8204,0,0,0,0,35.96
8205,0,0,0,0,52.95
8206,0,0,1,0,66.99
8207,0,0,0,0,45.99
8208,1,1,1,0,147.9
8209,1,0,1,0,94.23
8210,0,0,0,0,74.89
8211,0,0,0,0,4.92
8212,0,0,0,0,0.0
8213,0,0,0,0,144.84
8214,1,0,0,0,0.0
8215,0,0,1,0,0.0
8216,0,0,0,0,94.08
8217,1,0,0,0,0.0
8218,0,0,1,0,121.71
8219,0,0,0,0,0.0
8220,1,0,1,0,48.01
8221,0,0,1,0,25.5
8222,1,0,1,0,114.81
8223,0,0,1,0,73.97
8224,0,0,0,0,28.45
8225,0,0,0,0,45.1
8226,0,0,0,0,136.86
8227,0,0,0,0,140.84
8228,0,0,0,0,65.74
8229,1,0,1,0,98.68
8230,0,0,0,0,63.96
8231,1,1,1,1,33.75
8232,1,1,0,0,42.85
8233,0,0,1,0,72.42
8234,0,0,0,0,0.0
8235,1,0,1,0,126.55
8236,0,0,0,0,0.0
8237,1,0,1,0,78.47
8238,0,0,0,0,0.0
8239,0,1,0,0,0.0
8240,1,1,1,0,68.66
8241,1,1,1,0,152.32
8242,0,1,0,0,83.66
8243,0,1,1,0,50.75
8244,1,1,1,0,133.91
8245,0,0,0,1,0.0
8246,1,1,1,0,229.85
8247,0,1,0,0,0.0
8248,0,1,1,1,62.61
8249,1,0,0,0,12.98
8250,0,0,0,0,19.03
8251,1,0,0,0,101.51
8252,0,0,1,0,83.94
8253,1,0,0,0,102.48
8254,0,0,0,0,1.2
8255,1,0,0,0,0.0
8256,0,0,0,0,94.38
8257,0,1,1,1,70.19
8258,1,0,0,0,123.23
8259,1,1,1,0,26.33
8260,1,1,1,0,21.47
8261,0,0,0,0,41.37
8262,0,0,0,0,0.0
8263,0,0,0,0,0.0
8264,0,0,0,0,119.13
8265,0,0,0,0,22.48
8266,1,0,1,0,139.4
8267,0,1,1,0,153.78
8268,0,0,0,0,0.0
8269,0,0,0,1,103.65
8270,1,0,1,0,48.8
8271,0,1,1,1,80.47
8272,1,1,0,0,104.2
8273,0,0,1,1,0.0
8274,0,1,0,0,124.03
8275,0,0,1,0,16.29
8276,0,0,0,0,0.0
8277,0,0,1,0,45.01
8278,0,0,1,0,64.64
8279,1,1,0,0,164.58
8280,0,0,0,0,0.0
8281,1,1,1,0,85.56
8282,0,0,0,0,43.88
8283,0,0,0,0,74.61
8284,1,0,0,0,33.11
8285,1,1,1,0,47.75
8286,0,0,0,0,82.61
8287,0,0,0,0,26.26
8288,1,0,0,0,108.06
8289,1,0,1,0,127.59
8290,1,0,1,0,8.38
8291,0,0,0,0,6.69
8292,0,0,0,0,0.0
8293,1,0,1,0,65.26
8294,1,0,1,0,108.4
8295,0,0,0,0,0.0
8296,0,0,1,0,72.08
8297,0,0,0,0,43.63
8298,0,0,0,0,56.42
8299,0,0,0,0,43.78
8300,0,0,1,0,127.73
8301,0,0,1,1,62.69
8302,0,1,1,1,44.25
8303,1,0,1,0,15.95
8304,1,0,1,0,0.0
8305,0,1,1,0,0.0
8306,1,0,1,0,79.34
8307,0,1,0,0,26.98
8308,1,0,1,0,178.82
8309,1,1,1,0,122.24
8310,1,1,0,1,143.81
8311,0,0,0,0,53.1
8312,0,0,1,0,135.9
8313,1,0,1,0,28.03
8314,0,0,0,0,41.9
8315,0,0,0,0,0.0
8316,0,0,0,0,0.0
8317,0,0,0,0,101.38
8318,0,0,0,0,0.0
8319,1,0,1,1,109.46
8320,0,0,0,1,25.27
8321,0,0,0,0,63.34
8322,1,0,1,1,146.72
8323,0,0,1,0,202.65
8324,0,0,0,0,59.59
8325,0,0,1,0,60.76
8326,1,1,1,0,81.08
8327,0,0,0,0,20.02
8328,0,1,0,0,137.93
8329,0,0,1,1,60.56
8330,0,0,0,0,63.63
8331,0,0,0,0,59.56
8332,0,0,0,0,101.4
8333,1,0,1,0,75.21
8334,0,0,0,0,131.3
8335,0,0,0,0,34.89
8336,0,1,0,0,0.0
8337,1,0,1,1,4.49
8338,0,0,1,0,95.7
8339,0,1,1,0,113.06
8340,1,0,1,0,118.73
8341,0,0,1,0,92.77
8342,0,0,1,0,129.28
8343,0,0,0,0,110.08
8344,1,0,1,0,119.8
8345,1,0,1,0,138.69
8346,1,0,1,0,38.11
8347,1,1,0,0,109.47
8348,0,0,1,0,52.94
8349,0,1,1,0,22.5
8350,0,0,0,0,61.36
8351,0,1,1,0,141.79
8352,1,1,1,0,31.53
8353,1,0,0,0,86.72
8354,0,0,0,0,38.6
8355,0,1,0,0,127.61
8356,0,0,1,0,53.26
8357,0,0,1,0,29.95
8358,0,0,1,0,70.68
8359,1,0,0,0,22.08
8360,0,0,0,0,91.14
8361,1,1,1,0,143.18
8362,0,1,0,0,12.06
8363,0,1,1,0,4.76
8364,0,1,0,0,98.6
8365,0,1,0,0,75.61
8366,0,0,0,0,105.43
8367,1,1,1,0,86.35
8368,1,0,1,1,43.92
8369,0,0,0,0,175.7
8370,0,0,0,0,129.31
8371,1,0,1,0,102.99
8372,1,0,0,0,30.12
8373,0,0,1,0,85.8
8374,0,0,0,0,30.92
8375,0,0,0,0,0.0
8376,0,0,1,0,8.16
8377,0,1,1,0,90.97
8378,1,0,0,0,46.19
8379,0,0,1,0,26.59
8380,1,0,1,0,0.0
8381,0,0,1,0,159.32
8382,0,0,0,0,0.0
8383,1,0,0,0,17.43
8384,1,1,0,0,128.57
8385,0,0,0,0,0.0
8386,0,0,0,0,0.0
8387,0,0,1,0,0.0
8388,1,0,1,1,85.1
8389,1,0,1,0,47.88
8390,0,0,0,0,0.0
8391,0,0,0,0,22.08
8392,0,0,1,0,0.0
8393,0,1,1,1,16.82
8394,1,0,1,0,229.33
8395,0,0,0,0,67.17
8396,0,0,0,0,7.86
8397,1,1,1,0,0.0
8398,0,0,0,0,0.0
8399,1,0,0,0,0.0
8400,1,1,1,0,100.1
8401,1,0,0,0,0.0
8402,0,0,0,0,64.32
8403,1,0,1,0,13.94
8404,0,0,0,0,15.8
8405,1,0,1,0,55.76
8406,0,1,0,0,108.24
8407,0,0,0,0,136.71
8408,0,0,1,0,88.55
8409,0,1,0,0,9.68
8410,1,0,0,0,100.18
8411,1,1,1,0,86.91
8412,1,1,1,0,159.12
8413,1,1,1,0,385.08
8414,1,0,1,0,85.99
8415,1,0,0,0,117.74
8416,0,0,0,0,86.39
8417,1,0,1,0,46.65
8418,1,0,1,0,68.94
8419,0,0,1,0,81.12
8420,0,0,0,0,67.22
8421,0,0,0,0,84.46
8422,0,0,0,0,17.87
8423,1,1,1,0,74.12
8424,1,0,1,0,61.93
8425,1,0,1,0,0.0
8426,1,0,1,0,121.68
8427,0,1,0,0,66.62
8428,1,1,1,0,132.97
8429,0,0,0,0,50.33
8430,0,0,0,0,48.32
8431,0,0,0,0,33.55
8432,0,1,1,0,88.95
8433,1,0,1,1,166.55
8434,0,1,1,0,37.44
8435,1,1,1,0,5.02
8436,0,1,1,0,65.41
8437,0,0,0,0,18.93
8438,0,0,0,0,28.38
8439,0,0,0,0,0.0
8440,1,1,1,0,111.56
8441,0,0,1,0,104.44
8442,1,0,0,0,68.38
8443,1,0,1,0,51.33
8444,0,0,0,0,159.81
8445,0,0,1,0,69.05
8446,0,0,0,0,86.04
8447,0,0,1,0,78.19
8448,1,0,0,0,105.83
8449,1,0,1,0,98.15
8450,1,0,0,0,27.49
8451,1,0,1,0,0.0
8452,0,0,0,0,131.94
8453,1,0,0,0,58.53
8454,1,0,1,0,0.0
8455,0,1,1,0,47.43
8456,0,0,1,0,31.07
8457,0,0,1,0,60.9
8458,0,0,0,0,56.91
8459,0,1,1,0,48.02
8460,1,0,1,0,13.2
8461,1,0,1,0,111.42
8462,0,0,0,0,98.59
8463,0,0,0,0,0.0
8464,0,1,0,1,190.34
8465,0,0,0,0,12.38
8466,0,0,1,0,5.34
8467,0,0,1,0,71.48
8468,0,1,1,0,0.0
8469,1,0,1,0,96.85
8470,0,0,1,1,0.0
8471,0,0,0,0,0.0
8472,0,1,0,0,42.43
8473,0,0,0,0,51.02
8474,1,0,0,1,30.15
8475,0,0,0,1,32.67
8476,1,0,1,0,41.34
8477,0,0,0,0,63.35
8478,1,0,1,0,80.9
8479,1,0,1,0,176.33
8480,0,0,0,0,0.0
8481,0,0,0,0,84.85
8482,0,0,0,0,0.0
8483,1,1,1,0,73.47
8484,0,0,1,0,56.63
8485,1,0,0,1,130.17
8486,0,0,0,0,104.88
8487,1,0,0,0,0.0
8488,1,0,0,0,55.0
8489,1,1,1,0,204.81
8490,1,1,1,0,46.34
8491,0,0,0,1,37.49
8492,0,0,1,1,14.33
8493,0,1,1,0,56.46
8494,0,0,0,0,61.26
8495,0,0,0,0,156.19
8496,0,0,0,0,117.14
8497,1,1,0,0,4.83
8498,1,0,0,0,69.85
8499,1,0,1,0,63.23
8500,0,0,1,0,0.0
8501,0,1,0,0,0.0
8502,1,0,0,0,107.02
8503,0,0,0,0,57.69
8504,1,1,0,0,0.39
8505,0,0,0,0,35.73
8506,0,0,0,0,26.18
8507,0,0,0,0,148.28
8508,0,0,0,1,62.76
8509,1,0,1,0,44.3
8510,0,0,1,1,77.99
8511,1,0,0,0,50.37
8512,0,0,0,0,16.16
8513,0,0,0,0,53.19
8514,0,1,0,0,79.29
8515,0,0,1,0,98.77
8516,0,0,1,0,0.0
8517,0,0,0,1,83.43
8518,1,1,1,0,122.44
8519,0,0,0,0,33.76
8520,0,0,1,0,15.16
8521,1,0,0,0,57.53
8522,0,1,1,0,135.85
8523,0,0,0,0,76.0
8524,0,0,0,0,122.03
8525,0,0,0,1,1.31
8526,0,0,1,1,110.51
8527,1,1,0,0,44.04
8528,0,0,0,0,135.22
8529,1,0,1,0,22.38
8530,1,1,1,0,191.29
8531,0,0,1,0,35.17
8532,0,0,0,0,85.95
8533,0,0,0,0,87.37
8534,1,0,1,0,0.0
8535,1,0,0,0,67.34
8536,0,0,0,0,114.7
8537,0,0,0,0,110.06
8538,0,0,0,1,88.55
8539,1,0,1,1,0.0
8540,1,0,0,1,119.44
8541,0,0,0,0,33.86
8542,0,0,1,0,59.76
8543,1,0,1,0,119.75
8544,0,0,0,0,28.22
8545,1,0,0,0,91.2
8546,1,0,0,0,0.0
8547,1,0,0,0,19.16
8548,1,1,1,0,79.27
8549,1,0,0,0,78.21
8550,1,1,1,0,128.04
8551,1,0,1,0,73.16
8552,0,0,0,1,61.28
8553,0,1,1,0,142.83
8554,1,0,0,0,61.15
8555,0,0,1,0,76.96
8556,0,0,0,1,0.0
8557,0,0,1,0,37.08
8558,1,0,0,0,71.5
8559,0,0,0,0,62.19
8560,1,0,0,0,20.34
8561,1,1,1,0,131.04
8562,0,0,0,1,61.95
8563,0,0,0,0,22.84
8564,0,0,0,0,114.75
8565,0,0,0,0,19.54
8566,1,1,1,1,123.18
8567,0,1,1,1,136.12
8568,0,0,1,0,45.91
8569,1,0,0,0,61.93
8570,1,0,0,0,50.99
8571,1,0,1,0,12.33
8572,0,0,1,0,116.6
8573,0,0,0,0,24.84
8574,1,0,1,0,61.63
8575,0,0,1,0,134.47
8576,0,0,0,0,37.65
8577,0,0,0,1,91.17
8578,1,0,0,0,137.01
8579,0,1,0,0,71.95
8580,0,0,1,0,54.49
8581,1,0,0,1,118.4
8582,0,0,0,1,53.82
8583,0,0,0,0,67.25
8584,1,1,1,0,105.79
8585,0,0,0,0,0.0
8586,0,0,0,0,218.28
8587,0,0,0,0,108.72
8588,1,0,1,1,97.19
8589,0,1,0,0,19.78
8590,0,0,0,0,20.06
8591,1,0,0,0,71.7
8592,0,0,0,0,62.52
8593,1,1,1,1,83.83
8594,0,0,0,0,72.95
8595,1,1,1,0,115.13
8596,0,0,0,0,8.62
8597,0,0,1,0,117.61
8598,0,0,0,0,0.0
8599,0,0,1,0,81.26
8600,0,0,0,0,88.27
8601,1,1,0,0,174.25
8602,1,0,1,0,0.0
8603,1,0,1,0,34.33
8604,1,1,1,0,156.13
8605,0,0,1,0,181.14
8606,0,0,0,1,106.26
8607,1,1,0,0,27.7
8608,0,0,0,0,0.0
8609,1,1,0,0,102.77
8610,1,0,1,0,189.84
8611,1,0,1,0,129.04
8612,0,0,1,0,11.8
8613,1,1,1,1,107.48
8614,0,0,0,1,119.32
8615,1,1,1,0,58.12
8616,0,0,0,0,72.41
8617,1,1,1,0,0.0
8618,0,0,0,1,35.66
8619,1,1,1,0,46.57
8620,0,0,0,0,139.85
8621,1,0,0,1,58.51
8622,1,0,1,0,66.15
8623,0,0,0,1,106.02
8624,1,1,1,0,85.3
8625,0,0,1,1,27.72
8626,1,0,1,1,185.76
8627,0,0,0,0,94.68
8628,0,0,0,0,69.32
8629,0,0,1,0,61.8
8630,1,0,1,0,55.4
8631,0,0,0,0,80.95
8632,0,1,1,0,179.25
8633,1,0,1,0,21.92
8634,1,0,1,0,112.18
8635,0,0,0,0,112.6
8636,1,0,1,0,111.17
8637,1,0,0,0,100.31
8638,0,0,0,0,5.04
8639,0,0,0,0,85.8
8640,0,0,1,0,81.0
8641,1,0,0,0,69.13
8642,1,0,1,0,15.02
8643,0,0,0,0,155.06
8644,0,0,1,0,38.33
8645,1,0,1,0,20.5
8646,0,0,0,0,169.62
8647,1,0,1,1,34.36
8648,0,0,0,0,0.0
8649,0,0,1,0,0.0
8650,0,0,0,0,74.8
8651,1,0,1,0,262.79
8652,0,0,1,0,26.64
8653,0,0,1,0,0.0
8654,0,1,0,0,70.9
8655,0,0,0,0,0.0
8656,0,0,0,0,25.05
8657,0,0,0,0,21.64
8658,0,0,0,1,94.64
8659,0,0,0,0,0.0
8660,0,0,0,0,137.68
8661,1,0,0,0,36.14
8662,0,0,0,0,79.96
8663,1,0,0,0,87.97
8664,0,0,0,0,121.23
8665,0,0,1,1,14.95
8666,0,0,1,0,108.75
8667,0,1,0,0,0.0
8668,0,0,0,0,88.81
8669,0,0,0,0,112.0
8670,0,0,0,1,73.81
8671,1,0,1,1,108.59
8672,0,0,0,0,0.0
8673,1,0,0,0,80.16
8674,0,0,0,0,60.56
8675,1,0,0,0,52.38
8676,1,0,1,0,173.32
8677,1,0,0,1,82.74
8678,1,0,1,0,82.73
8679,1,1,0,0,0.0
8680,0,0,1,0,43.49
8681,0,0,0,0,162.38
8682,0,1,0,0,37.28
8683,1,0,0,0,90.89
8684,0,0,0,0,154.64
8685,0,0,1,0,23.52
8686,0,0,1,0,34.53
8687,0,0,1,0,4.81
8688,1,0,1,1,1.99
8689,0,1,0,0,0.0
8690,0,0,0,0,9.94
8691,0,1,1,0,56.33
8692,1,0,1,0,90.75
8693,0,0,1,0,3.14
8694,1,0,1,0,85.46
8695,1,0,0,1,70.74
8696,1,0,1,0,5.26
8697,1,1,1,0,97.72
8698,0,1,0,0,48.47
8699,1,1,1,0,121.28
8700,0,0,0,1,0.0
8701,0,1,0,0,106.19
8702,0,0,0,0,20.67
8703,0,0,0,0,111.02
8704,0,0,0,0,56.17
8705,0,0,0,0,131.34
8706,0,0,0,0,148.0
8707,0,0,1,1,244.07
8708,0,1,0,0,28.59
8709,0,0,0,0,0.0
8710,0,0,0,0,85.99
8711,1,0,1,0,51.78
8712,1,0,1,0,130.28
8713,0,0,0,0,167.83
8714,1,0,1,0,98.89
8715,1,0,0,0,21.42
8716,1,1,1,0,54.52
8717,0,0,0,0,108.6
8718,1,0,1,0,57.11
8719,1,1,1,1,19.18
8720,1,0,1,0,164.32
8721,0,1,0,0,65.1
8722,0,1,0,0,69.77
8723,0,1,0,0,52.92
8724,1,0,1,0,68.48
8725,1,0,1,0,100.65
8726,0,0,1,0,31.48
8727,0,0,1,0,35.84
8728,1,0,0,0,10.6
8729,0,1,0,0,98.46
8730,0,0,0,0,20.91
8731,1,1,1,0,63.09
8732,0,0,0,0,65.24
8733,0,0,0,0,113.28
8734,1,0,1,0,106.93
8735,0,0,1,0,50.21
8736,0,0,1,0,128.45
8737,0,0,1,1,29.58
8738,0,0,0,0,70.12
8739,0,0,0,0,71.16
8740,0,0,0,0,54.49
8741,0,0,0,0,114.23
8742,0,0,0,0,44.19
8743,0,1,0,0,2.22
8744,1,0,1,0,50.85
8745,0,0,0,0,2.11
8746,0,0,1,0,103.4
8747,0,0,0,0,133.99
8748,1,0,1,0,92.25
8749,1,0,0,0,0.0
8750,0,0,1,0,197.2
8751,0,0,1,0,88.45
8752,0,0,0,0,5.61
8753,0,1,0,0,92.1
8754,1,1,1,0,49.58
8755,0,0,0,0,0.0
8756,0,0,0,0,55.65
8757,0,1,0,0,121.17
8758,1,1,0,0,108.02
8759,0,0,0,0,44.07
8760,1,0,1,0,0.0
8761,1,1,1,0,206.24
8762,1,0,0,0,0.0
8763,0,0,0,0,130.91
8764,1,0,0,0,7.82
8765,0,0,0,0,78.88
8766,1,0,1,0,69.54
8767,0,0,0,0,146.7
8768,1,0,1,0,35.36
8769,1,0,1,0,95.21
8770,0,0,0,0,195.63
8771,0,1,1,0,125.36
8772,0,0,1,0,137.43
8773,0,0,0,1,0.0
8774,0,0,0,0,0.0
8775,1,0,0,1,61.49
8776,1,1,1,0,193.85
8777,0,1,1,0,24.52
8778,0,1,1,0,0.0
8779,1,0,1,1,76.75
8780,1,1,1,0,0.0
8781,1,0,1,0,69.04
8782,0,0,0,0,85.93
8783,0,0,0,0,102.16
8784,0,0,0,0,67.39
8785,1,0,0,0,12.02
8786,1,0,1,1,72.18
8787,0,0,0,0,10.4
8788,0,0,0,0,45.48
8789,0,0,0,1,24.66
8790,0,1,0,0,27.99
8791,1,0,0,0,9.18
8792,0,0,0,0,91.21
8793,0,0,0,0,110.19
8794,0,1,0,0,62.13
8795,0,0,0,0,0.0
8796,0,0,0,0,70.93
8797,0,0,0,0,48.77
8798,0,0,0,0,131.08
8799,0,0,0,0,30.05
8800,1,0,1,0,87.18
8801,0,0,0,0,79.83
8802,0,1,0,0,65.8
8803,0,0,0,0,75.08
8804,0,0,1,0,92.7
8805,0,0,1,0,0.0
8806,1,0,1,0,30.1
8807,0,0,0,0,72.26
8808,1,0,1,0,0.0
8809,0,0,1,0,0.0
8810,1,0,0,0,49.63
8811,1,1,1,0,182.04
8812,1,0,1,0,83.83
8813,0,0,0,0,121.14
8814,1,0,0,0,36.8
8815,0,0,1,0,59.8
8816,0,0,0,0,115.34
8817,1,0,1,0,92.23
8818,0,1,1,0,48.75
8819,1,0,1,1,69.35
8820,0,0,1,0,24.67
8821,0,0,1,0,0.0
8822,1,0,1,0,59.6
8823,1,0,0,0,122.39
8824,0,0,0,0,31.58
8825,0,1,1,0,86.99
8826,1,0,1,1,1.69
8827,0,0,0,0,144.45
8828,1,0,1,0,214.82
8829,0,1,0,0,40.2
8830,1,0,0,0,24.83
8831,1,0,0,0,147.86
8832,1,0,1,0,27.89
8833,0,0,1,0,67.71
8834,0,0,0,0,130.86
8835,0,0,1,0,105.1
8836,1,0,0,0,158.76
8837,1,0,1,0,135.41
8838,1,0,0,1,131.99
8839,0,0,0,0,0.0
8840,0,1,1,0,0.0
8841,1,1,0,1,69.06
8842,0,0,0,0,26.76
8843,0,0,1,0,0.0
8844,0,0,0,0,38.93
8845,0,0,0,0,127.01
8846,1,0,1,0,55.46
8847,0,1,0,0,93.72
8848,0,0,0,1,21.42
8849,0,0,1,0,30.48
8850,0,0,1,0,76.78
8851,1,0,1,0,85.09
8852,1,0,1,0,10.98
8853,0,0,0,0,0.0
8854,1,0,0,0,52.51
8855,0,0,0,0,48.59
8856,0,1,1,0,68.14
8857,0,0,0,0,53.08
8858,0,0,0,0,0.0
8859,1,0,1,1,77.35
8860,0,0,1,0,50.3
8861,0,0,0,0,23.6
8862,0,0,0,0,89.26
8863,0,0,0,0,0.0
8864,0,0,0,0,69.22
8865,0,0,0,0,9.8
8866,1,0,0,0,93.71
8867,0,0,1,0,96.92
8868,0,1,0,0,22.28
8869,0,0,0,0,21.9
8870,0,0,1,0,60.24
8871,1,1,1,0,118.86
8872,1,1,1,0,90.43
8873,0,1,1,0,42.84
8874,1,0,0,1,86.96
8875,1,1,1,0,66.77
8876,0,0,0,0,0.0
8877,1,0,1,1,76.12
8878,0,0,0,0,12.37
8879,1,0,1,0,154.99
8880,1,1,1,0,148.43
8881,0,0,0,0,21.9
8882,0,0,0,0,126.53
8883,0,0,1,0,120.37
8884,1,1,0,0,122.63
8885,1,0,1,0,129.89
8886,0,0,1,1,113.48
8887,0,0,0,0,50.61
8888,0,0,0,0,124.55
8889,0,0,1,0,0.0
8890,0,0,0,0,0.0
8891,0,0,0,0,60.53
8892,0,1,0,0,63.67
8893,1,1,0,0,33.87
8894,0,1,0,0,82.28
8895,0,0,0,0,21.43
8896,0,0,0,0,29.89
8897,0,0,0,0,0.0
8898,1,1,1,0,8.09
8899,0,0,0,1,96.31
8900,1,0,0,0,0.0
8901,0,0,0,1,156.16
8902,0,0,0,0,77.87
8903,0,0,1,0,60.72
8904,1,0,1,0,109.59
8905,1,1,1,0,46.39
8906,0,1,0,0,71.24
8907,1,0,0,0,84.43
8908,1,0,0,0,186.74
8909,0,0,1,0,55.85
8910,0,0,0,0,94.9
8911,1,0,0,0,26.71
8912,0,0,0,0,96.69
8913,0,0,0,0,0.0
8914,0,1,0,0,75.81
8915,1,0,1,0,0.0
8916,1,0,1,0,120.77
8917,0,0,1,0,18.26
8918,0,0,0,0,18.57
8919,1,0,1,0,65.41
8920,0,1,0,0,192.74
8921,1,0,0,0,75.99
8922,1,0,1,0,110.6
8923,1,0,0,0,75.32
8924,0,0,0,0,0.0
8925,0,0,0,0,97.23
8926,1,0,1,0,64.41
8927,1,0,0,0,28.07
8928,1,1,1,0,4.42
8929,1,1,1,0,168.98
8930,1,0,1,0,137.46
8931,0,0,0,0,60.59
8932,1,0,1,0,47.63
8933,1,1,1,0,74.77
8934,0,1,0,0,32.49
8935,1,0,1,0,121.55
8936,0,0,0,0,45.89
8937,1,0,0,0,107.29
8938,0,0,0,0,17.72
8939,0,0,0,0,6.0
8940,0,0,0,0,0.0
8941,1,1,0,0,66.15
8942,0,0,0,1,127.3
8943,0,1,0,0,19.44
8944,0,0,1,0,187.19
8945,0,0,0,1,171.11
8946,1,1,1,1,116.24
8947,1,0,1,0,113.92
8948,0,0,0,0,9.74
8949,1,1,1,0,94.55
8950,0,0,0,0,0.0
8951,1,0,0,0,36.26
8952,0,1,1,0,133.0
8953,0,0,0,1,87.49
8954,1,0,0,1,83.92
8955,1,0,0,0,84.95
8956,1,0,1,0,110.39
8957,0,0,0,0,39.52
8958,0,0,0,0,21.75
8959,1,0,1,0,0.0
8960,0,0,1,0,86.21
8961,1,0,1,0,80.15
8962,0,0,1,0,106.1
8963,1,0,1,0,49.51
8964,0,0,0,0,55.12
8965,0,0,0,0,88.33
8966,0,1,0,0,72.39
8967,0,0,0,0,96.87
8968,0,0,0,0,0.0
8969,1,0,0,0,23.96
8970,1,1,0,0,75.97
8971,0,1,0,0,82.68
8972,1,0,1,0,60.61
8973,0,0,1,0,86.69
8974,0,1,0,0,129.92
8975,0,0,0,0,47.88
8976,0,0,0,0,31.9
8977,0,0,1,0,58.48
8978,0,0,0,0,0.0
8979,0,1,1,0,0.0
8980,1,1,1,1,88.23
8981,0,0,0,0,24.19
8982,0,0,0,0,0.0
8983,0,0,0,0,60.78
8984,0,0,1,0,91.05
8985,0,1,1,0,73.18
8986,1,0,1,0,98.12
8987,0,0,1,0,34.13
8988,1,1,1,0,84.38
8989,0,1,1,0,44.79
8990,0,0,0,0,0.0
8991,0,0,1,0,70.56
8992,0,0,0,0,101.0
8993,0,0,0,0,32.69
8994,1,0,1,0,40.78
8995,0,0,0,1,9.12
8996,1,0,1,0,71.91
8997,0,1,1,0,80.91
8998,0,0,0,0,0.0
8999,0,0,1,0,89.82
9000,1,0,1,0,93.19
9001,0,0,0,0,0.0
9002,0,0,0,0,109.32
9003,0,1,1,0,37.77
9004,0,0,0,0,0.0
9005,1,0,1,0,127.33
9006,0,0,0,0,7.96
9007,1,0,0,0,66.42
9008,1,0,1,0,70.3
9009,0,0,0,0,76.44
9010,1,0,1,0,66.58
9011,0,0,0,0,142.21
9012,0,0,0,0,42.02
9013,1,1,1,0,165.11
9014,1,0,1,0,38.81
9015,1,0,1,0,124.2
9016,1,0,1,1,114.34
9017,0,1,1,0,214.92
9018,1,1,1,0,62.99
9019,0,0,0,0,85.46
9020,0,0,1,0,18.93
9021,1,1,1,0,41.16
9022,0,0,0,0,0.0
9023,1,0,1,0,10.76
9024,0,0,0,0,52.99
9025,0,0,0,0,30.0
9026,1,0,0,0,118.31
9027,1,0,0,0,0.0
9028,0,0,0,0,50.7
9029,0,0,0,0,41.05
9030,0,0,0,0,95.18
9031,1,0,1,0,125.7
9032,0,0,0,0,89.63
9033,0,0,0,0,0.0
9034,0,0,0,0,75.71
9035,1,0,0,0,11.83
9036,1,0,1,0,31.89
9037,1,0,0,1,65.68
9038,1,0,1,1,56.49
9039,0,0,0,0,102.55
9040,0,0,0,0,86.93
9041,0,0,0,0,21.35
9042,0,0,0,0,0.0
9043,1,1,1,0,40.67
9044,0,0,1,0,80.79
9045,1,0,0,0,151.32
9046,1,1,1,0,10.65
9047,1,0,1,0,87.13
9048,1,0,0,1,89.23
9049,0,0,0,0,183.27
9050,1,0,1,0,5.37
9051,1,0,1,0,146.8
9052,1,1,0,0,83.85
9053,1,1,1,0,51.96
9054,1,0,1,0,40.0
9055,0,0,1,0,47.36
9056,0,1,1,0,42.65
9057,1,0,0,0,55.79
9058,0,0,0,0,101.06
9059,1,0,1,1,171.96
9060,0,0,1,0,151.46
9061,0,0,0,0,29.34
9062,1,0,1,0,151.2
9063,1,0,1,1,163.34
9064,0,0,0,1,152.09
9065,0,0,0,0,50.5
9066,0,0,1,0,177.27
9067,0,0,0,0,92.87
9068,0,0,1,0,99.03
9069,0,0,0,0,89.37
9070,0,0,0,0,0.0
9071,0,0,0,0,45.77
9072,1,0,0,0,137.51
9073,0,0,0,0,191.39
9074,0,0,0,0,70.84
9075,1,0,1,0,73.55
9076,1,1,1,0,67.57
9077,1,1,0,0,194.84
9078,1,0,0,0,166.02
9079,1,1,1,0,0.0
9080,0,0,0,0,156.77
9081,0,1,1,0,50.66
9082,0,0,1,0,38.33
9083,0,0,0,0,109.39
9084,0,0,1,0,68.07
9085,1,1,1,0,74.22
9086,1,1,1,0,55.18
9087,0,0,1,0,86.13
9088,0,0,0,1,148.82
9089,1,0,1,0,20.5
9090,1,0,0,0,84.15
9091,0,0,0,0,29.46
9092,0,0,0,0,42.32
9093,0,0,0,0,0.0
9094,0,0,0,0,0.0
9095,0,0,0,0,158.27
9096,0,0,1,0,38.71
9097,0,0,0,0,107.6
9098,0,1,1,0,112.65
9099,0,0,1,0,65.61
9100,1,0,0,0,137.15
9101,0,0,1,0,112.4
9102,0,0,0,1,36.06
9103,0,0,0,0,44.74
9104,1,0,1,0,61.56
9105,1,0,1,0,0.0
9106,1,0,0,0,242.31
9107,1,0,0,0,67.26
9108,1,1,1,0,6.87
9109,1,1,1,0,179.99
9110,1,0,1,0,62.5
9111,1,0,0,0,72.95
9112,1,0,1,0,54.12
9113,1,0,0,0,76.57
9114,1,1,1,0,94.71
9115,0,0,0,0,100.85
9116,1,0,0,0,95.88
9117,0,0,0,0,89.8
9118,0,0,1,1,131.66
9119,0,0,1,0,78.66
9120,0,0,0,0,77.36
9121,0,0,0,0,23.65
9122,0,0,0,0,67.34
9123,0,0,0,0,64.34
9124,1,0,1,0,126.79
9125,0,0,0,0,87.63
9126,0,0,0,0,32.13
9127,0,0,1,0,94.63
9128,0,0,0,0,155.5
9129,1,1,0,0,75.15
9130,1,0,0,0,9.43
9131,0,0,0,1,121.6
9132,1,0,1,0,77.62
9133,0,1,1,0,159.5
9134,0,0,0,0,124.48
9135,0,0,1,0,83.87
9136,0,0,1,0,0.0
9137,1,0,1,0,37.35
9138,0,1,0,0,72.84
9139,1,0,0,1,19.02
9140,0,0,0,1,68.6
9141,0,0,0,0,116.52
9142,0,1,0,0,7.86
9143,1,0,0,0,0.0
9144,1,0,1,0,96.59
9145,0,0,1,0,11.56
9146,0,0,0,0,0.0
9147,0,0,0,0,88.99
9148,0,0,0,0,0.0
9149,0,0,0,1,0.0
9150,0,0,0,0,87.74
9151,0,0,0,0,57.2
9152,1,0,0,0,53.88
9153,1,0,0,0,75.52
9154,0,0,1,0,110.79
9155,0,0,0,0,95.18
9156,0,0,1,0,102.48
9157,0,0,0,0,92.79
9158,0,0,1,0,81.76
9159,0,0,0,0,0.0
9160,1,0,0,0,66.28
9161,0,1,0,0,145.41
9162,1,1,1,0,91.99
9163,1,0,1,0,130.24
9164,1,0,1,1,43.12
9165,1,0,0,0,91.55
9166,0,0,0,0,103.14
9167,0,0,0,0,29.35
9168,0,0,0,1,0.0
9169,0,0,0,0,75.2
9170,1,0,0,0,48.64
9171,0,0,0,0,0.0
9172,0,0,1,0,154.94
9173,1,1,1,0,9.64
9174,0,0,1,0,73.43
9175,0,0,0,0,6.81
9176,0,0,0,0,37.35
9177,0,0,0,0,72.01
9178,0,0,0,0,158.27
9179,0,0,1,0,0.0
9180,0,1,0,0,70.05
9181,1,1,0,0,157.31
9182,0,0,0,0,143.03
9183,1,1,1,0,134.78
9184,1,0,0,0,115.23
9185,0,0,0,0,26.34
9186,1,1,1,0,8.6
9187,0,0,0,0,109.75
9188,1,0,1,0,0.0
9189,1,0,0,0,135.44
9190,1,0,1,0,164.4
9191,0,0,0,0,100.14
9192,0,0,0,0,13.12
9193,1,1,1,0,121.93
9194,1,0,0,0,0.0
9195,1,0,1,0,178.14
9196,0,0,1,0,54.04
9197,1,0,0,0,77.15
9198,0,0,1,0,65.21
9199,0,0,0,1,66.79
9200,0,0,0,1,29.73
9201,0,0,0,0,94.18
9202,0,0,0,0,99.78
9203,0,0,0,0,147.53
9204,1,0,0,0,52.85
9205,1,0,0,0,38.84
9206,1,1,1,0,25.72
9207,1,1,0,0,26.24
9208,1,0,1,0,83.35
9209,0,0,0,0,49.81
9210,0,0,0,0,58.67
9211,1,0,0,0,38.22
9212,0,0,0,0,1.3
9213,0,0,1,0,9.47
9214,0,0,1,1,35.32
9215,0,0,0,0,0.43
9216,0,0,0,0,106.73
9217,0,0,0,1,83.12
9218,0,0,0,0,1.14
9219,0,0,1,0,0.0
9220,0,0,0,0,0.0
9221,0,0,1,0,0.0
9222,1,0,0,0,79.96
9223,0,0,0,0,78.31
9224,0,1,0,0,78.61
9225,0,0,0,0,22.48
9226,1,0,0,0,0.0
9227,1,0,0,0,61.55
9228,0,1,1,0,0.0
9229,0,0,0,0,61.14
9230,1,0,1,1,36.63
9231,0,1,1,0,154.57
9232,0,0,0,0,49.59
9233,0,0,1,0,53.57
9234,0,0,0,0,21.66
9235,0,0,1,0,15.19
9236,1,0,0,0,106.47
9237,0,0,0,0,33.92
9238,1,0,0,0,40.99
9239,0,0,1,0,15.79
9240,0,0,0,0,16.46
9241,0,0,0,0,104.92
9242,0,1,1,0,122.58
9243,0,0,0,0,107.28
9244,0,0,0,0,79.81
9245,0,0,0,0,157.9
9246,0,0,0,0,81.65
9247,1,0,1,0,55.11
9248,1,0,0,0,78.91
9249,1,1,1,0,171.09
9250,1,0,1,0,92.02
9251,1,1,1,0,0.0
9252,0,0,1,0,140.27
9253,0,0,0,0,33.05
9254,1,1,1,0,33.71
9255,0,0,0,0,152.73
9256,0,1,0,0,29.9
9257,1,0,1,0,0.0
9258,0,0,0,0,57.42
9259,0,0,0,0,82.24
9260,0,0,1,0,159.87
9261,0,1,1,0,151.08
9262,0,0,0,0,47.12
9263,0,0,0,1,55.98
9264,1,1,1,0,0.0
9265,1,1,1,0,79.98
9266,1,1,0,1,0.0
9267,0,0,0,0,71.12
9268,1,0,0,0,0.0
9269,0,0,0,0,56.22
9270,1,1,1,0,143.42
9271,0,0,1,0,54.47
9272,0,0,1,0,17.43
9273,0,0,1,0,110.68
9274,1,0,1,0,168.93
9275,1,0,0,0,42.53
9276,1,0,1,0,153.87
9277,1,0,0,0,175.67
9278,0,0,1,0,177.45
9279,0,0,0,0,56.96
9280,1,0,0,1,105.41
9281,0,0,0,0,69.94
9282,1,0,1,0,92.66
9283,0,0,0,0,104.0
9284,0,0,0,0,180.45
9285,0,0,0,0,20.07
9286,1,0,1,0,136.89
9287,0,0,0,0,22.5
9288,1,0,0,0,13.08
9289,1,0,1,0,20.43
9290,1,0,0,0,124.97
9291,0,1,1,0,83.5
9292,1,0,1,0,3.74
9293,1,0,1,0,113.52
9294,1,0,1,0,36.12
9295,0,0,0,0,91.69
9296,0,0,0,0,106.56
9297,0,0,1,0,17.17
9298,1,1,1,0,38.65
9299,0,0,0,0,12.76
9300,0,0,0,0,39.52
9301,0,1,1,0,78.22
9302,0,0,0,1,43.0
9303,0,0,0,0,70.12
9304,1,0,1,0,48.76
9305,0,0,0,0,142.48
9306,1,1,1,0,168.76
9307,0,0,0,0,34.55
9308,0,0,0,0,52.09
9309,1,0,1,0,124.47
9310,0,0,1,0,79.47
9311,0,0,0,0,16.88
9312,0,0,0,0,118.03
9313,0,0,0,0,40.41
9314,0,0,1,0,40.56
9315,0,0,0,0,0.0
9316,1,0,1,0,57.01
9317,0,0,1,0,82.2
9318,0,0,0,0,86.92
9319,1,0,1,0,50.37
9320,0,0,0,0,120.09
9321,0,0,0,0,86.9
9322,0,0,1,0,11.68
9323,0,0,0,0,44.65
9324,1,0,1,0,53.61
9325,0,0,0,1,115.29
9326,0,0,0,0,82.92
9327,1,0,1,0,126.88
9328,0,1,0,0,0.0
9329,1,0,1,0,140.89
9330,0,1,0,0,204.23
9331,0,0,0,0,34.05
9332,1,0,0,0,131.36
9333,0,0,0,1,62.55
9334,0,1,0,0,0.0
9335,0,0,0,0,17.15
9336,0,1,1,0,93.08
9337,0,0,0,0,127.47
9338,1,0,0,0,84.93
9339,0,0,0,0,0.0
9340,1,1,1,0,0.0
9341,0,0,0,0,0.0
9342,0,1,0,0,78.3
9343,0,0,0,0,107.34
9344,0,1,1,0,110.77
9345,0,1,0,0,0.0
9346,1,0,0,0,101.12
9347,0,0,0,0,72.16
9348,1,0,0,0,31.23
9349,1,0,1,0,93.62
9350,0,0,0,0,52.69
9351,0,0,1,0,20.42
9352,0,1,1,0,93.74
9353,1,0,0,0,35.82
9354,0,0,1,0,8.26
9355,1,1,0,0,154.71
9356,0,0,0,0,90.31
9357,1,0,0,0,16.39
9358,1,0,0,0,39.49
9359,0,0,0,0,0.0
9360,1,1,1,0,154.49
9361,0,1,0,0,127.08
9362,1,0,0,0,44.04
9363,0,0,1,0,142.71
9364,0,1,0,1,174.21
9365,0,0,1,0,57.11
9366,1,0,0,0,77.15
9367,0,0,0,1,91.87
9368,0,0,0,0,172.36
9369,0,0,0,0,113.56
9370,0,0,0,0,47.59
9371,0,0,0,0,0.0
9372,0,0,1,1,102.61
9373,0,0,0,0,0.0
9374,0,0,0,0,119.44
9375,0,0,0,0,91.26
9376,1,0,0,0,14.9
9377,0,0,0,0,19.23
9378,0,1,1,0,6.0
9379,1,0,1,0,110.53
9380,0,0,0,1,125.19
9381,1,0,1,1,235.25
9382,1,1,1,0,118.41
9383,1,1,0,0,117.07
9384,0,0,0,0,0.0
9385,0,0,0,0,53.96
9386,0,0,1,0,93.49
9387,1,0,0,0,61.97
9388,0,0,0,0,73.9
9389,1,0,1,0,75.82
9390,0,1,1,0,39.95
9391,0,0,0,0,99.2
9392,0,0,0,0,171.3
9393,0,0,1,0,0.0
9394,1,1,1,0,171.62
9395,1,0,0,0,64.19
9396,0,1,0,0,20.09
9397,0,0,1,0,0.0
9398,0,0,0,1,108.57
9399,1,1,0,0,32.2
9400,0,0,0,0,28.81
9401,1,0,1,0,78.5
9402,0,0,1,0,46.06
9403,1,1,0,0,79.78
9404,0,0,1,0,140.59
9405,0,0,1,1,6.11
9406,0,0,1,0,71.54
9407,0,0,1,0,35.26
9408,1,0,1,1,0.0
9409,0,1,0,0,87.77
9410,1,1,1,1,128.93
9411,1,1,1,0,107.67
9412,0,0,0,0,37.03
9413,0,0,0,0,58.17
9414,0,0,0,0,0.0
9415,0,0,0,1,0.0
9416,0,0,0,1,37.02
9417,1,0,1,0,115.98
9418,1,1,1,0,219.15
9419,0,0,1,0,0.0
9420,0,0,0,0,74.7
9421,0,0,0,0,204.76
9422,1,0,0,0,123.4
9423,0,0,0,0,92.79
9424,1,1,1,0,116.86
9425,1,0,0,0,5.46
9426,0,0,1,0,13.67
9427,1,0,0,0,90.57
9428,0,0,0,0,46.0
9429,1,0,1,1,128.68
9430,1,1,0,1,122.21
9431,1,0,0,0,84.69
9432,0,0,0,1,22.09
9433,1,0,0,0,18.15
9434,1,0,0,0,181.86
9435,1,1,1,0,157.95
9436,0,0,0,0,18.7
9437,1,0,1,0,112.56
9438,0,0,0,1,67.66
9439,1,0,1,0,65.92
9440,0,0,0,0,92.22
9441,1,1,0,0,94.38
9442,0,1,1,0,0.0
9443,1,0,1,0,95.43
9444,0,0,0,0,83.02
9445,0,0,0,0,23.2
9446,1,0,0,0,75.15
9447,1,0,0,0,36.52
9448,0,0,1,0,50.72
9449,1,0,1,1,95.77
9450,0,0,0,0,21.77
9451,0,0,1,0,0.0
9452,1,0,1,0,126.93
9453,0,1,0,0,60.43
9454,0,0,1,0,0.0
9455,0,0,0,0,13.1
9456,1,0,1,0,87.58
9457,1,1,1,0,172.21
9458,1,0,1,0,69.76
9459,0,0,0,0,28.67
9460,0,0,0,0,48.85
9461,0,0,1,0,0.0
9462,0,0,0,0,0.82
9463,1,0,1,0,103.43
9464,0,0,0,0,90.73
9465,0,0,0,0,28.93
9466,0,0,0,0,13.08
9467,0,0,0,0,137.24
9468,0,1,1,0,135.09
9469,0,1,0,0,178.09
9470,0,1,0,0,25.58
9471,0,0,0,0,10.88
9472,1,0,1,0,240.13
9473,0,0,0,0,201.84
9474,0,1,0,0,86.35
9475,1,0,1,0,218.26
9476,0,0,0,0,36.41
9477,0,1,0,0,58.62
9478,1,0,1,0,50.93
9479,0,0,1,0,0.0
9480,0,0,0,0,127.13
9481,0,1,1,0,78.02
9482,1,0,1,0,129.92
9483,0,1,1,0,132.19
9484,0,0,1,0,72.07
9485,1,0,1,0,110.58
9486,1,1,1,0,44.34
9487,1,1,1,1,47.4
9488,1,0,1,0,64.7
9489,0,0,0,0,111.41
9490,0,0,0,0,29.71
9491,0,0,1,0,130.0
9492,0,0,0,0,31.87
9493,0,0,1,1,244.04
9494,0,0,0,0,0.0
9495,0,0,0,0,147.53
9496,0,0,0,0,177.56
9497,0,0,1,0,1.82
9498,1,1,1,0,130.33
9499,0,0,0,0,142.23
9500,0,0,0,0,62.93
9501,0,1,0,0,145.38
9502,0,0,1,0,58.76
9503,0,0,0,0,0.0
9504,0,0,1,0,9.59
9505,0,0,0,1,49.68
9506,0,0,0,0,96.28
9507,0,0,1,1,55.73
9508,1,0,1,0,134.59
9509,0,0,1,1,38.2
9510,0,0,0,0,102.11
9511,0,0,1,0,100.83
9512,1,0,0,0,0.0
9513,1,0,1,0,111.1
9514,1,1,1,0,105.74
9515,1,0,0,0,139.23
9516,0,1,0,0,81.13
9517,0,0,0,0,63.09
9518,0,0,0,0,37.2
9519,1,1,1,0,107.11
9520,0,1,1,0,0.0
9521,0,0,0,0,17.86
9522,0,0,0,0,89.04
9523,0,0,0,0,120.41
9524,1,0,0,0,86.68
9525,1,0,0,0,69.44
9526,0,0,0,0,81.69
9527,1,0,1,0,114.75
9528,0,0,0,0,52.17
9529,1,0,1,1,30.25
9530,1,1,0,0,283.1
9531,0,0,1,0,20.75
9532,0,0,1,0,144.54
9533,0,0,0,0,147.72
9534,0,0,0,0,155.66
9535,0,0,1,0,112.04
9536,0,0,0,0,169.24
9537,0,0,1,0,58.59
9538,0,0,0,0,195.12
9539,1,1,1,0,145.09
9540,0,0,0,0,154.68
9541,0,1,0,0,0.0
9542,0,1,1,0,48.37
9543,0,0,0,0,102.91
9544,1,1,1,0,170.12
9545,0,0,0,0,60.52
9546,0,0,0,0,0.0
9547,1,0,1,1,80.19
9548,0,0,1,0,63.7
9549,1,1,1,0,79.18
9550,0,0,0,0,10.98
9551,0,0,1,1,0.0
9552,0,0,1,0,56.45
9553,0,0,0,0,35.49
9554,0,0,0,0,145.58
9555,1,0,0,0,4.33
9556,1,0,0,0,94.09
9557,1,1,1,0,55.71
9558,1,0,1,0,34.03
9559,1,1,0,0,216.5
9560,0,0,1,0,91.84
9561,0,0,0,1,100.77
9562,0,0,0,0,81.14
9563,0,0,0,0,9.62
9564,1,1,1,0,99.1
9565,1,0,0,0,59.26
9566,1,1,1,0,88.8
9567,0,0,0,1,49.23
9568,1,1,0,0,102.55
9569,0,0,1,1,152.27
9570,1,0,1,0,0.0
9571,0,0,1,0,82.22
9572,0,0,0,0,0.0
9573,1,0,1,0,117.78
9574,0,0,0,0,85.59
9575,1,0,0,0,26.32
9576,1,0,1,0,237.84
9577,1,0,0,0,87.89
9578,1,0,0,0,112.69
9579,0,0,0,0,108.64
9580,0,0,0,0,123.3
9581,1,0,1,0,88.51
9582,0,0,0,0,163.36
9583,0,0,0,0,0.0
9584,1,0,1,0,145.03
9585,0,0,0,1,18.01
9586,1,0,0,0,40.6
9587,0,0,1,0,52.83
9588,0,0,1,0,23.38
9589,0,0,0,0,223.19
9590,1,0,0,0,76.57
9591,0,0,1,0,86.19
9592,0,0,0,0,12.95
9593,1,0,1,0,0.0
9594,0,0,0,0,94.06
9595,1,0,1,0,72.07
9596,0,0,0,0,0.0
9597,0,0,0,0,0.0
9598,1,1,0,0,87.03
9599,0,0,1,0,102.37
9600,0,0,0,0,0.0
9601,1,0,0,0,32.4
9602,1,0,0,0,94.71
9603,1,0,1,0,166.56
9604,0,1,1,0,5.41
9605,0,1,0,0,65.04
9606,0,0,0,0,68.67
9607,1,0,0,0,97.09
9608,0,0,0,0,80.69
9609,0,0,0,0,28.8
9610,0,0,0,1,208.09
9611,1,0,1,0,80.34
9612,0,0,0,0,133.3
9613,1,0,1,0,27.02
9614,0,0,0,0,54.76
9615,1,0,1,0,105.69
9616,0,1,1,0,0.0
9617,1,0,1,0,179.98
9618,0,1,0,0,26.27
9619,0,0,0,1,87.74
9620,0,0,1,0,46.0
9621,0,0,0,0,24.49
9622,0,0,0,0,37.33
9623,1,0,0,0,100.55
9624,1,0,0,0,35.5
9625,0,1,0,0,42.56
9626,0,0,0,1,95.47
9627,1,0,0,0,59.41
9628,1,0,1,0,130.58
9629,0,0,0,0,73.92
9630,1,0,1,0,137.33
9631,0,0,1,0,17.59
9632,0,1,1,0,94.11
9633,0,0,0,0,139.95
9634,0,0,0,0,86.39
9635,0,0,0,0,11.26
9636,0,0,1,0,56.61
9637,1,0,0,0,45.43
9638,0,0,0,0,93.32
9639,0,0,0,0,85.21
9640,0,0,1,0,51.59
9641,0,0,0,1,47.26
9642,0,0,0,1,36.36
9643,0,0,0,0,50.64
9644,1,0,1,0,199.94
9645,1,0,0,0,95.57
9646,1,0,1,0,13.75
9647,0,0,0,1,80.87
9648,0,0,1,0,22.06
9649,0,0,0,0,138.68
9650,0,1,0,0,0.0
9651,1,0,0,0,15.49
9652,0,0,0,0,82.18
9653,0,0,0,0,35.29
9654,1,0,0,1,159.91
9655,1,1,0,1,30.76
9656,0,0,0,0,0.0
9657,0,0,0,1,9.46
9658,0,1,0,1,65.98
9659,0,0,0,0,0.0
9660,0,1,0,0,0.0
9661,1,0,0,0,79.42
9662,0,0,1,0,50.59
9663,0,0,1,0,33.88
9664,0,0,1,0,91.19
9665,0,0,0,0,17.75
9666,1,0,0,0,118.89
9667,1,1,1,0,91.99
9668,0,0,0,1,23.17
9669,1,0,1,0,120.16
9670,0,0,0,0,4.91
9671,0,0,1,0,126.69
9672,0,0,0,0,83.61
9673,1,0,0,0,0.0
9674,0,0,0,1,0.0
9675,0,0,0,0,152.78
9676,0,0,1,0,0.0
9677,0,0,0,0,22.0
9678,0,0,0,1,37.69
9679,0,0,0,0,29.39
9680,1,1,1,0,156.28
9681,0,0,1,0,15.79
9682,1,0,0,0,52.06
9683,1,0,0,0,143.51
9684,0,0,0,0,103.94
9685,0,0,0,0,74.47
9686,0,0,1,0,150.42
9687,1,0,0,0,142.88
9688,0,0,0,1,35.4
9689,0,0,0,0,123.33
9690,0,1,1,0,87.99
9691,1,0,0,0,0.0
9692,0,1,1,0,116.95
9693,0,0,0,0,77.64
9694,0,0,0,0,89.14
9695,1,1,0,0,96.4
9696,1,0,0,0,62.24
9697,0,1,1,0,64.16
9698,1,0,0,0,19.71
9699,1,1,0,0,63.8
9700,1,1,1,1,0.0
9701,0,0,0,0,177.55
9702,1,0,1,1,141.85
9703,1,0,1,0,70.22
9704,1,0,0,0,178.67
9705,1,0,0,0,46.75
9706,0,0,0,0,53.45
9707,0,0,0,0,0.0
9708,1,0,0,0,71.72
9709,0,0,0,0,0.0
9710,1,1,1,0,15.56
9711,0,0,0,0,85.64
9712,1,0,0,0,0.0
9713,0,0,1,0,76.58
9714,0,0,0,0,109.37
9715,0,0,0,0,116.98
9716,1,0,0,0,40.65
9717,1,0,0,0,48.21
9718,0,0,0,0,111.01
9719,0,0,0,0,123.69
9720,0,0,1,0,99.39
9721,0,0,0,0,137.08
9722,1,1,0,0,94.54
9723,0,0,0,0,80.93
9724,0,0,1,1,72.1
9725,0,0,0,0,62.62
9726,1,0,0,0,12.8
9727,1,1,1,0,35.79
9728,0,0,0,0,117.45
9729,0,0,1,0,0.19
9730,1,1,0,0,0.0
9731,1,0,0,0,16.22
9732,0,0,1,0,68.59
9733,0,0,0,0,34.47
9734,0,0,0,0,96.48
9735,0,0,0,1,89.29
9736,0,1,0,0,140.77
9737,0,0,0,0,44.97
9738,1,0,1,0,13.26
9739,0,1,0,0,7.67
9740,1,0,1,0,80.36
9741,0,0,0,0,134.65
9742,0,1,1,0,36.41
9743,0,0,0,0,118.88
9744,0,1,0,1,51.78
9745,0,0,0,0,0.0
9746,1,0,1,0,87.36
9747,1,0,0,0,138.22
9748,0,0,0,1,22.71
9749,0,0,0,1,14.5
9750,1,0,0,0,77.68
9751,1,1,0,0,0.0
9752,1,0,0,0,68.55
9753,0,1,0,0,120.8
9754,1,0,0,0,122.52
9755,0,1,0,0,192.12
9756,1,0,1,0,92.43
9757,0,0,1,0,28.47
9758,1,0,1,0,128.13
9759,0,0,0,0,2.66
9760,1,0,0,1,84.65
9761,0,0,0,0,38.17
9762,0,0,0,0,36.39
9763,0,0,0,0,63.98
9764,1,0,0,0,133.5
9765,0,0,1,0,2.06
9766,0,0,0,0,77.92
9767,0,0,0,0,38.45
9768,0,0,0,0,115.32
9769,0,0,0,0,178.36
9770,1,0,1,0,62.37
9771,0,1,0,0,43.11
9772,0,0,0,0,83.12
9773,1,0,1,0,17.76
9774,0,0,1,0,47.6
9775,0,1,1,0,48.78
9776,0,0,0,0,0.0
9777,0,0,1,0,145.92
9778,0,1,0,0,83.95
9779,1,0,1,0,0.0
9780,0,0,0,0,74.38
9781,0,0,0,1,0.0
9782,0,1,1,1,11.2
9783,0,0,0,0,82.74
9784,0,1,1,0,26.35
9785,0,0,1,0,33.98
9786,0,0,1,0,6.29
9787,0,0,1,0,139.15
9788,1,0,1,0,39.49
9789,1,0,1,1,83.85
9790,1,0,1,0,129.7
9791,0,1,0,0,22.26
9792,0,0,0,0,79.57
9793,1,1,1,1,0.0
9794,0,1,1,0,21.96
9795,0,1,0,0,95.56
9796,1,0,0,0,76.15
9797,0,0,0,0,56.41
9798,0,0,1,0,135.08
9799,1,0,1,1,35.28
9800,0,0,0,0,66.68
9801,1,1,1,0,105.22
9802,1,0,0,0,61.92
9803,0,0,0,0,0.0
9804,0,1,0,0,146.0
9805,0,0,0,0,46.31
9806,1,1,0,0,83.48
9807,0,0,0,0,4.43
9808,0,0,0,0,0.0
9809,0,0,0,0,186.31
9810,0,1,0,0,107.76
9811,1,0,1,0,116.73
9812,0,1,0,0,76.14
9813,0,0,0,0,128.36
9814,0,0,1,0,30.48
9815,1,1,1,0,146.62
9816,0,0,0,0,72.33
9817,0,0,0,0,133.62
9818,1,0,0,0,10.41
9819,1,0,1,0,108.89
9820,1,0,1,0,9.84
9821,1,1,1,0,53.33
9822,0,0,0,0,0.0
9823,1,0,1,0,90.61
9824,0,1,1,0,73.34
9825,1,1,0,1,167.61
9826,0,0,0,0,177.28
9827,1,1,1,0,69.75
9828,0,0,0,0,48.48
9829,1,0,0,1,105.54
9830,0,0,0,0,59.63
9831,1,0,1,0,73.49
9832,0,0,1,1,125.77
9833,1,0,1,0,26.4
9834,0,0,0,0,6.43
9835,0,0,0,0,165.65
9836,0,1,1,0,41.68
9837,0,0,0,0,0.0
9838,1,0,0,0,80.2
9839,0,0,1,0,16.05
9840,0,1,0,0,71.56
9841,1,0,0,0,52.52
9842,0,0,0,0,57.47
9843,0,0,1,0,0.0
9844,1,0,1,0,114.36
9845,0,0,0,0,111.1
9846,0,0,0,0,132.74
9847,0,0,0,1,0.0
9848,1,1,0,1,4.7
9849,0,1,0,0,71.57
9850,0,0,1,1,68.77
9851,0,0,0,0,88.55
9852,0,0,1,0,102.68
9853,0,0,1,0,64.76
9854,0,0,0,0,130.24
9855,1,1,1,0,88.77
9856,0,0,0,0,142.9
9857,0,0,0,0,14.72
9858,1,0,0,0,38.77
9859,0,0,1,0,110.97
9860,1,0,1,0,62.55
9861,1,1,0,0,147.14
9862,0,0,0,0,76.06
9863,1,0,1,0,129.75
9864,0,0,1,0,55.78
9865,1,0,1,0,25.0
9866,1,0,0,0,120.89
9867,0,0,1,0,98.25
9868,0,1,1,0,98.34
9869,0,0,1,1,48.21
9870,0,0,0,0,33.34
9871,0,0,0,0,94.73
9872,1,0,0,0,76.73
9873,0,1,1,0,66.59
9874,0,1,0,0,24.94
9875,0,0,1,0,0.0
9876,0,0,0,0,5.68
9877,0,1,0,0,2.83
9878,0,1,0,1,63.85
9879,0,0,0,0,0.0
9880,1,0,1,0,98.99
9881,1,0,1,0,39.38
9882,0,0,1,0,55.43
9883,1,0,1,0,119.75
9884,0,0,0,1,51.09
9885,1,1,1,0,91.24
9886,1,1,0,0,96.03
9887,0,0,1,0,12.48
9888,0,1,0,1,113.86
9889,0,0,0,1,56.81
9890,0,0,0,0,119.14
9891,1,0,1,0,111.89
9892,1,0,1,0,114.02
9893,0,0,0,0,131.59
9894,1,0,1,0,0.0
9895,1,0,0,0,0.0
9896,0,0,0,0,124.52
9897,0,0,1,0,0.0
9898,1,0,1,0,113.36
9899,0,0,1,0,73.47
9900,0,1,1,0,51.6
9901,0,1,1,0,13.26
9902,0,0,1,0,99.4
9903,0,0,1,0,37.51
9904,0,0,0,0,55.41
9905,0,0,0,0,127.14
9906,1,1,1,0,152.39
9907,1,0,0,0,82.38
9908,1,0,0,0,116.66
9909,0,0,1,0,78.65
9910,0,0,1,0,72.21
9911,1,0,0,0,146.58
9912,0,0,1,0,16.36
9913,0,0,0,0,19.53
9914,1,1,1,0,153.28
9915,1,0,0,0,74.8
9916,0,1,0,0,66.33
9917,1,0,0,0,164.74
9918,1,0,0,1,99.37
9919,0,1,0,0,6.86
9920,1,0,1,0,0.0
9921,1,0,0,0,19.06
9922,0,1,1,0,51.39
9923,0,0,0,0,21.12
9924,0,0,0,0,88.4
9925,1,1,0,0,162.52
9926,1,1,1,0,24.72
9927,0,0,1,0,66.58
9928,0,1,1,1,68.78
9929,0,0,1,0,101.15
9930,1,0,0,0,61.99
9931,1,0,1,0,74.3
9932,0,0,1,0,92.81
9933,1,0,1,1,108.07
9934,1,1,1,0,99.4
9935,0,0,0,0,33.94
9936,0,0,0,0,0.0
9937,1,0,0,0,34.77
9938,0,0,1,0,0.0
9939,1,0,0,0,144.05
9940,0,0,0,0,105.88
9941,0,1,0,0,75.46
9942,1,0,0,1,153.01
9943,1,1,0,1,0.0
9944,0,0,0,0,70.06
9945,0,1,1,0,81.31
9946,0,0,1,1,46.07
9947,1,1,1,0,59.86
9948,0,0,0,0,20.08
9949,0,0,0,0,103.83
9950,1,0,0,0,113.77
9951,0,0,1,0,172.75
9952,0,0,0,0,19.27
9953,1,0,0,0,10.1
9954,0,1,1,0,0.0
9955,1,0,1,0,121.55
9956,1,0,1,0,0.0
9957,1,1,0,0,175.45
9958,0,0,0,0,54.76
9959,1,1,1,0,78.37
9960,1,1,1,0,120.75
9961,0,0,1,0,97.98
9962,1,0,0,0,122.78
9963,0,0,1,0,91.7
9964,1,0,1,0,88.68
9965,0,0,1,0,86.01
9966,0,0,0,0,119.15
9967,0,0,0,0,13.08
9968,1,0,1,0,24.88
9969,1,0,0,0,132.84
9970,1,0,1,0,177.52
9971,0,0,0,0,4.9
9972,0,1,0,0,73.46
9973,0,0,0,0,26.73
9974,0,1,0,0,179.41
9975,1,0,1,0,195.28
9976,0,0,0,0,141.23
9977,0,0,0,0,2.86
9978,0,0,1,0,57.68
9979,1,1,1,0,59.22
9980,1,0,0,0,8.37
9981,0,0,0,0,106.83
9982,0,0,0,0,31.3
9983,1,1,1,0,34.93
9984,1,0,1,0,187.98
9985,0,1,1,0,108.38
9986,1,0,1,0,102.17
9987,0,0,0,0,200.54
9988,0,0,0,0,3.88
9989,1,0,0,0,57.44
9990,0,0,0,0,6.59
9991,0,0,0,0,74.49
9992,0,0,0,0,77.98
9993,0,0,1,0,38.1
9994,1,0,1,0,83.81
9995,0,0,0,0,89.23
9996,0,0,0,0,16.52
9997,0,0,1,0,79.64
9998,0,0,0,0,26.18
9999,0,0,0,0,183.18
10000,1,1,1,0,195.46
10001,0,0,0,0,121.75
10002,1,1,0,0,71.67
10003,0,0,0,0,87.78
10004,0,0,0,0,48.2
10005,1,0,0,0,31.5
10006,0,0,0,0,78.38
10007,1,1,1,0,162.05
10008,0,0,0,1,110.9
10009,0,0,0,0,127.94
10010,1,1,0,0,147.13
10011,0,0,0,0,101.05
10012,0,0,0,0,38.93
10013,1,0,1,0,0.0
10014,1,0,0,0,42.95
10015,0,0,0,0,86.72
10016,0,0,0,0,5.65
10017,0,0,0,1,139.76
10018,1,1,1,0,239.38
10019,0,0,0,0,93.0
10020,0,0,0,0,2.53
10021,1,0,0,0,106.45
10022,0,0,0,0,40.71
10023,0,0,0,0,112.08
10024,0,0,0,0,0.0
10025,1,1,0,0,154.74
10026,1,0,0,0,30.29
10027,0,0,0,0,54.78
10028,0,1,0,0,64.34
10029,0,0,0,0,78.44
10030,1,0,0,0,76.62
10031,1,0,1,0,36.94
10032,0,0,0,0,54.56
10033,0,0,0,0,111.49
10034,1,0,1,0,22.57
10035,0,0,0,0,146.47
10036,1,0,0,0,83.9
10037,1,0,1,1,0.0
10038,0,0,0,0,0.0
10039,0,0,1,0,104.48
10040,0,0,0,0,88.87
10041,0,0,0,0,119.98
10042,0,0,0,1,56.0
10043,1,0,1,0,167.29
10044,0,1,1,0,154.85
10045,0,0,0,1,51.89
10046,0,0,0,0,83.73
10047,0,0,0,0,11.93
10048,0,0,1,0,59.15
10049,0,0,1,0,107.68
10050,0,1,0,1,0.0
10051,0,0,0,1,142.55
10052,0,1,1,0,94.93
10053,1,1,0,0,60.8
10054,1,0,0,1,12.42
10055,1,1,1,0,115.42
10056,0,1,0,0,95.86
10057,0,0,0,0,0.0
10058,0,0,0,0,91.84
10059,1,0,1,0,113.76
10060,0,0,0,0,71.43
10061,0,0,0,0,77.29
10062,1,0,1,0,105.04
10063,0,0,0,0,42.43
10064,0,0,0,0,195.29
10065,0,0,0,0,161.83
10066,0,0,0,0,129.09
10067,1,0,0,0,91.5
10068,1,0,1,0,138.07
10069,0,0,0,1,60.77
10070,0,0,0,0,90.85
10071,0,0,1,0,59.07
10072,0,1,0,0,80.4
10073,0,0,0,0,103.3
10074,1,0,1,0,16.1
10075,0,0,0,0,89.79
10076,0,1,0,1,110.68
10077,0,0,1,0,0.0
10078,0,0,0,0,0.0
10079,1,1,1,0,0.0
10080,0,1,1,0,65.87
10081,0,1,1,0,102.71
10082,0,0,1,0,131.82
10083,1,0,1,0,12.63
10084,0,0,0,0,124.05
10085,0,0,1,0,74.24
10086,0,0,0,0,11.85
10087,0,0,0,0,66.4
10088,1,0,1,0,21.93
10089,1,0,0,0,155.03
10090,0,0,0,0,0.0
10091,0,0,1,0,77.62
10092,0,0,1,0,43.9
10093,1,0,0,1,58.36
10094,1,1,1,0,170.36
10095,0,1,0,0,51.95
10096,1,0,0,0,73.08
10097,0,0,1,1,45.13
10098,0,0,1,0,0.0
10099,0,0,0,0,61.66
10100,1,0,0,0,72.37
10101,1,0,1,0,24.84
10102,1,0,0,0,5.37
10103,0,1,0,0,71.97
10104,0,0,0,0,86.01
10105,1,1,1,1,39.28
10106,1,0,1,0,38.28
10107,0,1,1,0,122.83
10108,0,0,0,0,0.0
10109,0,0,0,1,27.73
10110,0,0,0,0,0.0
10111,1,1,1,0,121.59
10112,0,0,0,1,149.82
10113,1,0,0,0,91.06
10114,0,1,0,0,26.02
10115,0,0,0,0,1.04
10116,0,0,0,0,67.3
10117,1,1,1,0,25.76
10118,1,1,0,0,34.33
10119,1,0,1,0,79.31
10120,0,0,0,0,134.78
10121,0,0,0,1,151.43
10122,1,0,0,0,140.7
10123,0,0,0,0,55.79
10124,0,1,0,0,97.69
10125,0,1,0,0,42.76
10126,0,0,0,0,68.5
10127,0,0,0,1,77.71
10128,1,0,0,0,0.0
10129,0,0,0,0,114.01
10130,1,0,1,0,0.0
10131,1,0,1,0,68.74
10132,0,1,1,0,100.75
10133,1,1,1,0,120.99
10134,0,1,1,0,46.5
10135,0,0,1,0,39.69
10136,0,0,0,0,220.29
10137,1,0,0,0,52.72
10138,0,1,0,0,121.39
10139,1,0,0,0,1.68
10140,0,0,0,0,29.77
10141,0,1,0,0,22.93
10142,0,0,0,0,8.17
10143,0,0,0,0,117.65
10144,0,0,0,0,0.0
10145,0,0,0,0,86.4
10146,1,1,1,0,231.91
10147,0,0,0,0,57.82
10148,0,0,0,0,3.65
10149,1,0,0,1,126.54
10150,1,0,0,0,85.85
10151,0,0,0,0,0.0
10152,0,0,0,0,6.41
10153,0,0,0,0,65.85
10154,1,0,1,0,0.0
10155,1,0,1,0,126.31
10156,0,0,0,0,88.08
10157,0,1,1,0,67.45
10158,0,1,0,0,27.02
10159,1,0,0,0,59.64
10160,0,0,0,0,45.66
10161,1,0,0,0,6.18
10162,0,0,1,0,48.61
10163,1,0,0,0,62.22
10164,0,0,1,0,118.82
10165,0,0,0,0,0.0
10166,1,0,0,0,0.0
10167,0,0,0,0,56.91
10168,1,0,0,0,35.12
10169,0,0,1,0,0.0
10170,0,0,1,0,12.08
10171,1,1,1,0,182.36
10172,0,0,0,0,80.28
10173,0,0,0,0,65.93
10174,1,0,1,0,37.72
10175,0,0,0,0,128.07
10176,0,0,1,0,65.42
10177,0,0,0,1,28.36
10178,1,1,1,0,132.69
10179,1,0,0,0,0.0
10180,0,0,0,0,0.0
10181,0,1,1,0,0.0
10182,0,0,0,0,124.25
10183,0,1,1,1,0.0
10184,0,0,0,0,65.44
10185,0,0,0,0,92.49
10186,1,0,0,0,35.39
10187,1,0,0,1,23.95
10188,1,1,1,0,149.93
10189,0,0,0,0,68.15
10190,0,1,1,0,105.35
10191,0,0,1,0,0.0
10192,0,0,0,0,95.8
10193,1,1,0,0,150.65
10194,0,0,1,0,3.79
10195,0,1,0,0,147.03
10196,1,0,1,0,100.08
10197,1,0,0,0,0.0
10198,1,0,1,0,84.86
10199,0,0,1,0,48.72
10200,0,1,1,0,66.61
10201,0,0,0,0,75.88
10202,0,1,1,0,13.82
10203,1,0,0,0,23.19
10204,1,1,0,0,79.25
10205,0,0,1,0,45.91
10206,0,0,1,0,163.47
10207,0,0,0,0,100.98
10208,1,1,1,0,84.19
10209,0,0,1,0,108.21
10210,0,0,1,0,98.18
10211,1,1,0,0,140.8
10212,1,0,1,0,94.14
10213,0,0,0,0,91.08
10214,0,0,0,0,101.48
10215,0,0,0,0,28.82
10216,0,0,0,0,27.55
10217,1,1,1,0,87.78
10218,0,0,0,0,13.08
10219,0,0,1,1,26.37
10220,0,0,0,0,25.68
10221,1,0,0,0,45.1
10222,0,1,1,0,88.23
10223,0,1,0,0,75.5
10224,0,1,0,0,0.0
10225,0,0,0,0,51.16
10226,0,0,0,0,28.64
10227,1,0,1,0,0.0
10228,0,1,0,0,115.03
10229,0,0,0,0,35.01
10230,0,0,0,0,188.96
10231,1,1,0,0,79.31
10232,0,0,0,0,148.15
10233,0,0,0,1,17.2
10234,0,1,0,0,31.35
10235,0,1,0,0,76.48
10236,1,0,1,0,151.76
10237,0,0,0,0,0.0
10238,1,1,1,0,90.99
10239,1,0,0,0,0.0
10240,0,0,0,0,122.38
10241,0,0,0,0,19.35
10242,1,0,1,0,104.65
10243,1,0,0,0,42.92
10244,0,0,0,0,22.63
10245,1,0,1,0,0.0
10246,0,0,1,0,14.86
10247,1,0,0,1,116.18
10248,0,1,0,0,176.73
10249,1,0,1,0,89.84
10250,0,0,1,0,97.26
10251,0,0,1,0,0.0
10252,0,1,0,0,63.74
10253,0,0,0,0,1.72
10254,0,0,0,0,64.88
10255,1,0,0,0,77.91
10256,0,0,0,0,0.0
10257,1,0,1,0,38.77
10258,0,0,0,0,53.6
10259,1,1,0,0,69.09
10260,1,1,1,0,80.57
10261,0,0,1,0,72.24
10262,1,0,0,0,18.64
10263,1,0,1,0,90.52
10264,1,0,1,0,90.18
10265,0,1,0,0,95.87
10266,1,0,1,1,56.35
10267,1,1,1,0,69.56
10268,0,1,1,0,23.82
10269,0,0,0,0,97.6
10270,0,0,0,0,70.72
10271,1,0,1,0,48.82
10272,0,1,0,0,25.9
10273,0,0,1,0,138.22
10274,0,0,1,0,96.06
10275,0,0,1,0,74.64
10276,1,0,1,1,148.55
10277,1,0,1,0,67.96
10278,0,0,1,0,0.0
10279,0,0,1,0,0.0
10280,0,0,0,0,76.9
10281,0,0,1,0,162.15
10282,1,0,1,0,64.2
10283,1,1,1,1,82.0
10284,1,1,1,0,135.02
10285,0,1,1,0,64.26
10286,0,0,0,0,31.16
10287,0,0,0,0,72.55
10288,0,0,0,0,0.0
10289,0,0,0,0,58.81
10290,0,0,1,0,79.84
10291,0,0,1,0,66.05
10292,1,0,1,0,67.44
10293,1,0,0,0,88.49
10294,1,1,1,0,7.46
10295,0,0,0,0,42.69
10296,0,0,0,0,75.63
10297,0,0,1,0,112.38
10298,0,0,0,0,94.64
10299,1,0,1,0,99.26
10300,0,0,0,0,110.74
10301,0,0,0,0,0.0
10302,0,0,0,0,109.97
10303,0,0,1,0,36.64
10304,1,0,0,0,144.76
10305,0,0,1,0,65.97
10306,1,0,1,0,226.98
10307,0,0,1,0,43.81
10308,0,0,1,0,37.81
10309,0,0,0,0,75.67
10310,1,0,1,0,84.83
10311,1,0,1,0,65.41
10312,1,0,0,0,0.0
10313,0,0,0,0,75.6
10314,1,0,1,0,150.71
10315,0,0,0,0,5.81
10316,1,1,1,0,123.24
10317,0,0,0,0,65.57
10318,0,0,0,0,32.62
10319,1,1,1,1,39.4
10320,0,0,0,0,49.26
10321,0,0,0,0,9.56
10322,0,0,0,0,0.0
10323,1,0,1,0,43.62
10324,1,0,1,0,85.38
10325,0,0,1,0,69.17
10326,1,1,1,0,129.63
10327,0,0,0,0,80.45
10328,1,0,0,0,0.0
10329,1,1,1,0,99.35
10330,0,0,0,0,54.52
10331,1,0,0,0,119.69
10332,1,0,0,0,0.0
10333,0,0,0,0,93.21
10334,0,0,0,0,113.67
10335,1,0,0,0,27.19
10336,0,0,0,0,92.82
10337,1,0,1,0,121.04
10338,0,0,0,0,14.74
10339,0,0,0,0,129.2
10340,0,0,0,0,0.0
10341,1,1,1,0,71.17
10342,0,0,0,0,178.29
10343,0,0,1,0,29.26
10344,0,0,0,1,17.39
10345,0,1,0,0,81.41
10346,0,0,1,0,90.69
10347,0,0,0,0,68.99
10348,1,0,1,0,27.49
10349,1,0,1,0,203.32
10350,0,0,1,0,91.94
10351,1,0,0,0,14.45
10352,1,1,1,0,88.75
10353,1,0,0,0,74.96
10354,1,0,0,0,15.68
10355,0,0,0,0,68.16
10356,0,0,0,0,0.0
10357,1,0,0,0,70.69
10358,0,0,0,0,97.48
10359,0,0,1,0,58.07
10360,1,0,0,0,127.6
10361,0,1,1,0,64.31
10362,0,0,0,0,91.72
10363,0,0,1,0,157.69
10364,1,0,1,0,248.66
10365,0,1,0,0,159.32
10366,0,1,0,0,107.37
10367,0,0,0,1,155.11
10368,1,0,1,0,65.65
10369,1,0,0,1,0.0
10370,0,0,0,0,60.88
10371,0,0,1,0,113.4
10372,1,1,0,0,24.85
10373,1,1,1,0,200.54
10374,0,0,1,0,0.0
10375,0,0,0,0,25.76
10376,1,0,1,0,55.4
10377,0,0,0,0,0.0
10378,1,0,0,0,26.89
10379,0,1,1,1,27.72
10380,0,0,0,0,63.7
10381,0,0,0,1,73.92
10382,0,0,0,0,74.41
10383,0,0,1,0,121.13
10384,0,1,0,0,106.58
10385,1,1,1,0,145.77
10386,1,0,0,0,22.04
10387,0,0,0,0,0.0
10388,1,0,1,0,99.97
10389,1,0,0,0,0.0
10390,0,0,1,0,164.69
10391,0,0,1,0,5.07
10392,0,1,0,0,54.12
10393,0,1,0,0,25.0
10394,0,1,0,0,27.45
10395,1,1,1,1,122.5
10396,1,0,0,0,54.09
10397,0,1,0,0,49.76
10398,1,0,1,0,48.83
10399,0,0,1,1,139.36
10400,0,0,1,0,165.55
10401,0,0,1,0,108.27
10402,1,0,0,0,131.48
10403,0,1,1,0,150.61
10404,0,0,1,1,48.32
10405,0,0,0,0,109.38
10406,0,0,0,0,70.64
10407,1,0,0,0,45.84
10408,0,0,0,0,12.6
10409,0,0,0,0,109.94
10410,0,0,1,1,136.69
10411,1,0,1,1,0.0
10412,1,0,0,0,72.04
10413,1,0,0,0,82.36
10414,1,0,0,0,65.84
10415,1,0,1,0,0.0
10416,0,0,0,0,81.72
10417,1,0,0,0,54.85
10418,0,0,0,1,0.0
10419,1,0,1,0,57.66
10420,0,1,1,0,168.28
10421,1,0,0,0,188.13
10422,1,0,0,0,35.6
10423,0,0,1,0,141.98
10424,0,1,0,0,0.0
10425,0,0,1,0,133.66
10426,1,0,1,0,0.0
10427,0,1,0,0,57.44
10428,0,0,1,0,122.65
10429,1,0,1,0,25.04
10430,0,0,1,0,149.99
10431,0,1,1,0,67.47
10432,1,1,1,0,132.24
10433,0,0,0,0,0.0
10434,0,0,0,0,90.78
10435,1,0,0,0,20.76
10436,0,1,1,0,171.89
10437,1,0,1,0,109.78
10438,0,0,0,0,23.37
10439,0,0,1,0,71.74
10440,0,1,0,0,165.69
10441,0,1,1,0,92.15
10442,1,0,1,0,109.6
10443,1,0,1,0,110.98
10444,1,0,0,0,65.04
10445,0,0,1,0,91.36
10446,0,1,0,0,54.13
10447,0,0,1,0,0.0
10448,1,0,1,0,137.42
10449,1,1,1,0,0.0
10450,0,0,0,0,75.82
10451,0,0,1,0,0.0
10452,1,0,0,0,66.45
10453,1,0,0,0,22.7
10454,1,0,0,0,98.76
10455,1,0,0,0,25.22
10456,0,0,1,0,0.0
10457,1,0,1,0,0.0
10458,0,0,1,0,0.0
10459,1,0,1,0,197.83
10460,0,0,0,0,20.02
10461,0,0,0,0,120.27
10462,0,0,1,0,120.9
10463,0,0,0,0,77.74
10464,0,1,1,0,41.44
10465,0,0,1,0,61.52
10466,0,0,0,0,77.26
10467,0,0,1,0,131.4
10468,0,1,1,1,30.81
10469,1,1,0,0,32.34
10470,0,0,0,0,45.47
10471,1,1,1,0,44.47
10472,1,0,1,0,131.38
10473,0,1,1,0,184.47
10474,0,0,0,0,0.0
10475,0,0,1,1,26.58
10476,1,0,1,0,175.74
10477,0,0,1,0,109.17
10478,0,0,0,0,0.0
10479,0,0,0,0,1.09
10480,0,0,0,0,0.0
10481,0,0,1,0,102.76
10482,1,0,0,0,0.0
10483,0,0,0,0,38.1
10484,1,1,1,0,172.1
10485,1,0,0,0,123.76
10486,1,1,1,0,161.69
10487,0,0,0,0,99.63
10488,1,0,0,0,0.0
10489,1,0,1,0,70.38
10490,0,0,0,0,160.51
10491,1,0,1,0,162.99
10492,0,0,0,0,13.18
10493,0,1,0,0,199.49
10494,1,0,0,0,87.94
10495,1,0,1,0,106.79
10496,1,1,1,0,133.18
10497,0,0,0,0,90.91
10498,0,0,1,0,80.65
10499,0,0,1,0,79.29
10500,0,0,0,0,70.05
10501,0,0,0,1,0.0
10502,0,1,0,0,98.57
10503,0,0,0,0,62.19
10504,0,0,0,0,131.76
10505,1,0,1,0,81.38
10506,1,0,1,0,38.92
10507,1,0,1,0,141.99
10508,0,0,1,0,55.64
10509,1,0,1,0,79.88
10510,0,0,1,0,46.5
10511,0,0,1,0,69.8
10512,0,0,0,0,55.69
10513,1,1,1,1,119.0
10514,1,1,1,1,89.91
10515,1,1,1,1,0.0
10516,1,0,1,1,141.53
10517,0,0,0,0,67.01
10518,1,0,0,0,0.0
10519,0,0,0,0,90.05
10520,1,0,0,0,129.61
10521,1,0,0,0,0.0
10522,0,0,0,0,91.42
10523,0,1,1,1,155.81
10524,0,0,1,0,75.03
10525,1,0,1,0,161.55
10526,1,1,1,0,100.4
10527,1,0,1,0,30.36
10528,1,0,0,0,15.5
10529,1,0,0,0,129.56
10530,1,0,0,1,66.14
10531,0,0,0,0,0.0
10532,0,0,1,0,185.86
10533,1,1,1,1,84.73
10534,0,0,1,0,126.12
10535,0,1,1,0,78.05
10536,1,1,1,0,135.96
10537,0,0,0,0,0.0
10538,1,0,1,1,34.2
10539,0,0,0,0,0.0
10540,0,0,0,0,78.41
10541,0,0,0,0,113.61
10542,0,0,0,0,0.0
10543,0,1,1,0,57.01
10544,0,0,0,0,134.55
10545,1,0,0,0,14.28
10546,0,0,0,0,63.49
10547,0,0,0,0,41.5
10548,1,1,1,0,9.2
10549,1,1,1,0,124.51
10550,1,0,1,0,86.85
10551,1,0,0,0,65.82
10552,0,0,0,0,69.36
10553,1,0,0,1,79.2
10554,0,0,0,1,23.26
10555,1,0,0,0,6.3
10556,1,0,1,0,16.22
10557,0,0,1,0,75.0
10558,0,1,0,0,80.48
10559,1,1,0,0,93.47
10560,0,0,0,0,142.54
10561,1,1,0,0,21.74
10562,0,0,0,0,20.92
10563,1,1,1,0,104.18
10564,0,0,0,0,26.31
10565,0,0,1,0,81.81
10566,0,1,0,0,0.0
10567,0,0,0,0,0.0
10568,0,0,0,0,6.4
10569,1,0,1,0,16.93
10570,1,1,1,0,52.39
10571,0,1,1,0,121.68
10572,1,0,0,0,147.6
10573,0,0,0,0,65.6
10574,0,0,0,0,69.65
10575,0,1,0,0,12.91
10576,1,0,0,0,126.61
10577,0,0,1,0,66.42
10578,0,0,1,0,148.5
10579,0,0,1,0,12.87
10580,0,0,0,0,47.29
10581,0,0,0,0,0.0
10582,0,0,0,0,113.35
10583,0,0,0,0,16.95
10584,0,0,1,0,88.61
10585,1,1,1,1,0.0
10586,0,0,1,0,0.0
10587,0,0,0,0,43.59
10588,0,0,1,0,62.79
10589,1,0,0,0,88.94
10590,0,0,1,0,32.94
10591,0,0,0,0,114.06
10592,1,0,1,1,51.75
10593,0,0,1,0,116.69
10594,1,0,1,0,145.77
10595,1,0,1,0,6.35
10596,0,0,1,1,18.87
10597,0,0,1,0,43.73
10598,1,0,0,0,31.07
10599,1,1,1,0,114.32
10600,1,0,0,0,121.29
10601,0,1,1,0,95.01
10602,0,0,0,0,105.28
10603,0,0,0,0,128.09
10604,0,0,1,0,75.02
10605,1,0,0,0,59.61
10606,0,0,0,0,157.64
10607,1,1,0,1,130.37
10608,1,0,0,0,31.67
10609,1,0,0,0,114.58
10610,1,0,1,0,94.0
10611,0,0,1,0,70.17
10612,1,0,0,0,22.06
10613,1,0,1,0,0.0
10614,0,0,1,0,48.82
10615,0,1,1,0,0.0
10616,1,0,0,0,106.39
10617,0,0,0,0,141.77
10618,0,0,0,0,60.22
10619,0,0,0,1,0.0
10620,1,1,1,1,122.36
10621,0,1,1,0,52.31
10622,1,1,1,1,215.96
10623,0,0,1,0,45.03
10624,1,0,1,0,35.5
10625,1,1,1,0,67.35
10626,0,0,0,0,88.78
10627,1,0,1,0,158.7
10628,1,1,0,0,0.0
10629,0,0,1,0,63.73
10630,1,0,1,0,50.96
10631,0,0,0,0,99.89
10632,0,0,1,0,98.23
10633,0,0,0,0,105.94
10634,0,0,0,0,60.22
10635,1,1,1,1,31.03
10636,1,0,1,1,29.35
10637,1,0,0,0,88.44
10638,0,0,0,0,129.41
10639,0,0,0,0,52.08
10640,0,1,1,0,59.94
10641,1,1,1,0,93.14
10642,0,1,0,0,23.01
10643,0,0,0,0,2.49
10644,0,0,0,0,0.0
10645,1,0,1,0,34.81
10646,1,0,0,0,26.09
10647,0,1,1,0,52.01
10648,0,0,0,0,0.0
10649,0,0,0,0,30.82
10650,0,1,1,0,0.0
10651,0,0,1,0,112.29
10652,0,0,1,0,117.72
10653,0,0,1,0,116.4
10654,0,0,0,0,111.18
10655,1,0,0,0,108.34
10656,0,0,0,0,77.97
10657,1,0,1,0,109.95
10658,0,0,1,0,0.0
10659,0,0,0,0,188.13
10660,0,0,0,0,0.0
10661,0,0,0,0,34.14
10662,1,0,1,0,6.39
10663,1,0,0,0,117.96
10664,0,0,1,0,44.35
10665,0,0,0,0,0.0
10666,0,1,1,0,157.35
10667,0,0,0,0,29.82
10668,1,0,1,0,102.77
10669,0,0,0,1,1.07
10670,1,1,0,0,66.98
10671,0,0,0,0,134.85
10672,0,0,0,0,159.2
10673,0,0,0,0,103.11
10674,0,1,1,0,46.25
10675,0,0,0,0,21.31
10676,1,0,1,1,24.12
10677,0,0,0,0,31.17
10678,0,1,1,0,71.63
10679,0,0,0,0,0.0
10680,0,0,0,0,0.0
10681,1,0,1,0,42.72
10682,0,1,0,0,36.09
10683,0,0,0,0,0.0
10684,0,0,0,0,23.33
10685,0,0,1,0,94.99
10686,0,0,0,0,53.89
10687,1,1,0,0,125.79
10688,1,1,0,0,0.0
10689,0,0,0,0,139.08
10690,1,0,1,1,77.36
10691,0,0,1,0,124.35
10692,0,0,0,0,78.4
10693,0,0,1,0,85.2
10694,0,0,0,0,0.0
10695,1,1,1,0,119.15
10696,0,0,1,0,122.89
10697,1,0,0,0,92.8
10698,1,0,1,0,57.52
10699,0,0,1,0,18.59
10700,1,0,1,1,71.52
10701,1,0,0,0,16.95
10702,0,1,0,0,135.24
10703,0,0,1,0,50.59
10704,1,0,0,0,47.61
10705,0,0,0,0,93.84
10706,1,0,1,1,203.91
10707,0,0,0,0,74.11
10708,0,0,0,0,97.25
10709,1,0,0,0,26.64
10710,1,0,1,0,12.01
10711,1,1,1,0,94.51
10712,1,0,0,0,78.95
10713,0,0,0,0,73.29
10714,0,0,0,0,0.0
10715,0,1,0,0,28.74
10716,0,0,1,0,0.0
10717,0,1,0,0,108.55
10718,1,0,1,0,184.92
10719,1,0,0,0,82.47
10720,1,0,0,0,143.11
10721,1,0,1,0,0.0
10722,0,1,0,0,85.35
10723,1,0,1,0,81.69
10724,0,0,0,0,33.03
10725,1,1,1,0,90.74
10726,1,1,1,0,95.46
10727,0,0,0,0,114.51
10728,0,0,1,0,0.0
10729,1,1,1,0,83.52
10730,1,0,1,0,113.53
10731,1,0,0,0,94.89
10732,1,0,1,0,153.25
10733,0,1,1,0,0.0
10734,1,0,0,1,50.8
10735,0,0,0,0,126.21
10736,0,1,0,0,0.0
10737,0,0,0,1,29.81
10738,0,0,0,0,9.27
10739,0,0,0,0,111.89
10740,1,0,0,1,75.29
10741,0,0,0,0,105.73
10742,0,0,1,0,108.11
10743,1,0,0,0,98.71
10744,0,0,1,0,22.78
10745,0,0,1,1,0.0
10746,0,0,0,0,59.07
10747,0,0,0,0,94.35
10748,1,0,1,0,19.82
10749,1,0,1,0,128.46
10750,0,0,0,0,56.39
10751,0,0,0,0,0.0
10752,1,0,0,0,0.0
10753,1,1,1,0,25.75
10754,1,0,1,0,90.78
10755,0,0,1,0,116.97
10756,1,0,0,0,9.52
10757,1,0,0,0,54.63
10758,1,0,0,0,155.63
10759,1,1,0,0,93.65
10760,0,0,0,0,43.89
10761,1,0,0,0,0.0
10762,0,0,1,0,159.42
10763,1,0,1,0,71.57
10764,0,0,0,0,24.92
10765,0,0,1,0,49.02
10766,1,1,1,0,111.21
10767,1,1,1,0,0.0
10768,0,0,0,0,0.0
10769,1,0,0,0,85.68
10770,0,0,1,0,120.19
10771,1,0,1,0,164.88
10772,1,0,1,0,136.82
10773,0,0,0,0,116.81
10774,0,0,0,0,123.89
10775,1,0,0,0,0.0
10776,0,0,1,0,117.78
10777,0,0,1,0,162.77
10778,0,0,0,1,10.79
10779,1,0,1,0,110.04
10780,1,1,1,1,116.15
10781,1,0,1,0,101.08
10782,0,0,0,0,15.66
10783,0,0,1,0,57.6
10784,0,0,0,0,25.02
10785,1,0,1,0,67.68
10786,1,0,1,0,106.93
10787,0,0,0,0,0.0
10788,0,1,1,0,98.61
10789,0,0,0,0,103.62
10790,0,0,0,0,97.36
10791,1,0,1,0,0.0
10792,0,0,0,0,0.0
10793,0,1,1,0,63.5
10794,0,0,1,0,25.65
10795,1,1,1,0,183.33
10796,1,1,0,0,21.62
10797,0,0,1,0,144.36
10798,0,0,0,1,35.22
10799,0,0,0,0,33.05
10800,1,0,0,0,56.38
10801,1,1,1,0,76.79
10802,0,0,0,0,152.2
10803,0,0,1,0,47.21
10804,1,0,1,0,166.83
10805,0,0,1,0,122.97
10806,1,0,0,0,8.69
10807,1,0,1,0,150.31
10808,0,0,1,0,17.74
10809,0,0,1,1,88.66
10810,0,0,0,1,140.83
10811,0,0,0,1,141.81
10812,0,0,0,0,42.19
10813,1,0,0,0,110.33
10814,1,0,1,0,34.02
10815,1,0,1,0,0.0
10816,0,0,1,0,64.3
10817,1,0,0,1,136.25
10818,0,0,0,1,91.74
10819,0,0,0,0,144.48
10820,0,1,1,0,33.08
10821,1,0,1,0,30.37
10822,0,0,0,0,64.42
10823,0,0,0,0,111.62
10824,0,0,0,0,0.0
10825,0,0,0,0,101.83
10826,1,0,0,0,126.36
10827,1,1,1,0,106.55
10828,1,0,0,0,57.23
10829,0,0,1,0,50.86
10830,0,0,1,0,61.77
10831,0,0,1,0,50.67
10832,1,0,1,0,99.18
10833,0,0,0,0,211.75
10834,0,0,0,0,97.64
10835,1,0,1,0,38.95
10836,0,0,0,0,88.93
10837,1,0,1,0,145.53
10838,0,0,0,0,99.53
10839,1,0,0,0,60.36
10840,1,0,0,0,21.92
10841,0,1,0,0,12.18
10842,0,0,1,0,143.97
10843,1,1,1,1,98.82
10844,1,0,1,0,63.45
10845,0,0,0,0,67.86
10846,0,0,0,0,43.56
10847,1,0,0,0,132.36
10848,1,0,1,0,31.91
10849,1,0,0,1,44.86
10850,1,1,1,0,65.51
10851,1,1,0,0,86.87
10852,1,0,0,0,26.2
10853,0,0,0,0,1.83
10854,0,0,0,0,76.4
10855,1,0,1,1,71.18
10856,1,0,0,0,96.91
10857,0,0,0,0,27.14
10858,1,0,1,0,77.09
10859,1,0,1,0,70.46
10860,0,0,0,0,78.07
10861,0,0,1,0,103.9
10862,0,0,0,0,14.85
10863,1,0,1,0,133.78
10864,0,0,0,0,0.0
10865,0,0,0,0,46.55
10866,1,0,1,0,84.06
10867,0,0,0,0,17.96
10868,1,0,0,0,12.27
10869,0,0,0,0,52.17
10870,1,0,0,0,4.54
10871,0,0,1,0,132.81
10872,0,1,0,1,30.7
10873,0,0,0,0,25.17
10874,0,0,0,0,35.95
10875,1,0,1,1,89.74
10876,1,0,1,0,0.0
10877,0,1,1,1,0.0
10878,1,0,1,0,114.84
10879,0,1,0,0,51.89
10880,0,1,0,0,120.43
10881,0,1,1,0,118.26
10882,1,1,0,0,167.77
10883,0,1,0,0,187.65
10884,1,1,1,0,95.17
10885,0,0,1,0,1.4
10886,1,0,0,0,0.0
10887,1,1,0,0,4.0
10888,0,0,1,1,0.0
10889,0,1,0,0,30.16
10890,1,1,1,0,113.55
10891,0,0,0,0,57.38
10892,0,1,1,0,0.0
10893,0,0,0,0,183.15
10894,0,0,1,1,20.8
10895,1,0,0,1,31.63
10896,1,0,1,0,0.0
10897,1,0,0,0,53.93
10898,1,1,1,0,143.8
10899,1,0,0,0,82.76
10900,1,0,1,0,49.5
10901,0,1,0,0,131.2
10902,0,0,0,0,170.77
10903,0,0,0,0,76.56
10904,0,0,1,0,122.45
10905,0,0,0,0,153.14
10906,0,0,0,1,56.01
10907,0,0,0,0,0.0
10908,0,0,0,0,114.56
10909,0,0,0,0,8.87
10910,1,1,1,0,83.55
10911,0,0,0,0,2.44
10912,1,0,0,0,0.0
10913,0,1,0,0,0.0
10914,0,0,0,0,0.0
10915,0,0,0,0,0.0
10916,0,0,1,0,100.41
10917,0,0,0,0,170.14
10918,1,0,1,0,34.4
10919,0,0,0,0,3.54
10920,1,1,1,0,0.0
10921,1,1,1,0,38.61
10922,1,0,0,0,48.17
10923,0,1,1,0,44.74
10924,0,0,0,0,27.94
10925,0,0,0,0,33.95
10926,1,0,1,0,113.83
10927,1,0,1,0,35.56
10928,0,0,0,0,0.0
10929,1,0,0,0,66.24
10930,1,0,0,0,11.41
10931,0,1,0,0,22.5
10932,0,0,1,0,104.84
10933,1,1,0,0,40.28
10934,0,1,1,1,72.22
10935,1,1,0,0,208.54
10936,1,0,1,0,137.87
10937,0,1,1,0,71.44
10938,0,0,1,0,111.59
10939,1,0,0,1,64.95
10940,0,0,0,0,94.2
10941,0,0,0,0,93.73
10942,1,0,0,0,79.92
10943,0,0,1,0,4.81
10944,0,1,0,0,26.86
10945,1,0,0,0,14.69
10946,0,0,1,0,41.27
10947,0,0,0,0,153.03
10948,1,1,1,0,16.89
10949,1,0,0,0,0.0
10950,0,0,0,0,12.22
10951,1,1,1,0,95.87
10952,0,0,0,0,23.13
10953,0,0,0,0,0.0
10954,0,0,1,0,21.61
10955,1,0,1,0,174.83
10956,1,0,0,0,1.78
10957,0,0,0,0,42.79
10958,0,0,0,0,0.0
10959,0,0,0,0,109.59
10960,0,0,0,0,101.54
10961,0,0,0,0,93.74
10962,0,1,1,0,118.73
10963,0,0,0,0,51.36
10964,1,0,1,0,30.29
10965,1,0,0,0,0.0
10966,1,1,1,0,141.55
10967,0,0,0,0,0.0
10968,1,0,0,0,0.0
10969,0,1,1,0,39.69
10970,0,0,1,0,89.23
10971,1,0,1,1,363.8
10972,0,0,1,0,181.62
10973,0,0,0,0,0.0
10974,0,0,1,1,120.73
10975,0,1,1,0,78.6
10976,0,0,1,0,203.19
10977,0,1,1,0,173.49
10978,0,0,1,0,91.71
10979,0,0,0,0,0.0
10980,0,0,0,0,20.69
10981,1,0,1,0,21.84
10982,0,0,0,0,56.7
10983,0,0,1,0,80.86
10984,0,0,0,0,0.0
10985,0,0,0,0,108.67
10986,1,1,1,0,117.81
10987,1,1,1,0,77.39
10988,1,0,1,0,2.83
10989,0,1,0,0,42.32
10990,0,1,0,0,0.0
10991,0,0,1,0,101.83
10992,1,0,1,0,110.92
10993,1,1,1,0,63.29
10994,0,0,1,1,42.57
10995,1,0,1,0,47.07
10996,0,0,0,0,92.65
10997,0,1,0,0,41.34
10998,1,0,1,0,77.58
10999,1,0,1,0,33.96
11000,1,0,0,0,79.65
11001,1,0,0,0,95.08
11002,1,0,0,0,0.0
11003,1,0,0,0,122.59
11004,0,0,0,0,48.2
11005,1,1,0,0,148.73
11006,1,0,0,0,28.23
11007,0,0,0,1,67.63
11008,1,1,1,0,68.13
11009,1,1,1,0,64.79
11010,0,0,0,0,122.17
11011,1,0,1,0,128.1
11012,0,0,1,0,67.91
11013,0,1,1,0,69.58
11014,1,1,0,0,114.23
11015,1,0,1,0,25.37
11016,1,1,1,0,121.0
11017,0,0,1,0,132.12
11018,1,0,0,1,66.64
11019,1,0,0,0,141.45
11020,1,1,0,0,51.22
11021,1,0,0,0,5.94
11022,0,1,0,0,104.09
11023,1,1,0,0,64.07
11024,1,0,1,0,206.39
11025,0,0,0,0,113.58
11026,0,1,0,0,79.34
11027,0,0,0,0,33.61
11028,0,0,0,0,0.0
11029,1,1,1,0,258.82
11030,0,0,0,0,59.42
11031,0,0,1,0,174.7
11032,1,0,1,0,126.82
11033,0,0,0,0,149.69
11034,1,1,0,0,78.33
11035,0,0,1,0,116.2
11036,0,0,0,0,109.41
11037,1,0,0,0,139.12
11038,1,0,0,0,39.65
11039,0,0,0,0,145.07
11040,0,0,0,0,0.0
11041,1,1,1,0,87.77
11042,0,1,0,0,99.92
11043,0,0,1,0,65.75
11044,0,1,0,0,176.17
11045,1,1,1,0,98.59
11046,0,0,0,0,76.06
11047,0,0,0,0,60.08
11048,0,0,0,0,0.0
11049,1,1,1,0,54.93
11050,0,1,1,0,159.48
11051,1,0,1,1,70.81
11052,0,1,1,0,66.47
11053,0,0,0,0,65.7
11054,0,0,0,1,72.18
11055,0,0,1,1,45.69
11056,0,0,0,0,0.0
11057,1,0,1,0,7.17
11058,0,0,0,0,155.85
11059,1,0,0,0,7.66
11060,1,0,0,0,47.16
11061,1,1,1,0,0.7
11062,1,1,0,0,167.94
11063,0,0,0,0,0.0
11064,1,0,0,0,84.49
11065,0,0,0,0,52.84
11066,0,0,1,0,102.85
11067,1,0,1,0,0.0
11068,0,1,0,0,17.1
11069,1,0,0,0,136.91
11070,0,0,0,0,115.82
11071,0,1,0,0,12.65
11072,0,0,0,1,0.0
11073,0,1,1,1,7.95
11074,0,0,0,0,56.26
11075,1,0,1,0,1.14
11076,1,0,1,0,122.3
11077,0,1,1,1,66.9
11078,1,1,1,0,0.0
11079,1,0,0,0,58.12
11080,0,0,0,0,42.75
11081,1,1,0,0,102.33
11082,1,0,1,0,38.49
11083,0,0,0,0,13.15
11084,1,0,1,0,117.76
11085,1,0,0,0,105.43
11086,0,0,0,0,110.83
11087,0,0,1,0,137.14
11088,1,0,1,0,23.66
11089,1,0,1,0,121.88
11090,0,0,0,0,158.93
11091,1,0,1,0,92.82
11092,0,0,1,0,242.37
11093,1,0,1,0,96.13
11094,0,0,0,0,145.63
11095,0,0,0,0,145.43
11096,0,0,0,0,0.0
11097,0,0,0,1,0.0
11098,1,1,0,0,67.0
11099,1,0,1,0,120.0
11100,0,0,1,0,81.15
11101,1,0,0,0,78.34
11102,0,0,1,0,23.67
11103,0,0,0,0,46.73
11104,0,1,1,0,148.16
11105,1,1,1,0,10.07
11106,0,0,0,0,169.45
11107,1,1,1,0,188.18
11108,0,0,0,0,97.53
11109,1,0,0,0,65.09
11110,1,0,1,0,50.64
11111,1,0,0,0,83.48
11112,0,0,0,0,113.22
11113,0,0,1,0,39.86
11114,0,0,0,1,56.54
11115,0,0,0,0,88.36
11116,0,1,1,1,48.59
11117,0,0,0,0,101.51
11118,0,0,1,0,0.0
11119,0,1,1,0,27.37
11120,0,0,1,0,0.0
11121,1,0,1,1,97.71
11122,1,0,1,0,27.56
11123,1,0,1,0,87.76
11124,0,0,0,0,119.73
11125,0,0,0,0,40.67
11126,0,0,0,0,29.49
11127,0,0,0,0,40.25
11128,1,1,1,0,0.0
11129,0,0,0,0,17.81
11130,0,0,1,0,18.92
11131,1,0,0,0,139.47
11132,0,0,1,0,210.4
11133,0,0,0,0,55.83
11134,0,1,1,1,17.53
11135,1,1,1,1,116.35
11136,0,1,0,0,89.25
11137,0,0,0,0,7.71
11138,0,0,0,0,125.68
11139,1,0,1,0,26.6
11140,0,1,1,0,70.83
11141,0,1,1,0,131.69
11142,0,0,0,0,193.02
11143,0,0,0,0,0.0
11144,0,0,1,0,123.51
11145,1,0,0,0,60.91
11146,1,1,1,0,96.21
11147,0,0,0,0,125.03
11148,1,0,0,0,3.32
11149,0,1,0,0,53.13
11150,1,0,0,0,0.0
11151,0,0,0,0,147.01
11152,0,1,1,0,51.58
11153,0,1,1,0,27.09
11154,0,0,0,0,69.86
11155,0,0,0,0,110.8
11156,0,1,1,1,126.84
11157,1,1,1,0,74.1
11158,1,0,1,0,98.44
11159,0,0,0,0,127.12
11160,0,0,0,0,141.8
11161,0,0,1,1,0.0
11162,1,0,0,0,32.23
11163,1,0,1,0,56.55
11164,1,0,0,0,2.53
11165,0,0,0,1,20.09
11166,1,0,1,0,120.64
11167,0,0,1,0,0.0
11168,0,0,0,0,57.39
11169,1,0,0,0,139.08
11170,0,0,0,1,0.0
11171,0,0,0,0,0.0
11172,1,1,1,0,56.6
11173,1,0,0,0,71.33
11174,0,0,0,0,27.98
11175,0,0,0,0,22.24
11176,0,0,1,0,18.06
11177,1,0,0,0,104.68
11178,1,0,1,0,78.2
11179,1,0,1,0,79.24
11180,1,1,1,0,163.14
11181,0,0,1,0,105.83
11182,0,0,1,0,52.07
11183,1,0,1,1,73.71
11184,0,0,0,0,8.14
11185,1,0,0,1,0.07
11186,0,0,0,0,92.54
11187,0,0,0,0,135.82
11188,0,1,0,0,29.05
11189,0,0,1,0,92.85
11190,1,1,1,0,109.64
11191,0,0,1,1,40.44
11192,1,0,0,0,149.42
11193,1,1,1,1,124.89
11194,0,0,0,0,175.95
11195,0,0,1,0,10.53
11196,0,0,0,0,50.2
11197,1,1,0,0,118.11
11198,1,0,0,0,23.81
11199,0,1,0,0,86.23
11200,0,0,0,0,264.78
11201,0,0,1,0,0.0
11202,0,0,1,0,43.45
11203,1,1,1,0,203.67
11204,1,1,1,0,168.53
11205,1,0,1,0,15.47
11206,0,0,0,0,101.5
11207,0,0,1,0,0.0
11208,0,0,0,0,77.66
11209,0,0,0,0,55.4
11210,1,1,0,0,129.04
11211,0,0,0,1,99.52
11212,0,0,0,0,68.9
11213,0,0,0,0,126.71
11214,1,1,1,0,138.65
11215,0,1,1,0,182.39
11216,1,0,1,0,20.04
11217,1,0,0,0,54.2
11218,1,0,1,0,17.5
11219,1,0,0,0,48.25
11220,0,0,1,0,110.86
11221,1,0,0,0,113.57
11222,0,0,0,0,153.86
11223,0,0,0,0,0.0
11224,0,0,1,0,76.21
11225,1,0,0,0,116.25
11226,1,1,1,0,255.05
11227,1,1,1,1,37.19
11228,0,1,1,0,90.39
11229,1,1,1,0,261.77
11230,1,0,1,0,36.94
11231,0,1,0,0,93.86
11232,0,1,0,0,142.99
11233,1,0,0,0,3.12
11234,0,0,1,0,10.05
11235,0,0,0,0,9.61
11236,1,0,1,0,184.29
11237,0,0,0,1,132.85
11238,1,0,0,0,86.18
11239,1,0,1,0,4.13
11240,0,0,0,0,0.0
11241,0,0,0,0,62.29
11242,1,0,1,0,25.32
11243,1,1,1,0,121.47
11244,0,0,0,0,130.95
11245,1,0,0,0,0.0
11246,1,0,1,0,78.55
11247,1,1,0,0,18.6
11248,0,0,0,0,75.87
11249,1,1,1,0,130.01
11250,0,0,0,0,28.43
11251,0,0,0,0,69.51
11252,0,1,0,1,118.78
11253,1,1,1,0,116.8
11254,1,0,0,0,84.09
11255,0,0,0,0,0.0
11256,1,0,0,0,147.47
11257,0,1,0,0,57.74
11258,0,1,0,1,64.61
11259,1,0,1,0,74.75
11260,0,1,0,0,84.87
11261,0,0,0,0,0.0
11262,1,0,0,1,92.16
11263,1,0,1,0,0.0
11264,0,0,0,0,152.08
11265,0,0,0,0,0.0
11266,1,0,1,0,5.35
11267,0,1,0,0,138.54
11268,0,0,0,0,129.52
11269,1,0,0,0,102.89
11270,0,0,0,0,0.0
11271,1,0,0,0,14.47
11272,0,0,0,0,94.45
11273,0,0,0,0,117.82
11274,1,0,1,0,89.29
11275,0,0,0,0,101.33
11276,0,0,0,0,21.68
11277,0,0,1,0,109.07
11278,0,0,0,0,102.21
11279,1,0,1,1,67.24
11280,0,0,0,1,127.33
11281,1,0,0,0,136.26
11282,0,0,0,0,144.72
11283,1,0,0,0,29.61
11284,0,1,0,0,144.22
11285,1,0,1,0,121.02
11286,0,0,0,0,84.8
11287,0,0,0,0,0.0
11288,0,0,0,0,80.5
11289,0,0,1,0,17.9
11290,0,0,0,0,39.72
11291,0,0,0,0,61.67
11292,1,0,0,0,73.83
11293,1,0,1,0,172.99
11294,0,0,1,0,173.93
11295,0,0,0,0,0.0
11296,0,0,0,0,41.51
11297,0,0,0,0,91.45
11298,0,0,0,0,0.0
11299,0,1,0,0,135.77
11300,0,0,0,0,95.28
11301,0,1,1,1,96.06
11302,1,0,1,0,72.35
11303,0,1,0,0,54.17
11304,0,0,0,0,0.0
11305,0,0,0,0,0.0
11306,0,0,0,0,0.0
11307,0,0,1,1,74.16
11308,1,0,1,0,48.62
11309,0,0,1,0,14.92
11310,1,0,0,0,0.0
11311,0,0,0,0,91.54
11312,0,0,0,0,47.35
11313,1,0,1,0,106.15
11314,0,0,0,0,86.11
11315,0,0,1,0,12.44
11316,0,0,1,0,13.39
11317,1,0,0,0,109.52
11318,0,0,1,0,122.44
11319,1,0,0,0,88.08
11320,1,0,1,0,27.44
11321,1,0,1,0,112.62
11322,0,0,0,0,70.37
11323,1,1,0,0,36.91
11324,0,0,0,0,75.86
11325,1,0,1,0,2.66
11326,0,0,0,0,89.28
11327,0,0,1,0,169.16
11328,1,1,1,0,128.29
11329,0,1,1,0,66.35
11330,1,0,1,0,49.32
11331,1,1,0,0,0.82
11332,0,0,1,0,57.69
11333,1,0,1,0,61.7
11334,0,0,1,0,91.19
11335,0,1,0,0,47.17
11336,0,0,0,0,127.87
11337,0,0,1,0,76.07
11338,0,0,0,0,68.12
11339,0,0,1,0,90.05
11340,0,0,0,0,0.0
11341,0,0,0,0,118.16
11342,0,0,0,0,106.95
11343,0,0,0,0,113.71
11344,1,0,1,1,4.04
11345,0,1,1,1,77.89
11346,0,0,0,0,4.38
11347,0,1,1,0,108.67
11348,1,0,0,0,141.7
11349,0,0,0,0,54.22
11350,0,0,0,0,81.93
11351,1,0,1,0,37.26
11352,1,0,0,0,26.09
11353,0,0,0,0,98.99
11354,0,0,1,0,49.51
11355,1,0,0,0,96.55
11356,1,0,1,0,46.25
11357,0,0,0,0,44.0
11358,0,0,0,0,33.81
11359,0,1,0,0,52.36
11360,0,0,1,0,171.81
11361,0,0,1,0,50.48
11362,0,0,0,0,0.0
11363,0,0,0,0,65.25
11364,0,1,1,0,42.82
11365,1,1,1,0,116.65
11366,1,0,0,0,6.26
11367,1,0,1,0,72.7
11368,1,1,1,0,79.43
11369,1,1,1,0,94.94
11370,0,0,0,0,134.31
11371,1,1,1,0,139.59
11372,1,0,0,1,58.85
11373,0,0,0,0,111.43
11374,1,0,1,0,128.09
11375,0,1,0,1,145.23
11376,0,0,0,0,51.92
11377,0,1,1,0,83.6
11378,0,0,0,0,64.63
11379,1,0,0,0,0.0
11380,0,0,0,1,23.86
11381,1,0,0,0,116.99
11382,0,0,1,0,58.33
11383,0,1,0,0,38.78
11384,1,0,1,0,98.67
11385,0,0,1,1,58.27
11386,0,1,1,0,57.48
11387,0,0,0,0,93.57
11388,1,0,1,0,112.2
11389,0,0,0,0,0.0
11390,1,1,1,0,0.0
11391,0,0,0,0,43.6
11392,0,0,0,0,129.49
11393,1,0,0,0,156.06
11394,0,0,0,0,82.98
11395,1,0,1,0,120.89
11396,0,0,1,0,0.0
11397,0,1,1,1,131.76
11398,1,1,1,0,130.39
11399,1,1,0,0,90.23
11400,1,0,0,1,87.57
11401,1,0,1,0,0.0
11402,0,1,0,0,88.07
11403,1,1,1,0,188.03
11404,0,0,1,0,65.54
11405,0,0,1,0,0.0
11406,1,0,1,1,124.81
11407,0,0,1,0,58.82
11408,1,0,1,0,139.09
11409,0,0,1,0,115.76
11410,0,0,0,0,90.12
11411,0,0,0,0,131.35
11412,1,0,1,0,133.57
11413,1,0,0,0,154.33
11414,1,1,0,0,117.75
11415,0,0,0,0,0.0
11416,1,0,1,0,7.46
11417,1,1,1,1,53.42
11418,0,0,0,0,43.51
11419,1,1,0,0,127.28
11420,0,0,0,0,0.0
11421,0,0,0,0,0.0
11422,0,0,1,0,146.45
11423,0,0,0,0,86.99
11424,0,0,0,0,52.24
11425,1,0,1,0,0.0
11426,0,0,0,0,33.24
11427,1,0,0,0,64.82
11428,0,1,0,1,114.17
11429,0,0,0,0,62.12
11430,1,0,1,0,183.43
11431,0,0,1,0,0.0
11432,0,0,0,0,154.15
11433,0,0,0,0,36.62
11434,1,0,0,0,166.99
11435,1,0,0,0,81.25
11436,1,0,1,1,122.24
11437,1,1,1,0,153.89
11438,1,1,1,0,85.02
11439,0,0,0,0,34.53
11440,1,0,0,0,207.7
11441,1,0,0,0,0.0
11442,0,0,0,0,68.42
11443,0,0,0,0,162.32
11444,0,1,1,0,57.17
11445,0,0,0,0,61.24
11446,0,0,0,1,9.14
11447,0,0,0,0,45.93
11448,1,1,0,0,15.06
11449,0,1,0,0,4.38
11450,1,0,0,0,192.05
11451,0,0,0,0,67.79
11452,0,0,0,0,58.87
11453,0,0,0,0,68.16
11454,0,0,0,0,3.33
11455,1,0,0,0,10.35
11456,0,0,1,0,72.36
11457,0,0,0,0,130.79
11458,1,0,0,1,57.05
11459,0,0,0,0,157.79
11460,1,0,0,0,108.18
11461,1,0,0,0,138.08
11462,0,0,1,0,107.08
11463,0,1,0,0,0.0
11464,1,0,0,0,74.59
11465,0,0,0,0,96.97
11466,0,1,1,0,238.18
11467,0,0,0,0,138.47
11468,1,0,0,0,76.56
11469,1,0,0,0,69.02
11470,0,0,0,0,155.91
11471,0,0,0,0,48.73
11472,1,0,1,0,94.97
11473,1,1,1,0,112.43
11474,0,0,0,0,8.46
11475,1,1,1,0,72.89
11476,0,0,0,0,53.03
11477,1,0,1,0,0.0
11478,1,0,0,0,0.0
11479,0,0,1,0,0.0
11480,0,0,1,0,78.49
11481,1,1,1,0,113.47
11482,1,1,1,0,127.87
11483,1,0,1,1,24.08
11484,0,0,0,1,54.66
11485,0,0,0,0,4.98
11486,0,0,0,0,52.29
11487,0,0,0,0,0.0
11488,1,1,1,0,97.25
11489,1,1,0,1,109.19
11490,0,1,0,0,16.47
11491,0,0,0,0,45.68
11492,1,0,1,0,20.37
11493,1,0,1,0,113.1
11494,1,0,0,0,161.47
11495,0,0,1,0,125.04
11496,0,0,0,0,81.96
11497,0,0,1,0,65.83
11498,0,0,1,0,45.9
11499,0,0,0,0,42.38
11500,0,1,0,0,124.57
11501,1,1,0,1,95.71
11502,0,1,0,0,68.97
11503,0,0,1,0,164.81
11504,0,0,1,1,83.24
11505,1,0,1,0,69.52
11506,1,1,1,1,152.39
11507,0,0,1,0,114.66
11508,0,0,0,0,216.94
11509,1,1,1,1,111.39
11510,1,0,1,0,108.89
11511,1,0,1,0,39.51
11512,1,0,1,0,148.04
11513,1,0,1,0,0.0
11514,1,0,1,0,164.53
11515,1,0,0,1,16.15
11516,1,1,1,0,121.1
11517,0,0,0,0,82.98
11518,0,0,1,0,63.85
11519,0,1,1,0,138.91
11520,0,0,1,0,102.95
11521,0,0,0,0,77.33
11522,1,0,0,0,18.98
11523,0,0,0,0,159.08
11524,0,0,1,0,91.25
11525,1,0,1,0,73.94
11526,0,0,0,0,1.81
11527,1,1,1,0,0.0
11528,0,0,0,0,45.77
11529,0,0,0,1,50.94
11530,0,0,0,0,80.07
11531,1,0,0,0,125.8
11532,1,0,1,0,34.1
11533,0,0,0,0,35.94
11534,0,0,1,0,31.87
11535,1,0,0,0,48.44
11536,0,0,0,0,59.92
11537,0,0,0,1,36.02
11538,1,1,1,0,153.5
11539,0,0,0,0,73.24
11540,0,0,0,0,7.22
11541,1,1,1,0,0.0
11542,0,0,1,0,121.03
11543,0,0,1,0,120.56
11544,0,0,1,0,189.18
11545,0,0,0,1,127.57
11546,0,0,1,1,141.55
11547,0,0,0,0,77.8
11548,0,0,1,0,119.44
11549,0,0,0,0,0.0
11550,1,0,1,0,88.71
11551,0,0,0,0,41.19
11552,0,1,1,0,141.33
11553,0,0,0,0,89.3
11554,0,0,0,0,54.88
11555,0,0,1,0,75.44
11556,1,0,1,0,0.0
11557,0,1,0,1,67.59
11558,0,0,0,0,0.0
11559,0,0,0,0,134.23
11560,0,0,0,0,108.5
11561,0,0,1,0,93.5
11562,1,0,1,0,156.0
11563,0,1,0,0,25.4
11564,0,0,1,0,91.53
11565,1,1,1,0,138.2
11566,1,1,0,1,0.0
11567,0,0,0,0,143.55
11568,0,0,1,0,50.82
11569,0,0,0,0,114.13
11570,0,1,1,0,107.25
11571,0,0,0,0,155.75
11572,0,0,0,0,0.0
11573,0,0,1,0,0.0
11574,0,1,0,1,120.61
11575,1,1,1,0,0.0
11576,0,0,1,0,59.78
11577,0,0,0,0,10.21
11578,0,0,0,0,8.74
11579,1,1,1,0,148.65
11580,0,0,1,0,130.63
11581,0,1,1,0,3.96
11582,0,0,1,0,60.5
11583,1,0,1,0,67.03
11584,0,0,0,0,74.97
11585,0,0,0,0,63.2
11586,1,0,0,0,57.76
11587,1,0,1,0,115.69
11588,0,0,1,0,18.06
11589,0,0,0,0,68.74
11590,0,0,0,0,0.0
11591,1,0,1,1,51.64
11592,0,0,0,0,48.68
11593,1,1,1,0,55.46
11594,1,1,1,1,126.83
11595,0,0,0,0,122.54
11596,0,1,1,0,59.25
11597,0,0,1,0,91.57
11598,0,0,0,0,72.34
11599,0,0,0,0,0.0
11600,0,0,0,0,68.6
11601,0,1,0,0,53.93
11602,1,1,0,0,8.6
11603,0,0,1,0,31.07
11604,1,0,1,0,103.78
11605,1,0,0,0,5.4
11606,0,1,0,0,0.0
11607,1,0,1,0,156.77
11608,0,1,1,0,97.05
11609,0,0,0,0,18.24
11610,0,0,0,0,111.56
11611,1,0,0,0,103.22
11612,1,0,1,0,0.0
11613,0,0,1,0,49.29
11614,0,0,0,0,71.49
11615,1,0,0,1,35.02
11616,1,0,0,0,67.22
11617,1,0,0,0,61.28
11618,1,0,0,0,33.03
11619,0,0,0,0,74.87
11620,0,0,0,0,126.72
11621,1,0,0,0,48.36
11622,0,0,1,0,177.3
11623,1,1,0,0,236.68
11624,0,1,1,0,25.63
11625,0,0,0,0,173.25
11626,1,1,1,1,0.0
11627,0,0,0,0,17.7
11628,0,1,1,0,46.92
11629,0,0,0,0,106.98
11630,0,1,0,0,117.44
11631,0,0,0,0,19.48
11632,0,0,1,0,166.99
11633,0,0,0,0,129.46
11634,1,1,1,0,67.1
11635,0,0,0,0,9.31
11636,1,1,1,0,119.42
11637,1,0,0,0,63.41
11638,0,0,0,0,74.43
11639,0,0,0,0,14.56
11640,0,0,0,0,43.7
11641,0,0,0,0,29.74
11642,1,0,0,0,93.18
11643,1,0,0,0,8.13
11644,0,0,1,0,112.44
11645,0,0,0,0,30.67
11646,1,0,1,1,40.42
11647,1,0,1,0,138.64
11648,1,1,0,0,183.94
11649,0,0,0,0,67.19
11650,1,0,0,0,17.36
11651,0,0,0,0,178.76
11652,1,1,1,0,37.59
11653,0,0,0,1,203.07
11654,1,0,0,0,0.0
11655,0,0,0,0,71.95
11656,0,0,0,0,43.91
11657,0,0,0,1,133.86
11658,1,0,0,0,111.59
11659,0,1,0,0,34.53
11660,0,0,1,0,31.38
11661,1,0,1,0,101.19
11662,0,0,0,0,96.59
11663,0,0,0,0,91.22
11664,0,0,1,0,22.78
11665,1,0,1,0,68.57
11666,0,0,0,0,0.0
11667,0,0,1,1,0.0
11668,1,0,0,0,127.71
11669,0,0,1,0,99.84
11670,0,1,0,0,102.74
11671,1,0,0,0,94.19
11672,1,0,0,0,96.7
11673,1,0,0,0,137.17
11674,0,0,0,0,103.07
11675,1,1,1,0,82.69
11676,1,0,1,0,82.56
11677,1,0,1,1,105.35
11678,0,0,0,0,130.68
11679,0,0,0,0,121.47
11680,0,0,0,0,198.27
11681,1,1,1,0,64.95
11682,0,0,0,0,16.38
11683,1,1,0,1,34.32
11684,1,0,1,0,110.91
11685,0,0,0,0,58.63
11686,1,0,1,0,182.83
11687,0,0,1,0,0.0
11688,0,0,0,0,104.23
11689,0,1,1,0,0.0
11690,0,0,0,0,67.73
11691,0,0,0,0,71.14
11692,0,0,0,0,36.29
11693,1,1,1,1,78.05
11694,0,0,0,0,80.9
11695,0,0,1,0,36.37
11696,1,0,1,0,57.19
11697,0,0,1,0,0.0
11698,0,0,0,0,43.77
11699,1,0,0,0,0.0
11700,0,1,0,0,164.9
11701,0,0,1,0,154.14
11702,0,0,0,0,96.17
11703,1,1,1,0,112.36
11704,0,0,0,0,49.63
11705,1,1,0,0,73.5
11706,1,0,0,0,35.67
11707,0,0,0,0,92.5
11708,0,0,0,0,87.78
11709,1,0,1,0,82.97
11710,1,1,1,0,97.42
11711,0,0,0,0,33.53
11712,0,0,1,0,92.48
11713,1,0,1,0,82.13
11714,0,1,1,0,37.42
11715,0,0,0,0,61.58
11716,0,0,0,0,0.0
11717,1,0,1,0,120.99
11718,1,1,0,0,130.3
11719,1,0,1,0,103.7
11720,0,0,0,0,15.11
11721,0,1,0,0,54.85
11722,1,0,1,0,153.78
11723,0,0,1,0,40.76
11724,0,0,0,0,46.65
11725,0,1,0,1,145.09
11726,0,0,1,0,0.0
11727,1,0,1,0,48.46
11728,1,0,1,0,135.14
11729,0,0,0,1,71.12
11730,0,1,0,0,0.0
11731,1,0,1,0,91.18
11732,0,0,1,0,0.0
11733,0,0,0,1,115.47
11734,0,0,1,0,0.0
11735,0,0,1,0,76.3
11736,0,0,1,0,102.82
11737,0,1,0,0,98.18
11738,1,0,0,0,23.43
11739,0,0,0,0,5.31
11740,1,1,1,0,65.88
11741,1,0,1,0,168.17
11742,0,0,0,0,76.16
11743,0,1,0,0,13.64
11744,1,0,0,0,34.35
11745,0,0,1,0,72.98
11746,0,1,1,0,57.69
11747,0,0,0,0,91.44
11748,1,0,0,0,193.29
11749,0,0,0,0,187.03
11750,0,0,1,0,71.22
11751,0,0,0,0,67.65
11752,0,1,1,0,37.38
11753,0,0,0,0,62.91
11754,0,0,1,0,87.32
11755,1,0,1,0,146.07
11756,0,0,0,0,16.21
11757,1,0,0,0,124.93
11758,0,1,0,0,74.84
11759,1,0,0,0,8.08
11760,0,0,0,0,43.11
11761,1,0,1,0,64.17
11762,1,1,1,0,17.2
11763,0,0,0,1,0.0
11764,0,0,0,0,0.0
11765,0,1,1,0,0.0
11766,0,1,1,1,117.51
11767,0,0,0,0,137.4
11768,0,0,0,0,68.37
11769,1,1,1,0,115.51
11770,1,0,0,1,89.78
11771,0,0,0,0,55.91
11772,1,0,1,0,70.69
11773,0,0,0,0,53.33
11774,1,0,0,0,71.53
11775,0,0,0,0,0.0
11776,0,1,0,0,133.8
11777,0,0,0,0,58.95
11778,1,0,1,0,67.91
11779,1,1,1,1,22.87
11780,0,0,1,0,116.53
11781,1,1,1,0,191.88
11782,0,0,0,0,77.9
11783,0,0,1,1,186.83
11784,0,0,0,0,149.43
11785,1,0,1,0,0.0
11786,0,0,0,0,79.49
11787,0,1,0,1,73.88
11788,0,0,0,0,83.12
11789,0,0,0,0,69.62
11790,0,0,0,0,83.19
11791,0,0,0,0,70.6
11792,1,0,0,0,14.0
11793,1,0,0,0,173.5
11794,0,0,1,1,69.7
11795,0,0,0,0,162.19
11796,1,0,1,0,259.33
11797,0,0,0,0,0.0
11798,1,1,1,1,128.09
11799,0,0,0,1,32.25
11800,0,0,0,0,77.9
11801,0,0,0,1,84.49
11802,1,1,1,0,77.15
11803,1,0,1,0,125.18
11804,1,0,1,0,6.22
11805,0,1,1,0,137.03
11806,1,0,0,0,60.4
11807,0,1,1,0,99.45
11808,1,0,0,1,73.39
11809,1,0,1,0,81.38
11810,0,0,0,0,81.6
11811,0,0,0,0,7.78
11812,1,1,1,1,89.87
11813,1,1,1,1,144.9
11814,1,1,0,0,3.46
11815,1,1,0,0,126.39
11816,1,1,1,0,121.28
11817,0,0,1,0,70.62
11818,0,0,0,0,30.27
11819,1,1,1,0,55.04
11820,1,0,1,0,112.53
11821,0,0,0,0,120.16
11822,0,0,1,0,109.42
11823,0,0,0,0,0.0
11824,1,0,1,0,58.09
11825,0,0,0,0,187.16
11826,1,1,1,0,94.73
11827,1,0,0,1,235.12
11828,0,0,0,0,22.5
11829,0,0,0,0,0.0
11830,1,0,0,1,0.0
11831,0,0,0,0,17.02
11832,0,0,0,0,50.96
11833,1,0,1,0,167.78
11834,0,0,1,0,0.0
11835,0,1,0,0,38.0
11836,0,0,0,0,167.2
11837,0,1,1,0,59.3
11838,0,0,0,0,61.05
11839,1,0,1,0,101.69
11840,0,1,0,0,48.29
11841,1,0,0,0,118.35
11842,1,0,0,0,53.26
11843,1,1,1,0,56.79
11844,0,0,1,0,0.0
11845,0,0,0,1,48.79
11846,1,0,0,0,38.84
11847,1,0,0,0,19.69
11848,1,0,0,0,50.19
11849,1,0,1,0,80.21
11850,1,1,0,0,0.0
11851,1,0,0,0,10.41
11852,0,0,0,0,64.38
11853,1,0,1,0,126.56
11854,0,0,0,0,0.0
11855,1,1,1,0,148.54
11856,1,0,0,0,91.32
11857,0,0,0,0,64.7
11858,0,1,0,0,84.07
11859,0,0,0,0,21.77
11860,0,0,0,0,0.0
11861,1,0,1,0,10.96
11862,0,0,1,0,11.92
11863,0,0,0,0,0.0
11864,0,1,0,1,105.12
11865,0,1,0,1,100.61
11866,0,1,0,0,0.0
11867,0,0,1,1,93.7
11868,0,0,0,0,25.41
11869,1,0,1,0,116.91
11870,0,1,0,0,29.71
11871,0,0,1,0,175.48
11872,0,0,1,0,36.94
11873,0,0,0,0,215.05
11874,0,0,1,0,162.19
11875,1,1,1,0,133.35
11876,0,0,0,0,127.86
11877,1,0,1,0,78.48
11878,0,0,0,0,97.56
11879,0,0,0,0,102.44
11880,1,1,1,0,123.11
11881,0,0,0,0,132.92
11882,1,1,1,0,45.14
11883,1,1,1,0,179.86
11884,0,0,1,0,110.24
11885,0,0,0,0,0.0
11886,0,0,0,0,48.19
11887,1,0,1,1,105.17
11888,1,1,0,0,147.2
11889,0,1,0,0,40.85
11890,0,0,0,0,67.95
11891,1,0,1,0,0.0
11892,0,0,0,0,49.52
11893,1,1,1,0,103.5
11894,0,0,0,0,0.0
11895,0,0,0,0,0.0
11896,1,0,0,0,0.0
11897,0,0,1,0,61.44
11898,1,1,1,0,57.34
11899,1,0,1,0,84.1
11900,0,1,0,0,30.22
11901,1,0,1,0,179.32
11902,0,0,0,0,0.0
11903,0,0,0,0,61.32
11904,0,0,0,0,43.3
11905,1,0,1,0,95.8
11906,0,1,0,0,83.45
11907,1,1,0,0,175.36
11908,1,1,0,0,80.68
11909,1,0,0,0,124.0
11910,0,0,0,0,17.53
11911,1,1,1,0,163.38
11912,1,0,1,1,61.72
11913,0,0,0,0,88.14
11914,0,0,0,1,2.62
11915,1,0,0,0,0.0
11916,0,0,0,1,71.09
11917,0,0,0,1,14.47
11918,1,0,0,0,28.63
11919,0,1,0,1,0.66
11920,0,0,0,0,0.0
11921,0,0,0,0,108.32
11922,0,0,0,0,142.29
11923,0,0,1,0,20.73
11924,1,0,0,0,87.28
11925,1,0,1,0,156.94
11926,0,0,0,1,91.53
11927,1,0,0,0,30.35
11928,0,0,0,0,91.31
11929,1,0,1,0,69.79
11930,1,1,1,1,17.46
11931,0,0,0,0,118.05
11932,1,0,0,0,5.81
11933,0,0,0,0,136.44
11934,1,1,1,0,230.5
11935,0,0,0,0,52.97
11936,1,0,1,1,42.33
11937,0,0,1,0,5.27
11938,0,0,1,0,0.0
11939,0,0,0,0,83.56
11940,1,0,0,0,65.84
11941,0,0,0,0,156.67
11942,0,0,0,0,48.51
11943,1,1,1,0,77.94
11944,1,0,0,1,127.14
11945,0,0,1,0,107.83
11946,0,0,0,0,0.0
11947,0,0,0,0,7.11
11948,0,0,0,0,36.42
11949,0,0,0,0,5.65
11950,1,1,1,0,8.07
11951,1,0,1,0,59.95
11952,1,1,1,0,100.04
11953,0,0,1,0,72.65
11954,1,0,1,0,65.99
11955,0,0,1,0,113.12
11956,1,0,0,0,63.35
11957,1,0,0,0,64.98
11958,1,0,1,0,31.55
11959,0,0,0,0,107.74
11960,0,0,0,0,63.84
11961,0,0,1,1,30.58
11962,0,0,1,0,6.48
11963,1,0,0,0,20.99
11964,0,0,1,0,0.0
11965,0,0,0,0,62.91
11966,1,1,1,0,74.48
11967,1,0,1,0,154.26
11968,0,0,0,0,77.93
11969,1,0,0,0,11.31
11970,0,1,1,0,106.37
11971,1,0,0,0,101.89
11972,0,0,0,0,166.25
11973,0,0,0,0,135.49
11974,0,0,0,0,103.59
11975,1,0,0,0,66.95
11976,1,0,1,0,133.38
11977,0,0,0,0,0.0
11978,0,0,0,0,72.29
11979,0,1,0,0,126.42
11980,0,0,0,0,73.04
11981,0,0,0,0,144.03
11982,0,0,1,0,83.42
11983,1,0,1,0,74.31
11984,0,0,1,0,0.0
11985,1,1,1,0,28.98
11986,1,1,1,0,0.0
11987,0,1,0,1,41.51
11988,0,0,0,0,6.71
11989,1,0,1,1,0.0
11990,0,0,1,0,0.0
11991,1,0,0,0,125.0
11992,0,0,0,0,0.0
11993,0,0,0,0,160.51
11994,0,0,0,0,42.28
11995,0,0,0,1,53.24
11996,1,1,1,0,43.54
11997,1,0,0,0,0.0
11998,1,0,1,0,0.0
11999,1,0,0,0,91.23
12000,0,1,0,0,44.98
12001,1,1,1,0,61.35
12002,0,0,1,0,141.61
12003,0,0,0,0,102.57
12004,1,0,1,0,122.61
12005,1,0,0,0,73.18
12006,0,0,0,0,122.19
12007,1,0,0,0,166.51
12008,0,0,0,0,18.92
12009,0,0,1,0,80.93
12010,1,0,1,0,192.24
12011,1,0,0,0,95.29
12012,0,0,0,0,0.0
12013,1,0,0,0,106.27
12014,0,0,0,0,85.63
12015,0,0,0,1,0.0
12016,0,0,0,0,0.0
12017,0,1,1,0,52.2
12018,1,0,1,0,73.41
12019,0,0,0,0,0.0
12020,0,0,1,0,84.93
12021,1,0,1,0,138.27
12022,0,0,0,0,0.0
12023,1,0,1,0,53.63
12024,0,0,0,0,11.81
12025,0,0,0,1,34.6
12026,1,0,0,0,100.59
12027,1,0,0,0,280.37
12028,0,0,0,1,18.09
12029,1,0,1,0,34.12
12030,0,0,1,1,159.77
12031,1,0,0,0,246.52
12032,1,0,0,0,0.0
12033,1,0,0,0,38.38
12034,1,0,1,0,139.47
12035,0,0,1,0,54.87
12036,0,0,0,0,158.71
12037,0,0,0,0,73.39
12038,1,0,1,0,150.43
12039,1,0,1,0,31.82
12040,0,0,1,0,92.46
12041,0,0,0,0,19.91
12042,0,0,0,0,73.38
12043,1,0,0,0,0.0
12044,1,0,0,0,72.01
12045,0,0,0,0,69.7
12046,0,0,0,0,48.7
12047,0,0,0,0,0.29
12048,1,1,1,0,72.95
12049,0,0,0,0,0.0
12050,0,0,0,0,112.68
12051,0,1,0,0,81.67
12052,1,0,0,0,12.89
12053,0,0,0,0,23.74
12054,1,0,0,0,68.31
12055,0,0,0,0,40.52
12056,0,0,0,0,91.16
12057,0,1,1,0,65.44
12058,1,0,0,0,32.05
12059,0,0,1,1,72.43
12060,1,0,1,1,104.26
12061,1,0,1,0,131.32
12062,0,1,1,0,42.78
12063,1,1,0,0,157.24
12064,1,0,1,1,7.46
12065,1,1,1,0,74.36
12066,0,1,0,0,48.35
12067,0,0,0,0,111.11
12068,0,0,0,0,172.57
12069,1,1,1,0,110.37
12070,0,0,0,0,98.15
12071,1,1,0,0,13.8
12072,1,1,0,0,62.98
12073,1,0,1,0,23.49
12074,0,0,0,0,0.0
12075,1,0,1,0,93.35
12076,0,0,1,0,132.03
12077,0,0,0,0,123.26
12078,0,0,0,0,66.82
12079,0,1,0,0,145.49
12080,0,0,0,0,103.48
12081,0,0,0,0,66.88
12082,1,0,0,0,58.11
12083,1,0,1,1,5.29
12084,1,0,1,0,35.87
12085,0,0,0,0,158.05
12086,0,0,0,0,78.36
12087,0,0,0,0,37.47
12088,0,1,0,0,12.88
12089,0,0,0,0,28.73
12090,0,0,1,0,107.03
12091,1,0,1,1,102.45
12092,0,1,1,0,110.16
12093,0,0,0,0,25.68
12094,1,0,0,0,0.0
12095,0,0,0,0,54.41
12096,0,1,0,0,86.52
12097,0,1,1,0,102.42
12098,0,0,1,0,112.18
12099,1,0,1,0,149.96
12100,0,0,0,1,44.66
12101,1,0,1,0,157.99
12102,0,0,0,0,60.48
12103,1,1,1,0,14.46
12104,0,0,0,0,128.64
12105,1,0,1,0,129.58
12106,1,1,0,0,67.04
12107,0,1,0,0,46.78
12108,0,0,0,0,42.53
12109,1,1,1,0,21.44
12110,1,0,0,0,37.27
12111,1,0,1,0,18.16
12112,0,0,0,0,169.15
12113,0,0,1,0,0.0
12114,1,1,1,0,91.14
12115,0,0,0,0,39.32
12116,0,0,0,0,76.11
12117,0,0,1,0,43.97
12118,0,1,1,0,57.33
12119,1,0,1,0,152.23
12120,0,0,1,0,45.14
12121,1,1,0,0,46.81
12122,0,0,1,0,63.74
12123,1,0,0,0,147.45
12124,0,0,0,0,92.93
12125,1,0,1,1,42.67
12126,0,0,1,0,78.86
12127,0,0,0,0,6.59
12128,0,0,0,1,104.35
12129,0,1,0,0,25.83
12130,1,1,1,0,37.3
12131,0,1,1,0,54.62
12132,0,0,0,0,20.25
12133,0,0,0,0,132.43
12134,0,0,1,0,112.42
12135,0,1,0,0,23.86
12136,0,0,0,0,21.48
12137,1,1,1,0,93.19
12138,0,0,0,0,109.14
12139,0,0,0,0,66.39
12140,0,0,0,1,19.63
12141,0,0,0,0,13.25
12142,1,1,1,0,59.38
12143,0,1,0,1,31.76
12144,0,0,0,1,0.0
12145,1,0,0,0,83.58
12146,1,1,1,0,82.98
12147,0,1,0,0,1.81
12148,0,1,1,0,132.19
12149,0,0,1,0,24.32
12150,0,0,1,0,0.0
12151,1,0,0,0,147.08
12152,0,0,0,0,15.57
12153,0,0,0,0,38.48
12154,1,0,1,0,4.89
12155,1,0,0,0,70.72
12156,0,1,0,1,26.35
12157,1,0,0,0,153.38
12158,1,0,1,0,171.36
12159,1,0,0,0,44.29
12160,0,0,0,0,77.99
12161,0,0,0,0,0.0
12162,0,0,0,1,54.73
12163,0,0,1,0,0.0
12164,1,0,1,0,89.02
12165,1,0,1,0,61.52
12166,0,0,0,0,97.42
12167,0,0,0,1,36.96
12168,0,0,1,0,87.0
12169,0,0,0,0,16.72
12170,0,0,0,0,28.68
12171,0,1,1,1,80.89
12172,0,0,0,0,150.46
12173,0,0,1,1,120.76
12174,0,0,0,0,148.43
12175,1,0,0,0,109.26
12176,0,0,0,0,66.66
12177,0,1,0,0,64.23
12178,0,0,0,0,25.25
12179,0,0,0,0,31.79
12180,0,0,1,0,21.73
12181,0,0,0,0,83.2
12182,0,0,0,0,0.0
12183,0,0,0,0,20.72
12184,0,0,0,1,45.56
12185,0,1,0,0,76.31
12186,0,0,0,0,95.42
12187,1,1,0,0,0.0
12188,1,1,0,0,170.2
12189,1,1,1,1,0.0
12190,0,1,0,0,157.8
12191,1,0,0,0,139.51
12192,1,0,1,0,101.63
12193,1,0,1,1,44.8
12194,0,1,1,0,31.61
12195,0,0,0,0,13.83
12196,0,0,1,0,0.0
12197,0,0,0,0,92.93
12198,0,0,0,0,5.57
12199,1,0,1,0,122.26
12200,1,0,1,0,60.43
12201,1,0,0,0,94.44
12202,0,1,1,0,19.56
12203,0,0,0,0,79.39
12204,0,0,0,1,147.68
12205,1,0,0,1,99.35
12206,0,0,0,0,0.0
12207,1,1,1,1,58.07
12208,0,0,0,0,60.41
12209,1,0,1,0,24.9
12210,0,0,0,0,25.5
12211,1,0,0,0,113.03
12212,1,0,0,0,49.99
12213,1,0,0,0,36.6
12214,1,0,1,0,169.9
12215,0,0,0,0,93.15
12216,0,0,0,0,3.18
12217,0,0,1,0,93.25
12218,0,0,1,0,100.59
12219,0,0,0,1,85.33
12220,1,0,1,0,133.45
12221,1,0,0,0,0.0
12222,0,0,0,0,7.11
12223,1,0,1,0,93.29
12224,1,0,1,0,0.0
12225,1,1,1,0,174.54
12226,0,1,1,0,62.62
12227,1,1,1,0,55.47
12228,0,0,1,0,48.71
12229,0,0,1,0,49.96
12230,0,1,1,0,88.72
12231,0,0,0,0,157.34
12232,0,0,0,0,82.06
12233,0,0,1,0,154.87
12234,0,0,1,0,112.93
12235,1,0,1,0,86.15
12236,0,0,1,0,48.2
12237,0,0,1,0,0.0
12238,0,1,0,0,270.29
12239,0,0,1,0,52.42
12240,1,1,1,0,220.68
12241,1,1,1,0,155.99
12242,1,1,0,1,144.97
12243,1,0,1,0,121.62
12244,0,0,0,0,62.36
12245,0,0,0,0,64.56
12246,1,0,1,0,100.86
12247,1,1,1,0,25.44
12248,1,0,1,0,73.85
12249,0,0,0,0,75.78
12250,0,1,1,1,25.86
12251,1,0,1,0,26.47
12252,0,0,0,0,95.14
12253,1,0,1,0,40.84
12254,0,0,1,1,44.12
12255,1,0,1,0,96.97
12256,0,1,0,0,32.75
12257,1,1,1,0,200.78
12258,0,0,1,0,136.01
12259,0,0,0,0,101.46
12260,1,0,0,0,101.45
12261,1,1,1,0,91.62
12262,1,0,0,0,78.72
12263,1,0,0,0,32.7
12264,1,0,1,0,96.55
12265,0,1,0,0,40.71
12266,1,0,1,0,108.35
12267,0,1,0,0,98.14
12268,1,1,0,0,60.07
12269,0,0,0,0,52.58
12270,0,0,0,1,0.0
12271,0,1,1,0,27.28
12272,0,0,0,1,107.79
12273,0,0,0,0,121.66
12274,0,0,1,0,96.2
12275,1,1,1,0,91.38
12276,0,0,0,0,0.0
12277,0,0,0,0,27.41
12278,0,0,1,0,53.13
12279,0,0,1,0,0.0
12280,0,0,1,0,110.59
12281,1,1,1,0,155.12
12282,0,0,0,0,48.86
12283,0,0,0,0,184.82
12284,1,0,0,0,23.7
12285,0,0,0,0,17.59
12286,0,1,1,0,0.0
12287,1,0,0,0,201.83
12288,1,0,1,0,0.0
12289,1,0,1,0,102.42
12290,0,0,0,0,0.0
12291,1,1,1,0,0.0
12292,1,1,1,0,0.0
12293,0,0,0,0,56.09
12294,0,1,1,0,50.63
12295,1,0,1,0,32.83
12296,1,0,1,0,5.9
12297,0,0,0,0,102.44
12298,0,0,1,0,21.74
12299,0,1,1,0,28.18
12300,0,0,0,0,183.23
12301,0,0,0,0,3.17
12302,0,0,0,0,70.01
12303,1,0,0,0,69.36
12304,0,1,1,0,87.05
12305,0,0,0,0,75.65
12306,1,0,0,0,79.04
12307,0,1,0,0,0.0
12308,0,0,0,0,163.78
12309,1,0,1,0,175.03
12310,1,0,1,0,109.87
12311,0,0,0,0,76.0
12312,0,0,0,0,73.82
12313,1,1,1,0,147.32
12314,1,1,1,0,103.76
12315,0,0,0,0,0.0
12316,1,1,1,0,38.93
12317,1,0,1,0,0.0
12318,1,0,1,1,7.11
12319,0,1,0,1,31.66
12320,0,0,0,0,68.93
12321,0,0,1,0,105.48
12322,0,1,1,0,83.22
12323,0,0,1,0,33.44
12324,1,0,1,0,0.0
12325,1,0,0,0,84.99
12326,1,0,0,0,11.54
12327,1,1,1,0,83.22
12328,0,1,0,0,65.3
12329,0,0,0,0,89.34
12330,1,1,1,0,60.86
12331,1,0,0,0,38.51
12332,1,0,0,0,0.0
12333,0,0,0,0,82.96
12334,0,0,0,0,66.21
12335,0,0,0,0,67.62
12336,1,0,1,0,132.37
12337,1,0,1,0,0.0
12338,0,0,0,0,55.8
12339,1,0,1,0,176.83
12340,0,0,0,1,22.67
12341,1,1,1,1,224.44
12342,0,0,1,0,0.0
12343,0,0,0,0,35.0
12344,0,0,0,0,66.46
12345,0,1,1,0,125.86
12346,1,1,1,0,131.41
12347,0,0,1,0,0.0
12348,0,0,0,0,52.88
12349,1,0,1,0,77.81
12350,0,0,1,0,0.0
12351,0,1,1,0,45.01
12352,0,0,0,0,112.7
12353,1,1,1,0,44.49
12354,0,0,1,0,9.77
12355,0,1,0,0,66.72
12356,1,1,1,1,3.01
12357,0,0,0,0,36.14
12358,0,0,0,0,38.47
12359,1,0,0,0,44.75
12360,0,0,0,0,176.06
12361,1,0,1,0,51.17
12362,1,0,1,0,25.43
12363,1,0,0,0,47.94
12364,0,0,0,0,37.53
12365,1,0,1,0,103.28
12366,1,0,1,0,0.0
12367,0,0,0,0,26.41
12368,0,1,1,0,64.29
12369,0,0,0,0,14.39
12370,0,0,0,0,166.38
12371,0,0,0,0,18.08
12372,0,0,1,0,115.86
12373,0,0,0,0,86.84
12374,0,1,1,0,55.63
12375,1,1,0,1,35.62
12376,1,0,0,1,52.94
12377,0,0,1,0,74.42
12378,1,0,1,0,176.63
12379,0,0,0,0,120.09
12380,1,0,1,0,138.36
12381,1,0,1,0,43.69
12382,0,0,1,0,103.33
12383,1,0,0,1,124.28
12384,1,0,1,0,86.33
12385,0,0,0,0,64.62
12386,0,0,0,0,58.77
12387,0,1,1,0,69.03
12388,0,0,0,0,0.0
12389,1,1,0,0,198.52
12390,1,0,0,0,84.45
12391,1,0,0,0,89.94
12392,0,1,1,0,53.1
12393,1,0,0,0,87.63
12394,1,0,1,1,120.84
12395,1,0,1,0,41.64
12396,0,1,0,0,54.9
12397,1,1,0,0,183.9
12398,1,1,1,0,160.58
12399,0,0,0,0,51.5
12400,0,0,0,0,41.55
12401,0,0,0,0,67.81
12402,0,1,0,0,0.0
12403,0,0,0,0,0.99
12404,0,0,0,0,45.72
12405,1,0,1,0,105.61
12406,0,0,0,0,31.79
12407,1,1,0,1,11.41
12408,1,0,1,0,47.72
12409,1,1,0,0,68.47
12410,0,0,0,0,54.59
12411,0,0,1,0,7.44
12412,0,1,1,0,76.23
12413,0,1,1,0,114.8
12414,0,0,0,0,0.0
12415,0,0,1,1,69.75
12416,1,0,0,0,45.14
12417,1,0,0,0,139.86
12418,1,0,1,1,95.95
12419,0,0,0,0,100.61
12420,1,0,1,0,98.4
12421,1,0,0,0,141.33
12422,1,0,1,0,100.96
12423,1,0,1,1,60.63
12424,0,0,1,0,46.24
12425,0,0,0,0,18.21
12426,0,0,1,0,0.0
12427,0,0,0,0,0.0
12428,0,0,1,0,116.31
12429,0,0,0,0,88.85
12430,1,0,1,0,105.75
12431,1,0,1,0,66.73
12432,1,0,1,0,50.97
12433,0,1,0,0,50.64
12434,0,0,0,0,177.26
12435,1,1,1,0,141.14
12436,0,0,1,0,72.03
12437,0,0,0,0,63.55
12438,0,1,1,0,94.71
12439,0,0,0,1,99.69
12440,1,0,0,0,11.22
12441,0,0,0,0,84.33
12442,0,0,0,0,93.85
12443,0,0,0,0,0.0
12444,0,1,1,0,39.88
12445,0,0,1,0,99.26
12446,0,0,0,0,30.31
12447,0,1,0,0,8.64
12448,1,0,1,0,53.18
12449,1,0,0,1,130.8
12450,0,0,1,1,72.43
12451,0,0,1,0,0.0
12452,0,0,0,0,109.94
12453,1,1,1,0,56.59
12454,0,0,0,0,128.95
12455,1,1,1,0,131.54
12456,0,0,0,0,78.72
12457,0,0,0,0,32.47
12458,1,1,0,0,139.29
12459,0,0,1,1,0.0
12460,0,0,0,0,0.0
12461,1,1,1,0,84.74
12462,1,0,0,0,134.5
12463,0,0,1,0,59.34
12464,1,1,1,0,80.19
12465,0,0,1,0,87.29
12466,0,0,1,0,78.27
12467,0,0,1,0,92.19
12468,0,0,1,0,73.93
12469,0,1,1,0,0.0
12470,0,0,0,0,101.72
12471,0,0,0,0,18.74
12472,0,0,0,0,14.07
12473,1,1,1,0,0.0
12474,0,0,0,0,38.35
12475,0,0,0,0,17.63
12476,0,0,0,0,60.1
12477,1,1,0,0,84.21
12478,1,0,0,0,52.36
12479,1,0,1,0,100.66
12480,0,0,0,0,67.63
12481,1,0,0,0,128.22
12482,0,0,0,0,22.51
12483,0,0,0,0,52.65
12484,0,0,0,1,61.8
12485,1,0,1,0,28.62
12486,1,0,1,0,171.63
12487,0,0,0,0,120.16
12488,1,0,1,0,116.04
12489,1,0,1,1,51.65
12490,0,1,1,0,141.33
12491,1,0,0,0,176.99
12492,1,0,0,0,37.49
12493,0,0,1,0,115.28
12494,1,0,1,0,144.98
12495,0,1,0,0,46.34
12496,1,0,0,0,104.76
12497,1,0,0,0,76.86
12498,1,0,1,0,12.28
12499,0,0,1,0,120.57
12500,0,1,1,0,132.42
12501,1,0,0,0,0.0
12502,0,0,0,0,0.0
12503,1,0,0,0,0.0
12504,0,1,0,0,56.29
12505,1,1,1,0,47.91
12506,0,0,0,0,31.08
12507,1,1,1,0,24.1
12508,0,0,0,0,63.74
12509,0,0,0,0,104.55
12510,0,1,0,0,59.74
12511,0,0,1,0,99.02
12512,0,1,0,0,12.36
12513,0,0,0,0,48.44
12514,0,0,0,0,0.0
12515,0,0,1,0,47.17
12516,1,0,0,0,60.82
12517,1,0,1,1,109.58
12518,1,1,1,0,176.97
12519,1,0,1,0,43.79
12520,0,0,0,0,86.23
12521,0,1,1,0,0.0
12522,1,0,0,0,113.01
12523,0,0,0,0,96.66
12524,1,0,0,0,119.17
12525,1,0,1,0,136.64
12526,1,0,1,0,155.52
12527,0,0,0,0,9.33
12528,1,0,1,0,71.3
12529,0,0,1,0,38.96
12530,1,0,0,0,52.43
12531,0,1,1,0,118.64
12532,0,0,0,0,35.92
12533,1,0,0,0,113.49
12534,0,1,1,0,23.9
12535,0,0,0,0,19.62
12536,0,1,1,0,6.61
12537,0,1,1,0,191.45
12538,0,0,0,0,3.55
12539,1,1,0,0,77.53
12540,0,0,0,0,0.0
12541,0,0,1,0,74.01
12542,1,0,1,0,13.95
12543,1,0,1,0,12.72
12544,0,0,0,0,110.53
12545,0,0,1,0,118.65
12546,0,0,1,1,29.03
12547,0,1,0,0,108.75
12548,1,0,0,0,45.27
12549,0,0,0,0,50.14
12550,0,0,1,0,122.88
12551,1,0,0,0,4.49
12552,1,0,0,0,0.0
12553,0,0,0,1,0.0
12554,0,0,0,0,36.67
12555,1,1,1,0,0.0
12556,1,0,0,1,57.41
12557,0,0,0,0,104.13
12558,0,0,0,0,0.0
12559,1,1,1,1,200.47
12560,0,0,1,0,89.02
12561,0,0,1,0,29.55
12562,0,0,0,1,0.0
12563,0,0,0,0,0.0
12564,0,0,0,0,99.6
12565,0,1,0,0,21.44
12566,1,0,1,0,58.83
12567,0,0,0,0,118.68
12568,1,1,1,0,234.45
12569,1,0,1,0,0.67
12570,0,0,0,0,21.58
12571,0,0,0,0,109.01
12572,0,1,0,0,69.78
12573,1,0,0,0,0.0
12574,1,1,1,0,38.71
12575,1,0,1,0,213.19
12576,0,0,0,0,0.0
12577,0,0,0,1,36.36
12578,0,0,0,0,83.14
12579,1,0,0,0,21.19
12580,0,0,0,0,14.84
12581,0,0,0,0,95.03
12582,1,0,1,0,14.18
12583,1,0,1,0,144.04
12584,1,0,1,0,148.5
12585,0,0,1,0,164.67
12586,0,0,0,1,33.34
12587,1,1,0,0,69.99
12588,1,0,0,0,0.0
12589,0,0,0,0,100.43
12590,1,1,1,0,89.49
12591,0,0,0,1,186.73
12592,0,0,1,0,0.0
12593,1,0,0,0,74.12
12594,1,0,0,0,149.57
12595,1,1,1,0,115.26
12596,1,0,0,0,143.75
12597,0,0,0,0,156.83
12598,1,1,0,0,82.47
12599,0,0,0,0,0.0
12600,1,0,0,0,108.85
12601,0,0,0,0,81.94
12602,1,0,0,0,86.44
12603,0,0,0,0,46.51
12604,0,0,0,0,18.22
12605,1,0,1,0,20.54
12606,0,0,0,0,0.0
12607,1,0,0,0,35.94
12608,0,0,0,0,73.47
12609,1,0,1,0,15.94
12610,1,0,0,0,53.14
12611,0,0,1,0,78.88
12612,1,0,1,0,92.54
12613,1,0,0,0,64.45
12614,0,0,0,0,75.7
12615,0,0,0,0,0.0
12616,0,0,0,0,0.0
12617,0,0,0,0,135.21
12618,0,0,0,0,113.08
12619,0,0,0,0,82.39
12620,0,0,1,0,28.99
12621,0,0,0,1,55.4
12622,0,0,0,0,0.0
12623,1,0,1,0,109.75
12624,0,0,0,0,114.56
12625,1,0,1,0,81.91
12626,0,0,0,0,72.89
12627,0,0,0,0,71.1
12628,0,1,0,0,101.03
12629,1,0,0,0,107.14
12630,1,1,0,0,197.62
12631,0,0,1,0,96.67
12632,0,1,1,0,20.71
12633,0,0,0,0,94.96
12634,0,0,0,0,95.87
12635,0,0,0,0,112.69
12636,1,0,1,0,155.64
12637,1,0,0,0,122.41
12638,0,0,0,0,31.63
12639,0,0,0,0,0.0
12640,0,0,1,0,21.31
12641,0,0,1,0,0.0
12642,1,1,1,0,63.26
12643,1,1,1,0,84.49
12644,1,0,0,0,25.22
12645,0,1,1,0,214.43
12646,1,0,1,0,54.21
12647,0,0,1,0,7.74
12648,0,0,0,0,87.39
12649,0,0,0,0,166.79
12650,1,0,1,0,0.0
12651,1,0,0,0,69.12
12652,1,0,1,0,0.0
12653,0,0,0,1,60.19
12654,0,0,0,0,0.0
12655,0,0,1,0,0.0
12656,0,0,0,0,36.71
12657,1,0,0,1,33.37
12658,0,0,0,0,51.82
12659,1,0,0,1,94.09
12660,1,0,0,0,87.14
12661,0,0,0,0,175.47
12662,1,0,0,0,19.25
12663,0,0,0,1,48.61
12664,0,0,0,1,128.69
12665,0,0,1,0,105.48
12666,0,0,0,0,36.37
12667,0,0,0,0,29.84
12668,0,0,1,0,111.38
12669,0,1,1,0,169.71
12670,0,0,1,0,56.75
12671,1,1,1,0,211.89
12672,0,1,0,1,116.69
12673,1,1,0,0,159.88
12674,0,0,1,0,147.21
12675,0,1,1,1,27.83
12676,1,0,1,0,134.85
12677,0,0,0,0,0.0
12678,1,0,1,0,98.47
12679,0,1,0,0,123.1
12680,0,0,0,0,37.35
12681,0,0,0,0,149.71
12682,1,1,1,0,171.62
12683,1,1,1,0,76.91
12684,0,0,0,0,20.17
12685,0,0,0,0,72.06
12686,0,0,0,0,1.33
12687,0,0,1,1,22.94
12688,0,0,1,0,47.61
12689,1,1,0,0,145.11
12690,1,0,1,0,113.92
12691,0,0,0,1,43.7
12692,1,0,1,0,91.67
12693,1,0,0,1,43.23
12694,1,0,0,0,0.0
12695,0,0,1,1,84.08
12696,0,0,0,0,23.91
12697,1,1,1,0,167.63
12698,1,0,0,0,63.88
12699,1,0,1,0,111.41
12700,1,1,1,0,111.7
12701,0,0,0,0,83.34
12702,0,0,1,0,58.48
12703,0,0,0,0,37.16
12704,1,1,1,0,40.98
12705,1,1,1,0,111.5
12706,1,0,1,0,122.79
12707,1,0,0,0,134.37
12708,1,0,1,0,62.19
12709,1,1,1,0,113.51
12710,0,0,0,0,141.35
12711,0,0,0,0,20.64
12712,0,0,0,0,57.37
12713,1,0,0,0,40.6
12714,1,1,1,0,33.6
12715,1,0,1,0,146.7
12716,0,1,0,0,152.34
12717,0,0,1,0,109.56
12718,0,0,0,0,0.0
12719,0,0,0,0,93.52
12720,0,0,0,0,176.09
12721,0,0,1,0,48.53
12722,0,0,0,0,47.65
12723,1,0,1,0,116.42
12724,0,0,0,0,44.89
12725,0,0,0,0,59.56
12726,0,1,0,0,81.4
12727,0,0,1,0,17.0
12728,0,0,1,0,0.0
12729,0,0,0,0,71.3
12730,1,1,0,0,157.91
12731,0,0,1,0,98.8
12732,0,0,0,0,132.02
12733,0,0,1,0,70.73
12734,0,0,0,0,48.23
12735,1,0,0,0,73.79
12736,1,0,1,0,78.8
12737,0,0,0,0,2.97
12738,1,0,0,1,77.5
12739,1,0,1,1,44.86
12740,1,1,1,0,199.3
12741,0,0,0,0,84.78
12742,1,0,0,0,148.18
12743,1,0,1,0,13.12
12744,1,0,1,0,30.91
12745,0,0,0,0,59.52
12746,0,1,1,0,174.21
12747,0,1,0,0,1.29
12748,0,0,0,0,21.22
12749,1,0,0,0,110.84
12750,1,0,0,1,157.47
12751,0,0,0,0,34.5
12752,1,0,1,1,176.46
12753,0,0,1,0,170.79
12754,0,0,0,0,1.72
12755,0,0,0,1,123.22
12756,1,0,0,0,40.2
12757,0,1,0,0,0.0
12758,1,0,0,0,70.2
12759,1,0,1,0,90.71
12760,0,0,0,0,0.0
12761,1,0,1,0,71.83
12762,0,0,0,0,91.27
12763,1,0,1,0,145.71
12764,0,0,1,0,0.0
12765,0,1,1,0,0.0
12766,0,1,0,0,91.82
12767,0,0,1,0,0.0
12768,0,0,0,0,121.42
12769,0,0,0,0,61.88
12770,1,0,0,1,25.92
12771,1,1,0,0,162.88
12772,0,0,0,0,56.55
12773,0,0,0,0,0.0
12774,0,0,0,0,158.01
12775,0,0,1,0,32.71
12776,0,1,1,0,168.63
12777,1,0,0,0,130.07
12778,0,0,1,1,25.65
12779,1,0,1,0,65.0
12780,0,0,0,0,69.77
12781,0,0,0,0,3.43
12782,1,0,0,0,0.0
12783,0,1,1,0,107.63
12784,0,0,0,0,163.8
12785,0,0,0,0,106.08
12786,1,0,1,0,98.68
12787,0,1,0,0,165.69
12788,1,0,0,0,35.37
12789,0,1,0,0,100.44
12790,1,0,1,0,29.43
12791,1,0,0,0,0.0
12792,0,0,0,0,124.83
12793,1,0,0,0,43.87
12794,1,0,0,0,182.28
12795,1,0,1,0,39.54
12796,0,0,1,0,72.69
12797,1,0,0,0,100.52
12798,1,0,0,0,44.24
12799,1,0,1,0,30.76
12800,1,1,0,0,96.73
12801,1,0,0,0,94.08
12802,0,0,0,0,97.27
12803,0,0,0,0,161.46
12804,0,0,0,1,0.0
12805,0,0,0,0,25.23
12806,0,1,1,0,106.52
12807,1,1,1,0,190.21
12808,0,0,1,0,80.02
12809,1,1,0,1,29.65
12810,0,0,1,1,36.73
12811,0,1,1,0,84.12
12812,0,0,1,0,139.5
12813,1,0,0,0,82.77
12814,0,0,0,0,60.66
12815,1,0,1,0,83.84
12816,0,0,0,0,101.28
12817,0,0,1,0,73.8
12818,1,1,1,0,150.66
12819,1,1,0,0,114.32
12820,0,0,0,0,39.44
12821,1,0,1,1,32.1
12822,0,0,0,0,79.62
12823,0,1,1,0,33.17
12824,0,0,0,0,96.54
12825,0,0,0,0,128.96
12826,1,0,0,1,129.45
12827,0,0,0,0,0.0
12828,0,0,0,0,112.43
12829,1,1,0,0,18.03
12830,0,0,0,0,86.2
12831,0,1,0,0,70.25
12832,1,0,1,0,54.66
12833,1,0,1,0,0.0
12834,0,0,0,0,127.05
12835,0,0,0,0,79.03
12836,0,0,0,0,35.37
12837,1,1,0,0,95.4
12838,1,0,1,0,104.9
12839,0,0,0,0,32.43
12840,0,1,0,0,181.84
12841,0,0,1,1,57.44
12842,0,1,1,0,78.8
12843,0,0,0,0,0.0
12844,0,0,1,1,0.0
12845,0,0,0,0,1.58
12846,1,1,0,0,55.44
12847,0,0,0,0,38.37
12848,1,0,0,0,107.88
12849,0,1,0,0,15.97
12850,0,0,0,0,0.0
12851,0,1,0,1,52.01
12852,1,0,1,1,95.31
12853,0,1,1,0,85.04
12854,0,0,0,0,56.05
12855,1,0,1,0,148.8
12856,1,0,0,0,67.61
12857,0,0,1,1,114.95
12858,1,1,1,0,163.47
12859,1,0,1,0,69.55
12860,0,1,1,0,104.09
12861,0,1,0,1,0.0
12862,0,0,0,0,129.06
12863,0,1,0,0,52.47
12864,1,0,1,0,45.22
12865,1,1,1,0,0.0
12866,0,0,0,0,53.47
12867,0,0,1,0,143.76
12868,1,0,1,0,36.68
12869,0,0,0,0,19.32
12870,0,1,0,0,92.02
12871,1,0,1,0,111.87
12872,1,1,1,1,135.57
12873,0,0,0,0,13.18
12874,1,0,1,0,29.87
12875,0,0,1,0,52.16
12876,0,0,0,0,44.12
12877,0,1,1,1,114.33
12878,0,0,0,0,27.25
12879,0,0,1,1,204.27
12880,0,0,1,0,186.74
12881,0,0,0,0,130.24
12882,1,0,0,0,131.88
12883,0,0,0,0,147.4
12884,0,0,1,0,115.19
12885,1,0,1,0,97.99
12886,0,1,1,0,31.67
12887,0,0,0,0,68.84
12888,0,0,1,0,19.66
12889,0,0,0,1,12.89
12890,0,0,1,0,72.65
12891,0,0,0,0,82.22
12892,1,0,1,0,69.88
12893,0,0,0,0,25.51
12894,0,0,1,0,74.7
12895,0,0,0,0,97.62
12896,0,0,0,0,1.75
12897,0,0,0,0,42.53
12898,0,0,0,0,0.0
12899,0,0,0,0,23.16
12900,0,1,0,0,99.57
12901,1,1,0,0,152.98
12902,0,0,0,0,0.0
12903,1,1,0,0,87.52
12904,0,0,0,1,72.09
12905,0,0,1,1,115.81
12906,1,0,0,0,107.16
12907,1,1,0,0,127.72
12908,0,0,0,0,105.64
12909,0,0,0,0,119.15
12910,0,0,0,0,62.56
12911,1,0,0,0,62.74
12912,0,0,0,0,111.9
12913,0,0,0,0,53.81
12914,0,0,1,1,107.75
12915,1,0,0,0,70.15
12916,0,0,0,0,105.34
12917,1,1,1,0,139.48
12918,1,1,1,0,117.78
12919,1,0,1,1,70.63
12920,1,0,0,0,62.83
12921,0,0,0,1,27.72
12922,0,1,1,0,0.0
12923,0,0,0,0,4.15
12924,0,0,0,0,124.32
12925,1,0,0,0,55.83
12926,1,0,1,0,28.65
12927,0,0,0,0,20.95
12928,0,0,0,0,27.5
12929,0,0,0,0,172.86
12930,1,1,1,0,64.1
12931,1,0,0,0,62.41
12932,0,0,0,0,58.09
12933,1,0,0,0,13.72
12934,0,0,0,0,60.11
12935,0,0,0,0,44.66
12936,1,0,0,0,106.03
12937,0,0,1,0,79.84
12938,1,0,0,0,16.79
12939,1,1,0,0,5.49
12940,0,0,1,1,52.0
12941,0,0,1,0,80.2
12942,0,0,0,0,34.47
12943,0,0,1,0,59.25
12944,1,0,1,0,9.74
12945,0,0,1,0,15.94
12946,0,0,0,0,77.92
12947,0,0,0,0,105.65
12948,1,1,1,0,2.35
12949,1,1,1,0,117.13
12950,1,0,0,0,57.34
12951,0,0,1,0,10.6
12952,0,0,0,0,7.08
12953,0,0,0,1,23.58
12954,0,0,0,0,94.33
12955,1,0,1,0,151.77
12956,1,1,0,0,114.87
12957,0,0,1,0,78.62
12958,0,0,0,0,46.85
12959,0,0,0,1,120.76
12960,0,0,1,0,25.75
12961,0,1,1,0,60.02
12962,0,0,0,0,97.2
12963,1,0,1,0,137.05
12964,1,0,1,0,0.92
12965,0,0,0,0,67.43
12966,1,1,1,1,94.11
12967,0,0,0,0,124.6
12968,1,1,1,0,88.58
12969,0,0,0,1,77.85
12970,0,0,0,0,45.37
12971,0,1,1,0,119.82
12972,0,0,0,0,2.49
12973,0,0,0,0,97.18
12974,0,0,0,0,97.65
12975,0,0,1,0,119.6
12976,0,0,1,0,176.2
12977,1,0,1,0,227.37
12978,1,0,0,0,36.15
12979,1,0,0,0,128.84
12980,1,0,0,0,146.75
12981,0,0,1,0,167.64
12982,0,0,0,0,0.0
12983,1,0,0,0,61.62
12984,0,0,0,0,54.42
12985,0,0,0,0,0.0
12986,0,1,1,0,19.98
12987,1,0,1,0,58.91
12988,0,0,0,0,124.63
12989,1,0,0,1,69.13
12990,1,0,0,0,6.18
12991,0,0,0,0,84.66
12992,0,1,0,0,8.05
12993,1,0,1,0,0.0
12994,0,0,0,0,7.84
12995,1,0,0,0,0.0
12996,0,0,0,1,5.05
12997,1,0,1,0,0.0
12998,1,1,1,0,149.18
12999,0,0,0,0,12.29
13000,0,0,0,0,15.95
13001,0,0,0,0,0.0
13002,0,1,0,1,127.45
13003,0,1,1,0,47.5
13004,1,0,0,0,83.2
13005,1,1,1,0,4.16
13006,0,1,1,0,155.55
13007,0,0,0,0,59.53
13008,0,0,0,0,5.99
13009,0,0,0,0,0.0
13010,0,0,0,0,0.0
13011,0,0,0,0,145.2
13012,0,0,0,0,74.89
13013,0,0,0,0,72.13
13014,1,0,1,0,106.54
13015,1,0,0,0,37.39
13016,0,0,0,0,96.64
13017,0,1,0,0,39.41
13018,0,0,0,0,106.26
13019,0,1,1,0,21.18
13020,0,0,0,1,56.77
13021,1,1,1,0,148.82
13022,0,0,1,1,30.14
13023,1,0,0,0,15.69
13024,0,1,1,0,26.48
13025,0,0,0,0,9.04
13026,0,0,0,1,144.68
13027,1,0,0,0,94.52
13028,0,0,0,0,17.46
13029,1,0,0,1,137.07
13030,1,0,0,0,112.85
13031,0,0,0,0,0.0
13032,0,1,0,0,19.22
13033,0,1,0,0,87.52
13034,0,0,1,0,121.0
13035,1,0,1,0,0.0
13036,0,0,0,0,0.0
13037,0,0,0,0,0.0
13038,1,0,0,0,1.35
13039,0,1,0,0,219.47
13040,0,1,1,0,126.15
13041,1,0,0,1,2.0
13042,0,0,0,0,11.04
13043,0,0,1,0,84.87
13044,0,0,0,0,42.45
13045,1,0,1,0,0.0
13046,1,0,0,0,103.23
13047,0,0,1,0,0.0
13048,1,0,0,0,0.0
13049,1,0,0,0,0.0
13050,0,0,0,0,21.0
13051,1,0,1,0,50.6
13052,1,1,1,0,143.57
13053,1,1,1,0,104.69
13054,0,1,0,0,87.84
13055,1,0,0,0,30.43
13056,1,0,1,1,92.5
13057,0,1,1,0,76.01
13058,1,1,1,0,7.92
13059,0,0,0,0,37.58
13060,1,0,0,0,135.38
13061,0,0,1,1,63.32
13062,0,1,0,0,0.0
13063,1,1,1,0,215.93
13064,0,0,0,0,222.32
13065,1,0,0,0,119.35
13066,0,0,1,0,108.6
13067,1,0,0,0,0.0
13068,1,1,1,0,65.53
13069,1,0,1,0,120.86
13070,0,0,0,0,172.44
13071,1,0,0,1,22.72
13072,1,0,1,0,40.01
13073,0,0,1,0,107.62
13074,1,0,1,0,22.15
13075,0,0,0,0,100.86
13076,1,1,0,0,73.28
13077,1,0,0,0,103.46
13078,0,0,1,0,14.06
13079,0,0,1,0,124.89
13080,0,0,1,0,23.1
13081,0,0,0,0,197.98
13082,0,0,0,0,98.85
13083,0,0,0,0,81.7
13084,0,0,1,0,35.75
13085,0,0,0,0,0.0
13086,1,0,0,0,99.93
13087,1,0,0,0,38.72
13088,0,1,0,0,12.56
13089,0,1,0,0,21.92
13090,0,1,1,0,0.0
13091,0,0,0,0,57.65
13092,1,0,1,0,99.94
13093,1,0,1,0,62.5
13094,0,1,0,0,160.93
13095,0,0,0,0,0.0
13096,0,0,0,0,0.0
13097,0,0,0,0,7.87
13098,1,1,1,0,66.99
13099,1,0,1,0,168.5
13100,0,0,0,0,108.45
13101,1,0,1,0,111.21
13102,0,0,0,0,131.84
13103,1,0,1,0,143.69
13104,1,0,1,0,168.28
13105,0,0,0,0,59.15
13106,1,0,1,0,180.89
13107,0,0,0,0,56.69
13108,0,0,0,0,48.98
13109,1,0,0,0,86.39
13110,0,0,1,0,96.92
13111,1,1,1,0,4.97
13112,1,0,1,0,45.67
13113,0,0,0,0,45.88
13114,1,0,1,0,115.54
13115,1,0,1,0,57.06
13116,1,0,1,0,86.63
13117,1,0,1,0,173.57
13118,0,0,1,0,0.0
13119,1,0,1,0,27.84
13120,0,0,1,0,91.53
13121,0,0,0,0,9.93
13122,0,0,0,0,0.0
13123,0,0,1,0,92.21
13124,1,0,1,0,80.43
13125,1,1,1,0,21.19
13126,0,0,0,0,75.39
13127,0,0,0,0,181.92
13128,0,1,1,0,166.43
13129,0,0,1,0,102.66
13130,1,0,1,0,60.06
13131,0,0,0,0,88.81
13132,0,0,0,0,2.32
13133,0,0,1,0,76.53
13134,0,1,0,0,101.37
13135,0,1,0,0,98.86
13136,1,1,1,0,180.06
13137,1,1,1,0,63.52
13138,0,0,0,0,144.99
13139,1,0,1,0,141.18
13140,0,1,0,0,43.32
13141,0,0,0,0,156.51
13142,1,0,1,0,11.83
13143,1,0,1,0,69.62
13144,1,0,0,0,0.0
13145,1,0,1,0,49.13
13146,0,0,0,0,63.6
13147,1,0,0,1,223.78
13148,1,0,1,0,21.79
13149,1,1,1,0,182.3
13150,0,1,0,0,0.0
13151,1,0,0,0,144.95
13152,0,0,0,0,18.94
13153,0,0,0,0,143.05
13154,0,0,1,0,0.0
13155,0,0,1,0,30.05
13156,1,1,1,0,12.79
13157,0,1,0,0,39.24
13158,0,0,0,1,87.2
13159,1,0,1,1,46.13
13160,0,0,1,0,0.0
13161,0,0,0,0,152.74
13162,1,0,1,0,26.24
13163,0,1,0,0,97.56
13164,1,1,0,0,77.51
13165,1,0,0,0,200.83
13166,0,1,0,0,85.5
13167,0,0,0,1,83.74
13168,0,0,0,0,57.09
13169,1,0,0,0,80.11
13170,1,0,1,0,64.54
13171,1,1,0,0,66.93
13172,0,0,0,0,29.98
13173,1,1,1,1,62.57
13174,0,0,0,0,140.53
13175,1,0,1,0,134.84
13176,1,1,1,0,40.4
13177,0,0,0,0,24.89
13178,0,0,0,0,0.0
13179,1,1,0,0,125.24
13180,0,0,0,0,72.21
13181,1,1,0,0,14.41
13182,1,0,1,1,86.51
13183,0,0,1,0,93.69
13184,0,0,1,0,81.3
13185,1,0,1,0,0.0
13186,0,0,1,0,26.03
13187,1,0,1,0,134.53
13188,0,0,0,1,87.32
13189,0,0,1,0,117.87
13190,0,0,0,1,37.7
13191,1,0,1,0,15.97
13192,0,0,1,0,74.49
13193,0,0,0,1,127.74
13194,1,0,1,0,19.31
13195,0,0,1,0,35.94
13196,0,0,0,0,0.0
13197,0,0,0,0,149.21
13198,0,0,0,0,137.93
13199,1,0,1,0,60.28
13200,0,0,0,0,133.18
13201,0,0,1,0,72.0
13202,1,0,1,0,115.68
13203,0,0,0,0,0.0
13204,1,0,0,0,206.23
13205,0,1,1,0,26.08
13206,0,0,0,0,110.41
13207,0,1,1,0,0.0
13208,0,0,0,0,112.99
13209,1,1,1,0,145.18
13210,1,0,0,0,73.95
13211,1,0,0,0,140.18
13212,1,0,0,0,125.7
13213,0,0,0,0,0.0
13214,1,0,0,0,32.13
13215,0,0,0,0,86.76
13216,0,0,1,0,94.42
13217,0,0,0,0,139.56
13218,0,0,0,0,146.03
13219,0,0,0,0,8.28
13220,0,0,1,0,83.36
13221,0,0,0,0,199.76
13222,0,0,0,0,0.0
13223,1,0,0,0,98.8
13224,1,0,0,0,20.5
13225,1,0,0,0,61.64
13226,1,0,1,0,110.52
13227,0,0,0,0,106.07
13228,1,0,0,0,28.73
13229,0,0,0,0,0.0
13230,1,0,0,0,126.4
13231,1,1,0,1,47.39
13232,1,1,1,0,31.8
13233,0,1,0,0,77.33
13234,0,0,1,0,62.09
13235,0,0,0,0,5.57
13236,0,0,0,0,0.0
13237,1,1,0,0,0.0
13238,0,0,0,0,44.15
13239,1,1,0,0,165.55
13240,0,0,0,0,109.96
13241,1,0,1,0,0.0
13242,0,0,0,0,24.13
13243,1,1,1,0,116.96
13244,0,1,1,0,159.07
13245,0,1,1,0,39.17
13246,0,0,0,0,99.49
13247,0,0,0,0,25.25
13248,0,0,0,0,151.37
13249,0,0,0,0,36.94
13250,0,0,1,0,116.55
13251,0,1,1,0,64.33
13252,1,1,1,0,119.07
13253,0,0,0,0,44.99
13254,1,0,1,0,163.3
13255,1,0,1,0,147.38
13256,0,1,1,0,167.48
13257,1,1,0,0,27.09
13258,1,0,1,0,0.0
13259,0,0,1,0,150.6
13260,0,1,0,0,60.05
13261,0,0,0,0,74.8
13262,1,0,1,0,181.43
13263,1,1,0,0,75.27
13264,1,0,1,0,24.27
13265,0,0,0,0,171.13
13266,1,0,0,0,127.86
13267,1,0,1,0,119.77
13268,1,0,0,0,120.34
13269,1,1,1,0,90.4
13270,0,0,0,1,0.0
13271,0,0,0,0,56.91
13272,0,0,0,1,2.12
13273,0,0,0,0,93.12
13274,0,1,1,0,39.9
13275,1,0,0,0,175.52
13276,0,0,1,0,9.28
13277,0,0,0,0,95.67
13278,0,0,0,0,11.8
13279,1,1,1,0,172.57
13280,0,0,0,0,90.33
13281,1,0,1,0,165.89
13282,1,0,1,0,33.46
13283,0,0,0,0,105.95
13284,0,0,0,0,0.0
13285,1,0,0,0,126.95
13286,0,0,1,0,72.56
13287,1,1,1,0,34.93
13288,0,0,0,0,72.98
13289,1,0,0,0,44.94
13290,0,0,1,0,99.18
13291,0,0,0,0,32.99
13292,1,1,1,1,8.11
13293,0,1,1,0,11.32
13294,0,1,0,0,1.77
13295,1,1,1,0,102.54
13296,0,0,0,0,0.0
13297,0,0,0,0,0.0
13298,1,0,1,0,168.84
13299,1,1,1,0,102.87
13300,0,0,0,1,23.01
13301,0,0,0,0,145.66
13302,1,0,1,0,27.76
13303,1,1,1,0,83.36
13304,1,0,1,0,23.98
13305,0,0,1,1,60.6
13306,1,0,0,0,7.75
13307,1,1,1,0,73.22
13308,0,0,1,0,93.93
13309,0,0,0,0,27.96
13310,0,0,0,0,14.43
13311,0,0,1,0,168.2
13312,1,0,1,1,110.15
13313,0,0,0,0,0.0
13314,1,0,1,0,66.7
13315,0,0,1,0,57.22
13316,0,1,1,0,0.0
13317,0,0,0,0,78.89
13318,1,1,1,0,89.38
13319,1,1,1,0,51.26
13320,1,0,0,0,146.87
13321,0,0,0,0,116.1
13322,0,0,0,0,0.0
13323,1,0,1,1,33.4
13324,0,1,0,0,45.97
13325,0,0,0,0,68.54
13326,0,0,0,0,0.0
13327,1,1,0,1,90.11
13328,0,0,0,0,95.32
13329,1,1,1,0,32.38
13330,1,0,0,0,69.73
13331,0,0,1,0,44.31
13332,0,0,0,0,63.14
13333,1,1,1,0,159.6
13334,0,0,1,1,31.51
13335,1,0,1,0,164.44
13336,1,0,0,0,0.0
13337,0,0,1,0,160.88
13338,0,0,1,0,0.0
13339,0,0,0,0,85.56
13340,0,0,0,0,32.81
13341,0,0,1,0,101.28
13342,1,0,0,1,76.9
13343,0,0,1,0,16.0
13344,1,1,1,0,170.98
13345,0,0,0,1,157.54
13346,1,1,0,1,0.0
13347,1,0,0,0,60.15
13348,0,0,0,0,6.47
13349,0,0,0,0,30.94
13350,0,0,0,0,3.48
13351,1,1,1,0,89.8
13352,0,0,0,0,53.06
13353,0,0,0,0,133.22
13354,0,1,0,0,155.44
13355,0,0,0,0,86.31
13356,1,0,1,0,120.93
13357,0,0,0,0,113.71
13358,0,1,1,0,198.09
13359,1,1,1,0,68.27
13360,1,1,0,0,139.82
13361,0,0,1,0,97.32
13362,0,0,0,1,122.01
13363,1,1,1,0,156.74
13364,0,0,0,0,39.95
13365,0,0,0,1,76.94
13366,0,0,0,0,74.71
13367,1,1,1,1,27.62
13368,0,0,1,0,48.91
13369,1,0,1,0,106.69
13370,0,0,0,0,0.0
13371,1,0,0,0,0.0
13372,1,0,1,0,118.22
13373,1,1,1,0,60.52
13374,1,0,1,0,199.04
13375,1,1,1,0,154.51
13376,1,0,0,1,0.0
13377,1,1,1,0,52.84
13378,0,0,0,0,68.8
13379,0,1,0,0,55.63
13380,0,0,0,0,0.0
13381,0,0,0,0,3.37
13382,0,1,0,0,138.01
13383,0,1,0,0,78.68
13384,0,1,1,0,1.45
13385,0,0,0,0,0.0
13386,0,0,0,0,159.01
13387,1,0,1,1,141.39
13388,0,0,0,0,127.38
13389,1,0,0,0,77.72
13390,0,0,1,0,0.0
13391,0,0,0,0,2.1
13392,1,0,1,0,36.31
13393,0,0,0,0,157.98
13394,0,0,1,0,83.04
13395,1,0,0,0,175.4
13396,1,0,0,0,171.67
13397,1,0,1,0,136.27
13398,0,0,0,0,117.26
13399,0,0,0,1,9.36
13400,0,0,0,0,167.24
13401,0,0,1,0,152.97
13402,0,0,0,0,76.93
13403,1,1,1,1,295.84
13404,0,0,1,0,10.38
13405,1,1,1,0,96.93
13406,1,0,0,0,73.73
13407,0,0,0,0,10.09
13408,1,1,1,0,133.17
13409,0,0,0,0,36.28
13410,1,1,1,0,136.2
13411,1,0,0,0,142.54
13412,0,0,0,0,15.84
13413,0,1,0,0,30.29
13414,1,0,1,0,97.76
13415,0,1,0,0,25.72
13416,1,0,1,0,18.16
13417,1,0,1,0,132.81
13418,0,0,0,0,86.47
13419,1,0,0,0,87.71
13420,0,0,0,0,89.73
13421,0,0,1,1,61.15
13422,1,0,0,0,22.7
13423,1,1,1,0,39.53
13424,0,0,1,0,32.2
13425,0,0,0,0,159.39
13426,1,0,0,0,119.65
13427,0,0,1,0,89.14
13428,0,1,1,0,145.07
13429,0,1,0,0,96.25
13430,0,0,1,0,49.35
13431,1,0,0,1,78.26
13432,1,0,0,0,13.88
13433,0,0,0,0,33.18
13434,0,0,0,0,0.0
13435,0,0,0,0,0.0
13436,0,1,1,0,29.69
13437,1,1,1,0,126.44
13438,0,0,1,0,40.77
13439,0,0,1,0,74.69
13440,0,1,1,0,3.38
13441,0,0,0,0,34.03
13442,1,0,0,0,24.37
13443,0,0,0,0,82.59
13444,1,0,1,0,145.76
13445,0,1,0,0,103.09
13446,0,0,1,1,63.21
13447,0,0,1,0,114.35
13448,0,0,0,0,69.17
13449,0,0,0,0,64.75
13450,1,0,0,0,17.16
13451,0,0,0,0,72.4
13452,0,1,0,0,0.0
13453,1,0,1,0,0.0
13454,0,0,0,1,110.71
13455,0,0,0,0,0.0
13456,1,0,0,0,48.97
13457,1,0,0,0,82.79
13458,1,0,1,1,30.62
13459,0,0,0,1,40.77
13460,0,0,0,1,123.7
13461,0,0,1,1,46.68
13462,0,0,0,0,0.0
13463,1,0,0,0,27.92
13464,1,1,1,0,211.3
13465,1,0,0,0,45.42
13466,0,0,0,0,26.29
13467,1,0,0,1,91.5
13468,1,1,1,0,23.65
13469,0,1,0,0,17.53
13470,1,1,0,0,128.71
13471,1,0,1,0,50.68
13472,0,0,0,0,54.02
13473,0,0,0,0,60.96
13474,0,0,1,0,0.0
13475,0,1,0,0,108.95
13476,0,0,0,0,10.82
13477,0,0,1,0,135.19
13478,0,0,0,0,53.44
13479,0,1,0,0,173.5
13480,0,0,0,0,66.34
13481,0,0,0,0,51.3
13482,0,1,0,0,7.95
13483,0,0,1,0,14.96
13484,0,0,0,0,152.9
13485,1,0,1,0,134.97
13486,0,0,1,0,122.05
13487,0,0,0,0,135.36
13488,1,1,1,1,88.03
13489,0,0,0,0,0.0
13490,0,0,0,0,83.81
13491,1,0,0,0,27.5
13492,1,0,0,0,88.35
13493,0,0,1,0,30.7
13494,1,0,1,1,178.49
13495,0,0,1,0,99.59
13496,1,1,1,0,0.0
13497,1,0,0,0,40.41
13498,0,0,0,0,0.0
13499,0,0,0,0,0.0
13500,0,0,0,0,115.18
13501,1,0,1,0,275.7
13502,0,0,0,0,105.1
13503,1,0,1,0,87.57
13504,0,0,1,0,55.05
13505,0,1,1,1,80.1
13506,0,0,0,0,28.87
13507,0,1,1,0,29.01
13508,0,0,0,0,0.0
13509,1,0,1,1,156.98
13510,0,0,0,0,39.8
13511,0,0,0,0,70.62
13512,0,0,1,0,33.56
13513,0,0,0,0,243.43
13514,0,0,0,0,0.0
13515,1,0,0,0,9.69
13516,0,1,0,1,66.07
13517,0,0,0,1,43.57
13518,0,0,0,0,63.16
13519,0,1,0,0,162.36
13520,0,0,1,0,60.11
13521,0,0,1,1,0.0
13522,1,0,1,0,118.14
13523,1,1,0,0,117.39
13524,0,0,0,0,65.38
13525,1,0,0,0,170.33
13526,0,0,0,0,69.55
13527,1,0,0,0,51.21
13528,0,0,0,0,134.08
13529,0,1,0,0,122.09
13530,0,1,0,0,21.52
13531,0,0,0,0,114.56
13532,1,0,1,0,96.5
13533,1,0,1,0,107.89
13534,1,1,1,1,85.03
13535,0,0,0,0,7.37
13536,0,0,0,0,57.39
13537,0,1,1,1,128.19
13538,0,0,0,0,126.85
13539,1,0,0,0,24.65
13540,1,0,1,0,163.01
13541,0,0,0,0,150.03
13542,1,1,0,0,48.09
13543,0,0,0,0,67.44
13544,0,1,1,0,154.41
13545,0,0,0,0,20.13
13546,1,0,1,1,151.23
13547,1,0,0,0,105.21
13548,0,0,1,0,63.94
13549,0,1,1,1,94.66
13550,0,0,0,0,72.87
13551,0,0,0,0,113.78
13552,1,0,1,0,169.37
13553,0,0,1,0,0.0
13554,1,0,1,0,0.0
13555,1,0,1,0,46.93
13556,0,0,0,0,125.23
13557,0,0,0,0,0.0
13558,0,0,1,0,0.0
13559,0,0,0,1,83.17
13560,1,0,0,0,66.57
13561,1,1,0,0,0.0
13562,0,0,1,0,6.94
13563,0,0,1,0,90.95
13564,1,0,0,0,20.32
13565,1,0,1,0,100.83
13566,0,0,0,0,42.25
13567,1,1,1,0,144.45
13568,1,1,1,0,75.8
13569,0,0,1,0,91.14
13570,0,0,1,0,63.5
13571,0,0,0,0,0.0
13572,0,0,0,0,46.52
13573,0,0,1,0,106.14
13574,1,1,1,0,206.88
13575,0,1,1,1,0.0
13576,0,0,1,0,34.44
13577,0,1,1,0,60.77
13578,1,1,1,0,97.47
13579,0,0,1,0,0.0
13580,0,0,0,0,55.05
13581,0,0,0,0,33.12
13582,1,0,1,0,196.52
13583,1,1,1,0,5.53
13584,0,0,1,1,20.75
13585,0,1,0,1,26.21
13586,0,0,0,0,0.0
13587,0,0,0,0,29.55
13588,0,0,0,0,106.81
13589,0,1,1,0,62.65
13590,1,1,1,0,89.37
13591,1,0,1,1,176.4
13592,1,1,0,0,79.08
13593,0,0,0,0,72.16
13594,1,0,1,0,9.97
13595,1,1,1,0,23.05
13596,0,0,0,1,11.45
13597,1,0,0,0,104.87
13598,0,0,1,0,165.73
13599,1,0,1,0,77.85
13600,0,0,1,0,21.69
13601,0,0,1,0,41.9
13602,1,0,1,0,119.22
13603,1,1,0,0,44.68
13604,0,1,0,0,118.68
13605,0,0,0,0,53.11
13606,1,0,1,0,91.31
13607,0,0,0,0,86.52
13608,0,0,0,0,90.32
13609,0,0,0,1,154.19
13610,0,0,0,0,72.29
13611,1,0,0,1,73.71
13612,0,0,1,1,36.25
13613,0,0,0,0,8.22
13614,0,0,0,0,36.56
13615,1,0,0,0,6.28
13616,1,0,0,0,193.59
13617,0,0,1,0,8.44
13618,0,0,0,0,0.0
13619,0,1,1,0,95.29
13620,0,0,0,1,113.61
13621,0,0,0,0,2.9
13622,0,1,1,0,63.73
13623,1,0,0,0,62.46
13624,1,0,0,0,127.97
13625,0,0,1,0,56.57
13626,1,0,0,0,112.59
13627,0,0,0,0,0.0
13628,0,0,0,0,42.12
13629,0,0,0,1,35.89
13630,1,0,0,0,45.42
13631,1,1,1,0,77.52
13632,1,0,0,0,77.94
13633,0,0,0,0,83.82
13634,0,1,0,0,132.91
13635,1,1,1,0,18.12
13636,0,0,1,0,128.77
13637,0,0,1,0,90.5
13638,0,0,0,0,50.83
13639,1,0,0,0,35.35
13640,1,1,1,1,83.93
13641,0,1,1,0,13.52
13642,0,0,0,0,46.74
13643,0,0,1,0,124.88
13644,0,1,1,0,186.97
13645,0,1,0,0,0.0
13646,0,1,0,0,0.0
13647,1,0,0,0,156.91
13648,0,0,0,0,23.81
13649,0,0,1,0,47.28
13650,0,0,0,0,7.06
13651,0,0,0,1,17.53
13652,0,0,1,0,48.88
13653,0,0,0,0,54.45
13654,0,1,1,0,43.73
13655,1,0,0,0,81.74
13656,0,1,1,0,61.92
13657,1,1,1,0,69.52
13658,0,0,0,0,32.67
13659,1,0,0,0,51.64
13660,0,0,0,0,11.84
13661,0,0,1,0,0.0
13662,1,0,0,0,0.0
13663,0,1,0,0,30.24
13664,1,1,1,0,200.27
13665,0,0,1,0,54.03
13666,1,0,0,0,53.04
13667,1,0,1,0,45.6
13668,0,0,0,0,0.0
13669,0,0,1,0,59.8
13670,1,1,0,0,0.0
13671,1,0,0,0,108.23
13672,1,0,1,0,45.48
13673,0,0,1,0,95.3
13674,1,0,1,0,88.14
13675,1,0,0,0,80.56
13676,1,0,1,0,147.74
13677,0,0,0,0,54.95
13678,1,1,0,0,132.11
13679,1,0,0,0,205.81
13680,1,1,0,0,7.93
13681,0,0,1,0,64.24
13682,1,0,1,1,59.17
13683,0,0,0,0,0.0
13684,0,1,0,0,72.94
13685,1,1,0,0,28.67
13686,0,0,0,0,99.17
13687,0,0,0,0,28.57
13688,0,0,1,0,0.0
13689,0,0,1,0,54.31
13690,0,0,0,0,0.0
13691,1,0,0,0,105.94
13692,0,0,0,0,0.0
13693,0,1,0,0,56.34
13694,0,0,1,0,103.64
13695,1,0,1,0,67.72
13696,0,0,0,0,74.76
13697,0,0,0,0,0.0
13698,0,0,0,0,32.82
13699,1,0,0,0,18.12
13700,0,1,1,0,8.86
13701,1,1,1,0,86.39
13702,1,1,0,0,130.88
13703,0,1,0,1,45.2
13704,0,0,0,0,0.0
13705,1,1,0,0,46.75
13706,0,0,0,0,96.45
13707,0,0,0,1,40.61
13708,1,0,0,0,0.0
13709,0,0,0,0,61.61
13710,1,0,1,1,120.44
13711,0,0,1,0,101.32
13712,0,0,0,0,87.08
13713,1,0,1,0,28.22
13714,1,0,1,0,97.65
13715,0,0,1,0,110.07
13716,0,0,0,0,86.86
13717,0,0,0,0,74.75
13718,0,0,0,0,178.83
13719,0,0,0,0,115.3
13720,0,0,0,1,72.32
13721,0,0,0,0,63.9
13722,1,0,1,0,54.25
13723,0,0,0,0,43.54
13724,0,0,0,0,144.68
13725,0,0,1,1,0.0
13726,1,0,0,0,46.65
13727,0,0,1,0,48.7
13728,0,0,0,0,6.75
13729,0,0,1,0,63.53
13730,1,0,1,0,0.0
13731,1,0,0,0,51.93
13732,1,1,0,0,122.52
13733,1,0,1,0,106.4
13734,0,0,0,0,69.58
13735,1,0,1,0,263.21
13736,0,1,1,0,156.28
13737,0,0,0,0,28.06
13738,0,0,0,1,65.48
13739,0,0,0,0,24.51
13740,1,0,1,0,13.34
13741,0,0,0,1,0.0
13742,0,0,1,0,245.64
13743,1,0,1,0,0.0
13744,1,1,1,0,95.0
13745,0,1,0,0,38.69
13746,0,0,0,1,9.57
13747,1,0,0,0,29.59
13748,0,0,0,0,101.6
13749,1,0,1,0,94.08
13750,1,0,1,0,0.0
13751,1,0,1,0,22.68
13752,0,0,0,0,129.51
13753,0,0,0,0,40.47
13754,1,1,1,0,141.07
13755,1,0,1,0,0.0
13756,0,0,0,0,0.0
13757,0,0,0,0,136.75
13758,1,0,0,0,121.95
13759,0,0,1,0,99.96
13760,0,0,0,0,126.24
13761,0,1,0,0,62.01
13762,0,0,1,0,43.19
13763,1,0,0,0,64.84
13764,1,0,0,0,0.0
13765,1,0,1,0,107.26
13766,0,0,0,0,185.35
13767,1,0,1,0,9.97
13768,1,0,0,0,36.99
13769,1,1,1,0,141.73
13770,1,0,1,0,106.27
13771,1,0,1,0,119.93
13772,0,0,0,0,27.64
13773,1,0,0,0,53.42
13774,0,0,1,0,34.03
13775,0,0,1,0,3.15
13776,0,0,0,0,92.28
13777,0,0,1,1,4.53
13778,0,1,0,0,87.84
13779,0,0,0,1,0.0
13780,0,0,1,0,121.04
13781,0,0,0,0,66.11
13782,1,0,0,0,113.61
13783,0,0,0,0,109.15
13784,1,0,0,0,42.51
13785,0,0,0,0,146.73
13786,1,0,1,0,90.33
13787,0,0,1,0,30.69
13788,0,0,0,1,69.43
13789,1,0,0,0,99.02
13790,0,0,0,0,40.14
13791,1,0,0,0,48.98
13792,1,0,1,0,36.56
13793,1,0,1,0,73.77
13794,0,0,0,0,4.97
13795,0,0,0,0,93.46
13796,0,0,0,0,126.06
13797,0,0,0,0,0.0
13798,1,0,0,0,107.09
13799,1,0,1,1,128.15
13800,0,0,0,0,69.64
13801,0,0,1,0,0.0
13802,1,0,0,0,56.29
13803,0,0,0,0,0.0
13804,0,0,1,0,76.93
13805,0,0,0,0,89.74
13806,0,0,0,0,107.9
13807,0,1,1,1,95.97
13808,0,0,0,0,3.02
13809,0,0,0,0,19.83
13810,1,0,0,0,38.18
13811,1,1,0,0,124.45
13812,1,0,1,0,57.43
13813,1,1,1,1,0.0
13814,1,1,0,0,48.62
13815,1,0,0,1,0.0
13816,0,0,1,0,74.96
13817,0,0,0,0,20.03
13818,0,0,0,0,0.0
13819,1,0,1,0,30.3
13820,1,0,1,0,26.01
13821,0,0,1,0,121.26
13822,1,0,0,1,150.29
13823,0,0,0,0,102.39
13824,1,0,0,0,67.14
13825,1,0,0,0,139.31
13826,0,0,0,0,140.66
13827,0,0,0,0,11.96
13828,0,0,0,0,56.5
13829,0,0,0,0,62.39
13830,0,0,1,0,57.46
13831,0,0,1,0,234.08
13832,0,1,1,1,71.37
13833,1,0,1,1,140.82
13834,0,0,1,0,79.36
13835,0,1,1,0,163.23
13836,0,0,1,1,144.95
13837,0,0,0,0,0.0
13838,0,0,0,0,126.65
13839,0,1,1,0,3.69
13840,1,0,1,0,192.0
13841,0,0,1,0,0.0
13842,0,0,1,0,118.67
13843,1,1,1,0,82.29
13844,1,0,0,0,57.59
13845,0,0,0,0,83.91
13846,1,0,0,0,21.78
13847,0,1,0,0,42.24
13848,1,0,1,0,131.29
13849,0,0,0,0,194.07
13850,0,0,0,0,62.84
13851,0,0,0,1,112.35
13852,1,0,0,0,157.95
13853,1,1,1,0,42.01
13854,1,0,0,0,156.03
13855,1,0,1,0,11.82
13856,0,0,0,0,17.55
13857,0,0,0,1,63.75
13858,0,0,1,0,135.13
13859,0,0,0,0,72.04
13860,0,0,1,0,151.77
13861,1,0,1,0,41.95
13862,0,1,1,0,69.98
13863,0,0,0,0,48.57
13864,1,0,0,0,102.98
13865,1,0,0,0,0.0
13866,0,1,1,0,112.08
13867,0,0,1,0,45.97
13868,1,0,1,0,49.29
13869,1,0,0,0,143.42
13870,0,0,0,0,106.44
13871,0,0,0,0,13.53
13872,0,0,0,0,84.42
13873,0,1,1,1,5.55
13874,0,0,1,0,100.44
13875,0,0,0,0,131.6
13876,0,0,0,0,48.75
13877,0,0,0,0,0.0
13878,1,1,1,0,157.82
13879,0,0,0,0,19.6
13880,0,0,0,0,67.34
13881,0,0,0,0,55.59
13882,0,0,0,0,0.0
13883,1,0,1,1,30.69
13884,1,0,0,0,22.91
13885,1,0,0,0,109.3
13886,0,0,0,1,77.74
13887,1,0,1,0,12.82
13888,1,0,0,0,49.08
13889,1,0,1,0,140.07
13890,0,0,0,0,76.22
13891,0,0,1,0,24.42
13892,1,0,0,0,49.85
13893,0,0,1,0,162.56
13894,1,0,0,0,0.0
13895,0,0,0,0,39.25
13896,1,0,1,0,79.53
13897,0,0,1,0,86.26
13898,0,0,1,0,0.0
13899,1,1,0,0,34.7
13900,1,0,0,0,42.14
13901,0,0,1,0,78.37
13902,0,0,0,0,90.12
13903,0,0,0,0,109.75
13904,1,0,0,0,134.8
13905,0,0,0,1,0.0
13906,0,1,1,0,35.85
13907,0,1,1,0,83.01
13908,0,0,0,0,44.3
13909,0,0,0,0,52.24
13910,1,0,1,0,138.05
13911,1,1,1,0,220.93
13912,0,1,1,0,154.76
13913,1,1,1,0,0.0
13914,1,0,0,0,64.38
13915,0,0,1,0,26.87
13916,0,0,0,0,96.35
13917,1,0,0,0,20.87
13918,0,0,0,0,36.88
13919,0,0,1,0,0.0
13920,0,0,0,1,57.96
13921,0,0,0,0,69.58
13922,0,0,0,0,190.67
13923,0,0,0,0,56.7
13924,0,1,0,0,185.79
13925,1,0,1,0,82.78
13926,0,0,1,0,69.95
13927,0,0,1,0,83.18
13928,1,1,1,0,42.16
13929,0,0,0,0,165.23
13930,1,0,0,0,122.13
13931,1,0,1,0,91.94
13932,0,0,0,0,0.0
13933,0,0,1,0,2.61
13934,0,0,0,0,214.08
13935,0,0,0,0,19.53
13936,0,0,0,0,207.92
13937,1,1,1,0,106.47
13938,1,0,0,0,69.55
13939,0,1,1,0,83.12
13940,1,1,0,0,200.57
13941,1,1,1,0,12.53
13942,0,0,0,0,138.46
13943,0,0,0,0,107.42
13944,0,0,1,1,5.31
13945,0,0,0,0,71.3
13946,1,1,1,0,124.81
13947,0,1,0,0,108.93
13948,1,0,1,0,204.21
13949,0,0,0,0,31.12
13950,0,0,1,0,128.52
13951,0,0,0,0,128.97
13952,0,0,1,0,123.46
13953,0,0,1,0,24.94
13954,1,1,1,0,0.0
13955,0,0,0,0,0.0
13956,0,0,0,0,177.26
13957,0,1,0,0,65.09
13958,0,0,0,1,59.31
13959,1,0,0,0,82.43
13960,0,0,1,0,37.61
13961,0,0,0,0,86.45
13962,0,0,0,0,106.86
13963,0,0,1,0,5.48
13964,0,0,0,0,80.94
13965,0,0,1,1,95.5
13966,1,0,0,0,35.24
13967,1,0,1,0,156.44
13968,0,1,1,0,25.08
13969,1,0,0,0,180.03
13970,0,0,0,0,63.79
13971,0,0,1,1,10.54
13972,0,0,0,0,0.0
13973,0,0,0,0,113.33
13974,1,0,0,1,139.6
13975,0,0,0,0,13.55
13976,0,0,0,0,93.09
13977,1,1,0,0,18.61
13978,0,0,1,0,44.94
13979,1,0,0,0,81.94
13980,0,1,0,1,61.14
13981,0,0,1,0,120.77
13982,1,0,1,0,0.0
13983,0,0,1,0,72.28
13984,1,1,1,0,57.8
13985,0,0,0,0,0.0
13986,0,0,0,0,0.0
13987,0,1,1,0,16.22
13988,0,0,0,0,31.8
13989,0,0,0,0,165.45
13990,0,0,1,0,0.17
13991,1,0,0,0,40.3
13992,0,0,1,0,79.73
13993,0,0,0,0,82.55
13994,0,0,0,0,7.98
13995,0,0,0,0,11.8
13996,1,0,1,0,75.97
13997,0,0,0,0,96.73
13998,0,0,0,0,15.67
13999,0,0,0,0,0.0
14000,0,0,1,1,12.77
14001,1,1,1,0,37.2
14002,1,0,1,0,120.26
14003,0,0,0,1,100.84
14004,1,0,0,0,23.13
14005,1,1,1,0,10.45
14006,0,0,0,0,80.45
14007,0,0,0,0,122.54
14008,1,0,0,0,150.91
14009,0,0,1,0,130.92
14010,1,1,1,0,96.26
14011,0,1,1,0,62.07
14012,1,0,0,0,189.14
14013,1,0,0,0,18.91
14014,0,0,0,0,79.0
14015,1,0,1,0,53.46
14016,0,0,1,0,87.94
14017,1,0,1,0,0.0
14018,0,0,0,1,106.24
14019,0,0,0,0,29.98
14020,1,0,1,0,52.23
14021,0,0,0,0,0.0
14022,1,0,1,0,40.4
14023,0,0,0,1,47.52
14024,1,0,1,0,179.82
14025,1,1,0,0,99.48
14026,0,1,0,0,54.68
14027,1,1,0,0,157.51
14028,0,0,1,0,65.16
14029,0,1,1,0,143.34
14030,0,0,0,0,37.69
14031,0,0,0,0,66.55
14032,0,1,0,0,81.87
14033,0,1,1,0,138.84
14034,1,0,0,1,0.0
14035,0,0,1,0,51.33
14036,0,0,1,0,0.0
14037,1,0,1,1,95.29
14038,1,0,1,0,116.53
14039,1,1,1,0,46.19
14040,0,0,1,1,101.14
14041,0,0,0,0,100.13
14042,0,0,0,0,26.19
14043,1,0,0,0,38.45
14044,1,0,0,0,36.64
14045,0,0,1,0,14.44
14046,0,0,0,0,35.28
14047,0,0,0,0,86.93
14048,0,0,0,0,0.0
14049,0,0,1,0,158.81
14050,0,0,1,0,53.12
14051,0,0,1,0,39.99
14052,1,0,0,0,28.88
14053,1,1,1,0,148.27
14054,0,0,0,0,0.0
14055,1,1,1,0,60.25
14056,1,0,1,0,7.27
14057,0,0,0,1,31.72
14058,0,0,1,0,27.35
14059,1,0,1,0,15.67
14060,1,0,1,0,0.0
14061,0,0,0,0,99.99
14062,0,0,1,0,88.62
14063,0,0,0,0,150.83
14064,1,0,1,0,58.07
14065,0,0,0,1,30.48
14066,0,0,0,0,70.26
14067,1,0,1,1,218.01
14068,0,0,0,0,56.3
14069,0,0,0,1,138.54
14070,0,0,0,1,14.1
14071,1,1,1,0,168.1
14072,0,0,0,0,88.08
14073,1,0,0,0,0.7
14074,1,1,1,0,23.67
14075,1,0,0,0,26.23
14076,1,0,1,0,87.31
14077,1,1,1,0,157.35
14078,0,0,0,0,23.98
14079,0,0,0,0,69.16
14080,1,1,1,0,124.35
14081,0,0,0,0,49.42
14082,1,0,0,0,0.0
14083,1,1,1,0,137.0
14084,1,0,0,0,103.84
14085,0,1,0,1,42.95
14086,0,0,0,0,7.76
14087,0,0,0,1,100.2
14088,1,1,1,0,96.35
14089,1,0,1,0,72.34
14090,0,0,1,0,118.84
14091,0,0,0,0,32.72
14092,0,1,1,0,48.11
14093,1,0,1,0,49.77
14094,0,1,0,0,2.72
14095,0,1,0,0,50.31
14096,1,0,0,0,200.09
14097,0,0,0,0,80.16
14098,1,0,0,1,33.52
14099,1,0,1,0,45.17
14100,1,0,1,0,77.3
14101,0,0,0,0,74.28
14102,0,0,0,0,72.43
14103,1,0,1,0,105.09
14104,0,0,0,0,0.0
14105,0,0,0,0,127.42
14106,0,0,0,0,111.43
14107,1,0,1,0,109.48
14108,0,0,0,0,42.27
14109,0,0,0,0,0.0
14110,0,0,0,1,42.92
14111,0,0,0,0,120.6
14112,1,0,0,0,64.49
14113,0,0,1,0,0.0
14114,1,0,0,0,37.26
14115,0,0,0,0,0.0
14116,0,0,0,0,0.0
14117,0,0,0,0,0.0
14118,0,0,1,1,0.0
14119,0,0,1,0,89.77
14120,0,0,0,1,37.52
14121,0,1,0,0,105.02
14122,0,0,1,0,0.0
14123,0,0,1,0,18.67
14124,1,1,1,1,33.47
14125,1,0,0,0,85.96
14126,1,1,1,0,123.71
14127,0,0,0,0,157.59
14128,0,0,0,0,54.53
14129,0,0,1,0,150.86
14130,1,0,1,0,124.94
14131,1,0,0,0,83.16
14132,0,0,0,0,31.85
14133,1,0,0,0,89.24
14134,0,0,1,0,35.37
14135,0,1,0,0,29.83
14136,1,0,0,0,49.42
14137,1,1,1,0,57.74
14138,1,0,0,0,104.73
14139,1,0,0,1,71.81
14140,0,0,0,0,123.65
14141,0,0,0,0,0.0
14142,0,0,1,0,76.16
14143,0,0,0,0,33.77
14144,0,0,0,0,86.54
14145,0,1,0,0,0.0
14146,0,0,0,0,62.76
14147,1,0,1,0,57.49
14148,1,0,1,0,113.11
14149,0,0,0,1,0.0
14150,0,0,0,1,89.67
14151,1,0,1,1,52.04
14152,0,0,0,0,0.0
14153,0,0,0,0,45.95
14154,1,1,0,0,6.73
14155,0,0,0,0,71.7
14156,1,0,0,1,148.88
14157,0,0,0,1,34.59
14158,0,0,0,0,0.0
14159,1,0,1,0,144.16
14160,0,0,0,0,0.0
14161,0,1,0,0,107.15
14162,1,1,1,0,26.8
14163,1,0,1,0,118.61
14164,0,1,0,0,146.37
14165,0,0,0,0,146.52
14166,1,1,0,0,61.96
14167,0,0,0,0,37.98
14168,1,1,1,1,162.87
14169,1,0,0,0,108.97
14170,1,0,0,0,32.68
14171,1,0,1,0,0.0
14172,1,0,0,0,102.86
14173,0,0,0,0,0.0
14174,0,0,0,0,0.0
14175,1,0,0,0,133.19
14176,1,0,1,0,3.05
14177,0,1,0,0,0.0
14178,0,0,0,0,83.61
14179,0,0,1,0,0.0
14180,1,0,1,0,120.46
14181,1,1,0,0,7.98
14182,0,0,0,0,100.28
14183,0,0,0,0,43.57
14184,1,0,0,0,0.0
14185,1,0,0,0,24.02
14186,0,1,1,0,64.0
14187,1,0,0,0,0.0
14188,1,0,0,0,146.95
14189,0,0,0,0,33.52
14190,1,0,0,0,0.0
14191,0,0,0,1,57.72
14192,0,1,0,0,32.74
14193,1,0,0,1,150.99
14194,1,1,1,0,68.88
14195,0,0,0,0,74.12
14196,0,0,1,0,42.51
14197,0,0,0,0,66.45
14198,0,0,0,1,144.57
14199,0,0,0,0,105.48
14200,0,0,0,0,87.27
14201,0,0,0,0,106.29
14202,1,0,1,0,119.45
14203,1,0,0,0,0.0
14204,0,1,1,0,51.09
14205,1,0,1,0,16.54
14206,1,0,1,0,168.63
14207,1,1,1,0,120.09
14208,1,0,1,0,0.0
14209,0,1,0,0,161.04
14210,0,1,1,0,0.0
14211,0,0,0,0,126.08
14212,0,0,0,0,0.0
14213,1,1,1,0,52.57
14214,1,0,0,0,109.36
14215,1,0,1,0,87.2
14216,0,1,1,0,38.53
14217,1,1,1,1,48.75
14218,0,1,0,0,37.29
14219,0,0,0,0,50.19
14220,1,0,1,0,0.0
14221,0,0,0,1,20.4
14222,1,1,1,0,148.9
14223,1,0,0,0,113.72
14224,0,0,1,0,40.61
14225,0,1,0,0,50.87
14226,0,0,1,0,123.81
14227,0,0,1,0,186.09
14228,0,0,0,1,32.08
14229,0,0,0,0,0.0
14230,0,0,1,0,81.65
14231,0,0,0,0,57.49
14232,1,0,1,0,79.5
14233,0,1,1,0,130.48
14234,1,1,0,1,102.22
14235,0,0,1,0,34.54
14236,1,1,1,1,203.18
14237,0,0,0,0,55.59
14238,1,0,0,0,51.68
14239,0,0,0,0,17.08
14240,0,0,1,0,28.85
14241,1,0,1,0,0.0
14242,0,0,0,0,37.92
14243,0,0,1,0,0.0
14244,0,0,0,0,28.51
14245,0,0,1,0,67.83
14246,0,0,0,0,149.65
14247,0,1,0,1,120.92
14248,1,0,1,0,45.4
14249,0,1,0,0,107.41
14250,0,1,1,0,150.49
14251,1,0,0,0,25.05
14252,1,0,1,0,66.25
14253,0,0,1,0,5.46
14254,1,0,0,0,9.13
14255,1,1,1,0,31.81
14256,0,1,0,0,48.08
14257,0,1,0,0,118.29
14258,1,0,1,0,18.32
14259,0,0,0,1,0.0
14260,0,0,0,0,109.27
14261,0,1,1,0,66.11
14262,1,0,0,0,112.51
14263,0,0,0,0,0.0
14264,0,0,1,0,45.04
14265,0,0,1,0,56.9
14266,0,0,0,0,39.73
14267,1,0,0,0,60.74
14268,0,0,0,0,94.39
14269,1,0,0,0,144.59
14270,0,0,0,0,34.0
14271,0,0,0,0,22.13
14272,0,0,1,0,126.79
14273,0,0,0,0,76.33
14274,0,0,0,0,2.02
14275,1,0,1,0,139.83
14276,0,0,0,1,54.9
14277,0,0,1,0,28.23
14278,0,0,0,0,9.06
14279,1,0,0,0,137.67
14280,1,0,1,0,166.25
14281,1,0,0,0,70.67
14282,1,1,0,0,127.6
14283,0,0,0,0,39.1
14284,1,0,0,0,99.89
14285,0,1,0,1,17.19
14286,1,0,0,0,15.22
14287,0,0,0,0,0.0
14288,0,1,0,0,116.2
14289,0,0,1,0,0.0
14290,1,0,1,0,161.78
14291,1,0,0,0,0.0
14292,0,0,0,0,47.33
14293,0,0,0,0,48.11
14294,0,0,1,0,196.5
14295,0,0,1,0,201.09
14296,0,0,0,1,100.4
14297,0,0,0,1,0.0
14298,0,0,1,0,123.18
14299,0,1,0,0,0.0
14300,0,0,0,1,0.0
14301,0,0,1,0,147.29
14302,0,0,0,0,82.67
14303,1,1,0,0,136.44
14304,1,0,0,1,80.85
14305,0,0,1,0,75.11
14306,1,0,1,0,39.49
14307,1,0,1,0,0.0
14308,0,0,0,0,61.93
14309,0,0,0,1,0.0
14310,0,0,0,0,141.38
14311,1,0,1,0,95.92
14312,0,0,1,1,57.95
14313,0,0,1,0,0.0
14314,1,0,1,1,86.27
14315,1,0,0,1,0.0
14316,1,1,1,0,118.96
14317,0,0,0,0,30.69
14318,0,0,1,0,188.24
14319,0,0,0,0,64.47
14320,0,0,0,0,32.01
14321,1,0,0,0,93.56
14322,0,0,0,0,92.28
14323,0,0,0,0,28.49
14324,1,1,1,0,186.99
14325,0,0,0,0,159.63
14326,1,0,0,1,46.71
14327,1,0,0,0,65.98
14328,1,1,0,0,98.64
14329,1,0,1,0,73.61
14330,0,0,0,0,53.59
14331,0,0,1,1,73.73
14332,0,0,1,0,110.24
14333,1,0,1,0,112.51
14334,0,0,1,0,81.87
14335,0,1,0,0,140.34
14336,0,0,0,0,71.4
14337,0,0,0,0,45.61
14338,0,0,1,1,0.0
14339,0,0,1,0,55.93
14340,0,0,0,0,64.87
14341,0,0,0,0,40.38
14342,1,1,1,0,76.05
14343,0,0,0,0,1.41
14344,1,1,1,0,41.94
14345,0,0,1,1,0.0
14346,0,0,0,0,51.21
14347,1,0,0,0,187.69
14348,0,0,0,0,145.54
14349,0,0,1,0,40.17
14350,0,0,0,0,85.52
14351,0,0,0,0,0.0
14352,0,1,1,0,71.04
14353,1,0,1,0,33.62
14354,1,0,1,0,0.0
14355,1,0,0,0,109.71
14356,0,0,0,0,46.54
14357,0,0,0,0,53.43
14358,0,0,0,0,68.22
14359,1,0,0,0,0.0
14360,1,0,0,0,0.0
14361,1,1,1,0,68.29
14362,1,0,1,0,9.25
14363,1,0,1,0,0.0
14364,0,1,0,0,105.44
14365,1,1,1,0,27.65
14366,1,0,1,0,22.41
14367,0,1,1,0,17.17
14368,1,1,0,0,76.67
14369,0,0,1,0,74.5
14370,1,0,0,1,0.0
14371,1,0,1,0,0.0
14372,1,0,1,0,90.1
14373,1,1,1,0,89.34
14374,1,0,1,0,137.87
14375,0,0,0,0,125.94
14376,1,1,1,1,76.86
14377,0,0,0,0,89.89
14378,0,0,1,0,93.96
14379,0,0,0,0,169.2
14380,1,0,0,0,83.32
14381,1,0,0,0,64.99
14382,0,0,0,0,72.19
14383,1,0,0,0,4.44
14384,0,0,1,0,38.84
14385,1,0,0,0,62.32
14386,1,0,1,0,187.44
14387,1,0,1,1,142.82
14388,0,1,0,0,123.51
14389,0,0,0,0,0.0
14390,0,0,1,1,139.72
14391,1,0,0,0,29.24
14392,1,0,0,0,33.74
14393,0,0,1,1,39.01
14394,0,1,0,1,3.01
14395,1,0,0,0,38.58
14396,0,0,0,0,106.3
14397,0,0,0,0,23.42
14398,1,1,1,0,97.93
14399,0,0,1,0,27.19
14400,0,1,1,0,27.78
14401,0,0,1,0,10.65
14402,0,1,0,0,67.75
14403,0,0,1,0,0.0
14404,1,0,1,0,38.01
14405,1,1,0,0,23.17
14406,0,1,0,0,0.0
14407,0,0,1,0,56.46
14408,0,0,0,0,48.42
14409,1,1,1,0,72.17
14410,0,0,0,0,0.0
14411,0,0,0,0,53.6
14412,1,0,0,0,86.7
14413,0,0,1,0,136.91
14414,0,0,0,0,0.0
14415,0,0,0,0,0.0
14416,0,0,0,0,77.95
14417,1,0,1,0,172.08
14418,0,1,1,0,145.85
14419,1,0,1,0,75.09
14420,0,0,1,0,102.69
14421,0,0,1,0,19.33
14422,0,0,0,1,65.74
14423,1,0,1,0,53.89
14424,0,0,0,0,112.41
14425,0,0,1,0,0.0
14426,1,0,1,0,67.47
14427,0,0,0,0,142.87
14428,1,0,1,0,111.83
14429,1,0,0,0,98.4
14430,1,0,1,0,151.81
14431,0,0,0,0,42.88
14432,1,0,1,0,110.86
14433,1,0,0,0,104.11
14434,0,0,0,0,87.33
14435,0,0,0,0,33.65
14436,0,0,0,0,0.0
14437,0,0,0,0,67.59
14438,1,0,0,0,2.65
14439,0,0,0,0,0.0
14440,0,0,0,0,121.78
14441,0,0,0,0,138.58
14442,0,1,0,0,64.04
14443,0,0,0,0,96.39
14444,0,1,0,0,129.22
14445,0,0,0,0,50.59
14446,0,0,0,0,14.52
14447,1,0,1,0,88.6
14448,1,0,1,0,149.84
14449,0,0,0,0,153.74
14450,1,0,0,0,69.5
14451,1,0,0,0,154.23
14452,0,0,0,0,180.84
14453,1,1,1,0,128.5
14454,0,1,0,0,56.25
14455,0,1,0,1,160.51
14456,0,0,0,0,99.52
14457,0,0,1,1,52.69
14458,0,0,0,0,5.63
14459,0,0,1,0,73.68
14460,0,0,1,0,215.53
14461,0,0,0,0,15.94
14462,1,0,0,0,18.09
14463,1,0,1,0,4.02
14464,0,1,1,0,0.0
14465,1,0,1,0,100.11
14466,1,1,1,0,107.71
14467,1,0,1,0,76.13
14468,0,0,0,0,8.27
14469,0,1,1,0,50.44
14470,0,1,0,0,162.28
14471,0,1,0,0,54.48
14472,1,1,0,0,53.2
14473,0,1,1,0,256.21
14474,0,0,0,0,0.0
14475,0,0,0,0,16.25
14476,1,0,0,0,71.09
14477,0,0,0,0,13.69
14478,1,1,1,0,177.79
14479,0,1,1,0,149.61
14480,1,0,1,0,0.0
14481,0,0,1,0,15.85
14482,0,0,0,0,96.38
14483,0,1,1,0,55.41
14484,1,0,1,0,99.94
14485,0,0,1,0,75.22
14486,0,0,0,1,136.24
14487,1,0,1,0,115.91
14488,1,0,0,0,138.47
14489,0,0,1,0,148.81
14490,0,0,0,0,50.58
14491,0,0,1,0,174.36
14492,0,0,0,0,9.41
14493,0,0,1,0,7.58
14494,1,1,1,0,41.08
14495,1,1,0,0,38.3
14496,0,0,0,0,0.0
14497,0,0,0,0,78.73
14498,1,0,1,0,88.11
14499,1,0,1,0,6.34
14500,0,1,0,0,75.05
14501,0,0,0,1,36.59
14502,0,0,1,0,21.93
14503,0,0,0,0,39.83
14504,0,0,1,0,86.77
14505,0,0,0,0,76.07
14506,0,0,0,1,155.46
14507,1,0,1,0,114.44
14508,0,0,0,0,27.71
14509,1,0,0,0,27.73
14510,1,1,0,0,0.0
14511,1,1,1,0,109.73
14512,0,0,0,0,74.74
14513,1,0,1,0,6.76
14514,1,1,0,0,0.0
14515,0,0,0,0,99.4
14516,0,0,0,0,45.99
14517,1,1,1,0,201.93
14518,1,1,1,0,141.51
14519,1,0,1,0,0.0
14520,1,0,1,0,0.0
14521,1,0,0,0,41.91
14522,1,1,0,0,114.37
14523,0,0,1,0,0.0
14524,1,1,1,0,0.0
14525,0,1,0,0,161.28
14526,0,0,1,0,71.71
14527,0,0,0,0,49.51
14528,0,0,0,0,65.84
14529,0,1,1,0,72.69
14530,1,1,1,0,0.0
14531,0,0,0,0,0.0
14532,0,0,0,0,72.02
14533,0,0,0,0,17.66
14534,1,1,1,0,92.96
14535,0,1,1,0,54.74
14536,1,1,0,0,59.35
14537,1,1,0,0,41.18
14538,1,0,1,0,129.92
14539,0,0,0,0,123.94
14540,1,0,0,0,112.31
14541,0,0,0,0,35.62
14542,1,1,1,0,80.15
14543,1,0,1,0,88.75
14544,1,0,0,0,0.0
14545,0,0,0,0,0.0
14546,1,0,1,0,11.48
14547,0,0,0,0,83.22
14548,0,0,0,0,0.7
14549,0,0,1,0,0.0
14550,0,1,0,0,122.91
14551,0,1,1,0,101.92
14552,0,0,1,0,176.97
14553,0,0,0,0,52.92
14554,0,0,1,0,129.71
14555,1,0,1,0,144.37
14556,1,0,0,0,177.41
14557,1,0,0,0,97.18
14558,0,0,0,1,5.25
14559,0,0,1,0,87.29
14560,0,0,0,0,135.88
14561,1,0,0,0,15.64
14562,1,0,1,0,0.0
14563,0,0,0,0,103.74
14564,0,0,0,0,127.83
14565,0,0,0,0,92.23
14566,1,0,0,0,85.27
14567,1,0,0,0,170.39
14568,0,1,0,0,47.07
14569,1,0,0,0,129.95
14570,0,0,1,0,154.04
14571,1,1,1,0,70.93
14572,0,0,0,0,52.15
14573,0,0,0,0,64.34
14574,0,0,0,1,93.68
14575,1,0,1,0,70.71
14576,0,0,0,0,0.34
14577,0,0,0,0,60.89
14578,1,1,1,0,46.93
14579,1,0,1,0,48.4
14580,1,0,1,1,22.59
14581,1,1,1,0,171.0
14582,0,0,1,0,36.19
14583,0,0,0,0,2.75
14584,0,0,0,0,119.23
14585,0,0,0,0,99.61
14586,1,1,0,0,12.14
14587,0,0,1,0,110.93
14588,1,1,1,0,195.44
14589,1,0,1,0,70.87
14590,0,0,0,0,96.91
14591,0,0,0,0,0.0
14592,0,1,1,0,148.03
14593,1,0,0,0,61.19
14594,0,0,0,0,23.87
14595,1,1,1,0,110.74
14596,0,0,0,0,16.68
14597,1,1,1,1,111.31
14598,0,0,0,0,82.79
14599,0,0,0,0,95.47
14600,0,0,0,0,0.0
14601,0,0,1,0,0.0
14602,0,1,0,0,176.16
14603,0,0,1,0,88.51
14604,0,1,1,0,58.62
14605,0,0,0,0,90.8
14606,0,0,1,0,56.99
14607,0,0,0,0,64.08
14608,0,0,1,0,120.29
14609,0,1,1,0,28.09
14610,1,0,1,0,136.77
14611,1,0,0,0,77.16
14612,0,1,1,0,0.0
14613,0,0,0,0,16.57
14614,1,1,0,1,3.64
14615,0,0,1,0,0.0
14616,0,0,0,0,42.79
14617,1,0,0,0,78.83
14618,1,0,1,0,156.74
14619,0,1,0,0,38.41
14620,1,0,0,0,82.34
14621,0,0,1,0,37.46
14622,0,0,0,0,122.48
14623,1,0,0,0,16.72
14624,0,0,1,0,85.1
14625,1,0,0,0,0.0
14626,0,0,0,0,66.79
14627,0,1,1,0,51.0
14628,1,1,1,0,0.0
14629,0,1,1,0,121.22
14630,0,0,0,0,0.0
14631,1,0,0,0,42.94
14632,1,1,1,0,147.64
14633,0,0,0,0,45.96
14634,0,0,0,0,65.28
14635,1,0,1,0,46.77
14636,0,0,0,0,0.0
14637,1,0,1,0,188.69
14638,0,0,1,0,10.06
14639,0,0,0,0,0.0
14640,0,0,0,1,116.82
14641,0,0,1,0,54.14
14642,1,0,1,0,100.47
14643,0,0,0,0,132.13
14644,1,1,1,0,136.48
14645,0,0,0,0,49.35
14646,1,1,0,0,28.47
14647,1,0,0,1,69.92
14648,0,1,1,1,135.76
14649,0,0,0,0,0.0
14650,0,0,0,0,153.56
14651,0,0,0,1,17.16
14652,1,0,1,0,75.69
14653,0,0,0,0,188.86
14654,0,0,0,0,33.0
14655,1,0,0,0,129.85
14656,1,0,0,0,0.0
14657,1,0,0,0,61.07
14658,0,0,0,0,77.96
14659,1,0,1,0,51.22
14660,1,0,0,0,90.01
14661,0,1,0,0,115.35
14662,0,0,1,0,129.88
14663,1,1,1,0,69.32
14664,1,0,0,0,24.83
14665,1,0,1,1,12.04
14666,1,0,0,0,0.0
14667,1,0,1,0,97.89
14668,0,0,1,0,0.0
14669,0,0,0,0,84.11
14670,0,0,1,1,34.68
14671,0,0,1,0,110.41
14672,0,1,0,0,166.18
14673,0,0,0,0,42.54
14674,0,0,1,1,73.21
14675,0,1,1,1,23.3
14676,0,0,0,0,130.44
14677,0,0,0,0,79.31
14678,1,0,1,0,73.39
14679,0,0,1,0,71.92
14680,1,0,1,0,222.22
14681,0,0,0,0,127.15
14682,0,0,0,0,170.7
14683,0,0,0,0,23.97
14684,0,0,0,0,19.86
14685,0,0,1,0,111.59
14686,0,0,0,0,121.17
14687,1,1,1,0,10.16
14688,0,0,0,0,65.85
14689,0,0,0,0,37.37
14690,1,1,1,0,69.16
14691,1,1,1,0,30.88
14692,0,0,0,0,109.58
14693,1,0,0,0,82.48
14694,0,1,0,0,151.82
14695,1,1,1,0,147.75
14696,0,0,0,0,171.45
14697,0,0,0,1,13.11
14698,1,0,1,1,105.47
14699,0,0,0,0,0.0
14700,1,0,1,0,114.87
14701,0,0,0,0,104.71
14702,0,0,0,0,25.32
14703,0,0,0,0,15.34
14704,0,0,0,0,0.0
14705,1,0,1,0,93.8
14706,0,0,0,0,81.55
14707,0,0,0,0,69.99
14708,1,0,1,0,93.29
14709,1,0,1,0,90.32
14710,0,1,1,0,48.25
14711,0,1,0,1,66.11
14712,0,0,0,0,0.0
14713,0,0,0,0,92.44
14714,0,0,1,0,175.69
14715,0,1,0,0,116.96
14716,0,0,1,0,71.92
14717,1,0,1,0,131.54
14718,0,0,0,0,82.52
14719,0,0,0,0,87.36
14720,0,0,0,0,124.87
14721,0,1,1,0,112.22
14722,1,0,1,0,19.84
14723,1,0,0,0,104.03
14724,1,0,1,0,131.56
14725,0,1,0,0,0.0
14726,1,1,1,0,22.81
14727,1,0,1,0,36.48
14728,1,0,1,0,0.0
14729,0,0,0,0,105.82
14730,0,0,0,1,128.61
14731,0,0,0,1,167.7
14732,0,0,0,0,76.94
14733,1,1,1,0,23.36
14734,0,0,0,0,43.16
14735,1,0,1,0,66.44
14736,1,1,0,0,222.68
14737,0,0,0,0,55.77
14738,1,0,1,1,77.49
14739,1,0,1,0,57.38
14740,1,0,1,0,69.64
14741,0,0,1,0,0.0
14742,0,0,0,0,31.0
14743,0,0,0,0,65.47
14744,0,0,0,0,0.0
14745,1,0,1,0,148.07
14746,1,0,0,0,107.78
14747,0,0,0,0,145.8
14748,1,1,0,0,77.18
14749,1,1,0,0,154.46
14750,0,0,0,0,0.0
14751,0,0,0,0,179.97
14752,1,0,1,0,24.33
14753,1,0,1,0,59.37
14754,0,0,0,0,124.77
14755,1,0,1,0,30.55
14756,1,0,1,0,39.07
14757,1,1,1,0,77.45
14758,0,0,0,1,71.41
14759,0,0,1,0,172.1
14760,0,0,1,1,40.79
14761,1,0,0,0,73.63
14762,1,1,0,0,82.54
14763,1,0,1,1,63.25
14764,0,0,0,0,0.0
14765,0,0,0,0,6.12
14766,1,0,1,1,75.35
14767,0,0,0,0,20.33
14768,0,1,0,0,74.35
14769,1,0,1,0,126.28
14770,1,0,0,0,132.54
14771,0,0,0,0,83.48
14772,1,0,0,0,137.14
14773,1,0,0,1,52.84
14774,1,0,1,0,59.15
14775,0,0,0,0,4.41
14776,0,0,0,0,46.89
14777,0,0,1,0,0.0
14778,1,0,0,0,199.87
14779,1,0,1,0,120.54
14780,1,1,1,0,134.82
14781,0,0,0,0,98.04
14782,1,0,1,0,119.22
14783,0,0,0,0,93.75
14784,1,0,1,0,207.36
14785,1,0,0,0,122.68
14786,1,1,1,0,65.35
14787,0,0,1,0,124.06
14788,0,1,1,1,0.0
14789,0,0,0,0,152.21
14790,1,0,0,1,66.01
14791,0,0,1,0,112.89
14792,0,1,1,0,85.97
14793,1,0,0,0,0.0
14794,0,0,0,0,49.0
14795,0,0,0,0,91.74
14796,0,0,0,1,0.0
14797,1,1,1,0,61.47
14798,0,0,0,1,0.0
14799,0,0,0,0,55.26
14800,0,0,0,0,0.0
14801,0,0,0,0,163.77
14802,0,0,0,0,0.0
14803,0,0,0,1,66.61
14804,1,0,0,0,0.0
14805,1,0,1,0,33.49
14806,0,1,0,1,42.84
14807,0,0,0,0,70.86
14808,0,0,0,0,76.23
14809,1,0,0,0,208.02
14810,1,1,0,0,37.56
14811,0,0,0,0,21.43
14812,0,0,1,0,18.14
14813,1,0,1,0,15.87
14814,1,0,0,0,150.17
14815,1,0,1,0,99.81
14816,0,1,0,0,45.42
14817,0,0,1,0,75.18
14818,1,0,1,0,0.0
14819,0,1,0,0,163.38
14820,1,1,1,0,50.16
14821,1,0,1,0,0.0
14822,0,0,1,0,0.0
14823,1,0,0,0,73.12
14824,1,0,1,0,0.0
14825,1,0,0,0,18.86
14826,0,0,0,0,55.05
14827,0,0,0,1,173.09
14828,0,1,1,0,45.45
14829,0,0,1,0,87.64
14830,1,0,1,0,44.97
14831,0,1,1,0,12.09
14832,0,0,0,0,95.88
14833,1,0,0,0,80.86
14834,0,0,0,0,10.94
14835,0,0,0,0,151.73
14836,0,0,0,0,120.6
14837,1,1,1,0,138.4
14838,1,0,1,0,44.73
14839,1,0,0,0,94.27
14840,0,0,1,0,53.59
14841,0,0,0,0,138.76
14842,1,0,1,0,83.39
14843,0,0,0,0,81.35
14844,0,0,1,0,82.13
14845,0,0,0,0,96.01
14846,0,1,1,0,36.23
14847,0,1,0,0,70.6
14848,0,0,1,0,58.33
14849,1,0,0,0,78.19
14850,1,0,1,0,93.87
14851,0,0,1,0,73.17
14852,0,0,0,0,25.01
14853,0,0,0,0,6.17
14854,0,0,0,0,63.25
14855,1,0,0,0,7.96
14856,0,1,0,0,9.56
14857,1,0,1,1,90.86
14858,1,0,1,0,90.46
14859,1,1,1,1,201.67
14860,0,0,1,0,143.89
14861,1,1,1,0,114.04
14862,1,0,1,0,88.75
14863,0,0,0,0,0.0
14864,0,0,0,0,0.0
14865,1,0,0,0,79.74
14866,0,0,1,0,66.91
14867,0,1,0,0,0.0
14868,0,0,0,0,44.74
14869,0,0,1,0,134.88
14870,0,1,1,0,34.88
14871,0,1,0,0,85.07
14872,0,0,0,0,21.16
14873,1,1,0,0,87.61
14874,0,0,0,0,15.67
14875,0,0,0,0,0.0
14876,0,1,0,0,176.03
14877,0,1,1,0,14.62
14878,1,1,1,0,50.38
14879,0,0,0,0,61.94
14880,0,0,0,1,0.0
14881,1,0,1,0,0.0
14882,0,1,0,0,0.0
14883,1,1,1,0,113.43
14884,0,0,1,1,49.84
14885,1,0,1,0,33.65
14886,1,0,0,0,190.63
14887,1,1,1,0,43.79
14888,1,0,1,0,134.1
14889,0,0,0,0,76.08
14890,1,0,0,0,75.19
14891,0,1,1,0,82.42
14892,0,0,1,0,97.73
14893,1,0,0,0,115.65
14894,1,1,1,1,150.62
14895,0,0,0,0,0.0
14896,0,0,1,0,86.57
14897,0,0,1,0,60.83
14898,0,0,1,0,54.8
14899,1,0,1,0,15.64
14900,0,0,0,0,64.8
14901,1,1,0,0,75.69
14902,0,1,1,0,75.95
14903,0,0,0,0,118.21
14904,1,0,1,0,50.5
14905,0,0,0,0,93.48
14906,1,0,1,0,13.53
14907,0,0,1,0,102.14
14908,0,0,0,0,43.95
14909,1,1,1,0,84.57
14910,0,0,0,0,109.54
14911,1,0,0,0,68.07
14912,0,0,1,0,110.88
14913,1,0,1,0,46.82
14914,0,0,0,0,103.32
14915,1,0,1,0,66.46
14916,0,0,1,0,118.62
14917,1,0,0,0,153.98
14918,1,0,1,0,0.0
14919,0,1,0,0,40.29
14920,0,1,1,1,0.0
14921,0,1,0,1,126.01
14922,1,0,1,0,0.0
14923,0,0,0,1,173.91
14924,1,0,0,0,12.08
14925,0,0,1,0,18.62
14926,0,0,0,0,63.85
14927,1,0,1,0,17.07
14928,0,1,0,1,0.0
14929,1,0,1,0,46.18
14930,1,0,1,0,162.94
14931,1,0,0,1,51.27
14932,0,0,0,0,35.78
14933,1,0,1,0,96.59
14934,0,0,1,0,60.39
14935,0,0,0,0,86.2
14936,1,1,1,0,153.01
14937,0,0,1,0,42.72
14938,1,0,0,0,32.33
14939,1,0,1,0,101.75
14940,1,1,0,1,84.6
14941,0,0,1,0,199.3
14942,0,0,0,0,36.42
14943,0,0,0,1,0.0
14944,0,0,0,0,151.04
14945,1,0,1,0,100.09
14946,1,0,1,0,98.89
14947,0,0,0,0,80.45
14948,0,0,0,0,34.51
14949,0,0,0,0,46.11
14950,1,1,0,1,110.78
14951,0,1,1,0,173.42
14952,0,0,1,0,0.0
14953,0,0,0,0,112.82
14954,0,0,0,1,0.0
14955,0,0,0,0,0.0
14956,0,0,1,0,113.96
14957,0,0,1,0,0.76
14958,0,0,1,0,146.66
14959,1,1,1,0,157.18
14960,0,0,1,0,6.64
14961,0,0,1,0,20.17
14962,1,0,1,0,112.36
14963,0,0,0,1,68.87
14964,1,1,1,0,115.29
14965,0,0,0,0,0.0
14966,1,1,1,1,98.44
14967,0,1,0,0,107.73
14968,1,0,1,0,59.87
14969,1,0,0,1,73.15
14970,0,0,1,1,149.77
14971,1,0,0,1,207.22
14972,1,0,0,0,31.03
14973,0,1,1,0,68.26
14974,0,0,1,0,23.72
14975,0,0,1,0,15.62
14976,1,0,1,0,94.83
14977,0,1,1,0,124.98
14978,0,0,0,0,112.5
14979,0,0,0,0,0.0
14980,1,1,0,0,23.68
14981,1,0,1,0,174.39
14982,0,0,1,0,64.82
14983,0,0,1,0,95.85
14984,1,0,0,0,107.36
14985,0,0,0,0,26.63
14986,1,0,1,0,90.21
14987,0,1,1,1,43.46
14988,0,0,1,0,0.0
14989,0,0,0,0,79.87
14990,0,0,0,0,0.0
14991,1,0,0,0,54.31
14992,0,0,0,0,0.0
14993,0,0,0,0,99.39
14994,0,0,0,0,0.0
14995,1,0,0,0,0.0
14996,0,0,0,0,100.58
14997,0,0,1,0,36.75
14998,0,0,0,0,38.5
14999,1,0,1,0,0.0
15000,0,0,1,0,27.6
15001,1,0,1,0,160.4
15002,0,0,0,0,59.17
15003,0,0,1,0,0.0
15004,0,0,1,0,0.0
15005,1,0,1,0,171.81
15006,1,0,0,0,50.25
15007,0,0,0,0,65.73
15008,0,0,1,0,144.31
15009,0,0,0,0,149.57
15010,0,0,0,0,6.11
15011,1,0,1,0,134.38
15012,1,0,1,0,135.34
15013,0,1,0,0,100.45
15014,0,0,0,1,0.0
15015,0,0,0,1,0.0
15016,0,1,0,0,73.25
15017,0,0,1,0,30.25
15018,0,0,0,0,89.04
15019,0,0,0,0,63.78
15020,0,1,1,0,119.5
15021,1,0,0,0,35.7
15022,1,0,1,0,112.44
15023,1,1,1,0,55.36
15024,1,1,0,1,119.52
15025,1,0,1,0,80.92
15026,0,1,0,0,15.54
15027,0,1,0,0,55.28
15028,1,0,0,0,60.81
15029,1,0,1,0,12.1
15030,1,0,1,0,103.77
15031,1,0,0,0,79.19
15032,0,0,0,0,25.77
15033,0,0,1,0,46.61
15034,1,0,0,0,110.51
15035,1,0,0,0,155.99
15036,0,0,0,1,68.39
15037,1,0,1,0,22.96
15038,1,0,0,0,58.2
15039,0,1,0,0,113.09
15040,1,0,1,0,187.33
15041,1,1,0,0,52.2
15042,0,0,0,0,74.95
15043,0,0,0,0,77.5
15044,0,0,0,0,121.34
15045,0,0,0,0,49.91
15046,0,0,0,0,45.21
15047,0,0,0,1,98.98
15048,0,0,0,0,67.68
15049,1,0,1,0,192.98
15050,0,0,0,0,80.62
15051,0,0,0,0,43.18
15052,0,0,0,0,68.91
15053,0,0,1,1,0.0
15054,0,0,0,0,52.38
15055,0,0,0,0,27.18
15056,0,0,0,0,43.8
15057,0,1,0,0,22.44
15058,0,1,1,0,177.86
15059,1,0,1,0,0.0
15060,0,1,1,0,117.59
15061,0,0,0,0,2.57
15062,0,0,0,1,190.87
15063,1,1,1,0,377.04
15064,1,0,0,1,124.12
15065,0,1,1,0,0.0
15066,0,0,0,0,64.04
15067,0,0,0,0,97.26
15068,0,0,0,0,147.37
15069,1,0,1,0,18.86
15070,0,0,0,0,95.03
15071,0,0,0,1,99.19
15072,0,0,0,0,10.39
15073,0,0,0,0,144.19
15074,0,0,0,0,0.0
15075,0,0,0,0,91.24
15076,1,0,1,0,127.53
15077,0,0,1,0,32.04
15078,1,0,1,0,34.01
15079,0,0,0,0,149.95
15080,0,0,0,0,131.75
15081,1,0,0,0,107.36
15082,0,0,1,0,44.51
15083,1,1,1,0,44.63
15084,0,1,0,0,92.98
15085,0,1,1,0,126.92
15086,0,0,0,0,83.42
15087,1,0,1,0,137.06
15088,0,0,0,0,0.0
15089,0,0,0,0,156.28
15090,0,0,0,0,15.05
15091,0,0,0,0,25.93
15092,0,0,0,0,105.95
15093,0,0,0,0,176.76
15094,0,0,0,0,56.57
15095,1,1,1,0,93.39
15096,0,0,0,0,67.22
15097,1,1,1,0,263.8
15098,0,0,0,0,19.18
15099,1,1,1,0,30.36
15100,1,0,0,0,107.05
15101,0,0,0,1,63.6
15102,1,0,0,1,128.65
15103,0,0,1,0,95.68
15104,1,0,1,0,0.0
15105,1,0,1,0,104.85
15106,0,1,1,0,133.83
15107,1,0,0,0,0.0
15108,1,0,1,0,48.51
15109,0,0,0,0,82.53
15110,0,1,1,0,87.48
15111,1,0,0,0,56.41
15112,0,1,0,0,66.76
15113,0,0,1,0,0.0
15114,1,1,0,0,40.54
15115,1,0,0,0,113.16
15116,1,1,1,0,37.08
15117,0,0,0,0,106.13
15118,0,0,0,0,159.58
15119,0,0,0,0,79.73
15120,1,1,1,0,99.42
15121,1,0,0,0,83.12
15122,0,0,1,0,102.13
15123,0,1,0,0,62.84
15124,0,1,0,0,0.0
15125,1,0,0,1,121.42
15126,0,0,0,0,164.53
15127,0,0,1,1,111.08
15128,1,0,0,0,49.08
15129,0,1,1,0,81.77
15130,0,1,1,0,99.21
15131,0,0,0,0,38.71
15132,1,0,1,0,34.05
15133,0,0,0,0,3.3
15134,0,1,1,0,104.4
15135,1,1,0,1,194.4
15136,0,0,1,1,0.0
15137,1,0,1,0,0.0
15138,0,0,0,0,44.62
15139,0,0,0,1,117.51
15140,0,0,0,0,168.46
15141,1,0,0,0,0.0
15142,0,1,1,0,120.28
15143,0,0,0,1,138.13
15144,1,0,0,0,35.07
15145,1,1,1,0,116.42
15146,0,0,1,0,154.62
15147,1,1,1,0,143.6
15148,0,0,1,0,34.34
15149,1,0,0,0,0.0
15150,0,0,0,0,33.06
15151,1,1,1,0,99.45
15152,1,0,0,0,77.22
15153,0,0,0,0,43.87
15154,0,0,0,1,0.0
15155,1,0,1,0,0.0
15156,0,0,1,0,163.66
15157,1,0,1,0,97.65
15158,0,0,0,1,106.92
15159,0,0,0,0,57.82
15160,1,0,1,0,54.91
15161,1,0,1,0,57.14
15162,0,0,0,0,96.87
15163,0,0,0,0,56.93
15164,0,0,0,0,116.88
15165,0,0,0,0,94.72
15166,0,0,0,0,67.37
15167,1,1,1,0,114.96
15168,0,0,0,0,33.21
15169,1,0,1,0,13.19
15170,0,0,0,1,86.02
15171,0,0,0,0,69.39
15172,1,0,1,0,202.36
15173,0,0,0,0,110.73
15174,1,0,1,0,0.0
15175,1,0,1,0,20.7
15176,0,0,0,0,39.3
15177,0,0,0,0,94.08
15178,0,1,1,0,65.29
15179,0,1,1,0,200.78
15180,1,0,1,0,82.76
15181,0,0,1,0,123.26
15182,1,1,1,0,136.12
15183,0,1,0,0,2.65
15184,0,0,0,0,110.63
15185,0,0,1,1,60.87
15186,0,0,1,0,16.13
15187,0,0,0,0,65.95
15188,0,0,0,0,0.0
15189,1,0,1,0,39.76
15190,1,1,1,1,204.14
15191,0,0,0,0,51.74
15192,1,0,1,1,92.27
15193,1,1,0,0,78.2
15194,0,0,1,1,14.29
15195,1,1,1,0,24.72
15196,0,0,0,0,27.98
15197,0,0,0,0,9.54
15198,0,0,0,0,179.7
15199,0,0,0,0,170.88
15200,1,1,1,0,147.1
15201,1,1,1,0,0.0
15202,0,0,1,0,0.0
15203,0,1,1,1,60.84
15204,0,1,0,0,105.28
15205,0,0,0,0,91.47
15206,0,0,0,0,38.09
15207,0,0,0,0,62.92
15208,0,1,1,0,79.15
15209,0,0,1,0,156.68
15210,0,0,0,0,29.19
15211,1,0,1,0,164.14
15212,0,0,0,0,70.59
15213,1,1,1,0,126.29
15214,1,1,1,0,98.07
15215,0,0,0,0,0.0
15216,1,0,0,0,78.69
15217,0,0,0,0,25.49
15218,1,1,1,0,25.51
15219,0,0,0,1,87.93
15220,0,0,1,0,57.46
15221,1,1,1,0,62.77
15222,0,0,1,1,0.0
15223,0,1,1,0,147.12
15224,0,0,1,0,19.82
15225,0,0,1,0,47.05
15226,1,0,1,0,0.0
15227,0,0,0,0,30.12
15228,0,0,0,0,8.51
15229,1,0,0,0,0.0
15230,1,0,0,0,15.18
15231,0,0,0,0,132.43
15232,0,0,0,0,125.9
15233,0,0,0,0,25.27
15234,0,0,0,0,14.22
15235,0,0,1,0,39.3
15236,0,0,0,0,44.08
15237,0,0,0,0,49.39
15238,0,1,0,0,0.0
15239,0,0,0,0,5.5
15240,0,0,0,0,15.53
15241,0,0,0,0,67.57
15242,1,0,0,0,61.15
15243,0,0,0,0,242.78
15244,0,0,0,0,74.92
15245,0,0,1,0,126.17
15246,0,0,0,0,0.0
15247,0,0,1,0,121.73
15248,1,0,0,1,48.8
15249,1,1,1,0,33.16
15250,0,0,0,0,170.79
15251,0,0,0,0,0.76
15252,1,1,1,0,44.77
15253,0,0,1,0,150.02
15254,0,0,1,0,38.22
15255,1,0,0,1,53.47
15256,0,0,0,0,0.0
15257,0,0,0,0,1.96
15258,1,0,0,0,11.05
15259,1,1,0,1,22.06
15260,0,0,1,0,69.53
15261,0,0,0,0,95.86
15262,0,0,0,0,7.94
15263,0,0,1,0,0.0
15264,1,0,0,1,82.01
15265,1,0,1,0,0.0
15266,1,0,1,0,0.0
15267,0,0,0,0,2.34
15268,0,0,0,0,93.85
15269,0,0,1,0,138.25
15270,0,0,1,0,135.17
15271,1,0,1,0,8.15
15272,0,0,0,0,29.72
15273,0,0,1,0,74.39
15274,1,0,1,0,34.23
15275,1,1,1,0,116.76
15276,0,0,0,0,2.6
15277,0,0,1,0,161.85
15278,0,0,0,0,31.9
15279,0,0,0,0,33.53
15280,1,0,1,0,33.12
15281,1,0,0,0,65.57
15282,0,0,1,0,96.18
15283,1,0,0,0,134.02
15284,0,0,0,0,132.16
15285,0,0,0,0,77.01
15286,0,1,1,0,78.46
15287,1,0,1,0,10.87
15288,0,0,1,1,19.55
15289,0,0,0,0,113.8
15290,0,0,0,0,49.43
15291,0,0,0,0,5.42
15292,1,0,1,0,116.32
15293,1,0,1,0,65.53
15294,0,0,1,0,84.45
15295,0,1,0,0,57.75
15296,1,1,1,0,89.04
15297,1,0,1,0,169.08
15298,0,1,0,0,43.08
15299,0,0,0,0,115.06
15300,0,0,0,0,71.14
15301,1,1,1,1,122.17
15302,0,0,1,0,59.07
15303,0,0,0,0,0.0
15304,0,0,0,0,62.0
15305,0,0,0,0,0.0
15306,1,0,0,0,105.75
15307,0,0,0,0,89.46
15308,0,0,0,0,8.86
15309,0,0,0,0,65.44
15310,0,0,0,0,101.05
15311,1,0,1,0,41.07
15312,0,0,0,0,136.37
15313,0,1,0,0,53.19
15314,0,0,0,0,0.0
15315,1,1,1,0,74.4
15316,0,0,1,0,99.32
15317,0,1,0,0,0.0
15318,0,0,0,0,111.92
15319,1,1,0,0,55.92
15320,0,0,0,0,124.1
15321,0,0,0,0,0.0
15322,1,0,1,0,146.35
15323,0,0,1,0,116.21
15324,0,0,0,0,63.81
15325,1,0,0,0,35.82
15326,1,1,1,0,273.72
15327,1,1,0,0,137.25
15328,0,0,0,0,63.48
15329,0,1,0,0,81.91
15330,1,0,1,0,119.51
15331,0,0,0,0,22.99
15332,0,0,0,0,38.11
15333,1,0,1,0,43.89
15334,0,0,0,0,26.1
15335,0,0,0,0,79.95
15336,0,0,0,0,41.01
15337,0,0,0,0,102.67
15338,1,0,0,0,168.55
15339,1,0,1,0,74.12
15340,0,0,0,0,17.68
15341,1,0,0,1,14.23
15342,0,0,0,1,71.58
15343,0,1,1,0,41.29
15344,1,0,0,0,38.07
15345,0,0,1,0,98.83
15346,0,1,0,1,0.0
15347,1,1,1,0,90.48
15348,0,0,0,0,0.0
15349,0,0,0,0,0.0
15350,0,0,0,1,2.6
15351,1,0,1,0,0.0
15352,0,1,0,0,57.91
15353,1,1,0,0,2.51
15354,1,0,1,0,28.6
15355,1,1,1,0,102.01
15356,0,0,0,0,173.65
15357,0,0,0,0,151.55
15358,1,0,0,0,139.39
15359,0,0,1,0,100.84
15360,0,0,0,0,31.7
15361,0,0,0,0,72.71
15362,0,1,1,0,74.36
15363,0,1,1,0,0.0
15364,1,0,1,0,61.85
15365,0,0,0,0,106.46
15366,0,0,1,0,78.36
15367,0,0,0,0,120.91
15368,1,1,0,0,144.69
15369,0,0,0,0,115.45
15370,0,0,0,0,63.34
15371,0,1,1,0,91.56
15372,0,0,0,0,130.33
15373,0,0,1,1,74.12
15374,0,0,0,0,132.14
15375,1,0,0,0,60.13
15376,0,0,0,0,28.12
15377,0,0,0,0,66.16
15378,0,0,1,0,88.45
15379,0,0,1,0,17.13
15380,0,0,1,0,74.36
15381,1,0,1,0,99.87
15382,1,0,1,0,47.83
15383,1,1,1,0,162.22
15384,0,1,0,0,62.46
15385,1,1,0,0,0.0
15386,1,0,1,0,26.34
15387,1,0,0,0,119.01
15388,0,1,0,1,0.0
15389,0,0,0,0,70.23
15390,0,0,1,0,73.15
15391,0,0,0,0,97.27
15392,0,0,1,1,10.28
15393,0,0,0,0,123.46
15394,0,0,0,0,124.0
15395,0,0,0,0,19.22
15396,1,0,1,0,157.25
15397,0,0,0,0,0.0
15398,1,1,1,0,88.01
15399,1,0,1,0,136.78
15400,0,0,0,0,0.0
15401,0,0,1,0,20.57
15402,1,0,0,0,28.76
15403,1,0,1,0,139.97
15404,0,0,1,0,148.13
15405,0,0,0,1,119.46
15406,1,1,1,0,149.04
15407,1,0,0,0,0.0
15408,1,0,0,0,25.54
15409,0,0,0,0,45.81
15410,0,0,0,0,72.43
15411,0,0,0,1,49.11
15412,1,0,1,0,158.67
15413,0,1,1,0,90.96
15414,1,0,1,0,143.2
15415,0,1,0,0,120.92
15416,0,0,0,1,123.11
15417,0,0,0,0,139.06
15418,0,1,1,0,0.0
15419,0,1,1,1,42.11
15420,0,0,0,0,34.03
15421,0,0,0,0,15.51
15422,0,0,0,0,19.17
15423,0,0,0,0,0.0
15424,0,0,0,0,184.7
15425,1,1,1,0,21.36
15426,1,0,1,0,70.43
15427,1,1,1,0,104.15
15428,0,1,1,0,58.94
15429,0,1,1,0,82.47
15430,1,0,0,1,213.92
15431,0,0,0,1,79.63
15432,0,0,0,0,35.98
15433,1,0,1,0,123.66
15434,1,0,1,0,152.75
15435,1,0,0,0,76.61
15436,1,0,1,1,92.1
15437,1,1,1,0,225.88
15438,0,0,0,0,95.46
15439,0,0,0,0,32.15
15440,1,0,1,0,117.52
15441,0,0,0,0,56.08
15442,0,0,1,0,85.41
15443,0,0,0,0,81.91
15444,0,0,0,0,93.56
15445,1,0,1,0,166.56
15446,0,0,1,1,156.19
15447,0,1,0,0,47.18
15448,1,0,1,0,151.52
15449,0,0,1,0,20.25
15450,0,0,0,0,28.01
15451,0,0,1,0,126.86
15452,0,1,1,0,45.86
15453,1,0,1,0,80.17
15454,0,1,1,0,79.47
15455,0,0,0,0,81.76
15456,0,0,0,0,137.21
15457,0,1,1,0,118.71
15458,0,0,0,0,0.0
15459,1,1,1,0,251.38
15460,1,0,0,0,41.27
15461,0,0,0,0,132.25
15462,0,0,0,0,105.44
15463,1,0,1,0,129.86
15464,1,0,0,0,58.91
15465,0,0,0,1,105.6
15466,0,1,1,0,76.19
15467,1,0,1,0,8.87
15468,1,0,1,0,75.48
15469,0,1,0,0,0.0
15470,1,0,1,0,28.96
15471,1,0,0,0,55.8
15472,1,1,0,0,18.32
15473,1,0,1,1,26.57
15474,0,1,0,0,116.61
15475,1,0,1,0,62.02
15476,0,0,0,0,84.95
15477,0,0,1,0,110.15
15478,1,0,1,0,186.76
15479,0,0,1,0,36.79
15480,0,0,0,0,70.73
15481,0,0,0,0,111.88
15482,1,0,1,0,98.83
15483,0,0,0,0,28.49
15484,1,0,0,0,12.25
15485,1,0,0,0,30.46
15486,0,1,1,0,11.26
15487,1,1,1,0,74.56
15488,1,0,0,0,126.31
15489,0,0,0,0,148.39
15490,0,0,0,0,49.07
15491,1,0,0,0,164.6
15492,1,1,1,0,183.62
15493,1,1,0,0,168.91
15494,0,0,0,0,33.73
15495,0,1,0,0,64.95
15496,1,0,0,0,7.81
15497,0,0,1,0,28.78
15498,0,0,1,0,126.65
15499,0,0,0,0,97.54
15500,0,0,1,0,0.0
15501,0,0,1,0,95.61
15502,1,0,1,0,0.0
15503,0,0,0,1,58.16
15504,0,0,0,0,56.87
15505,0,0,0,0,100.53
15506,1,0,0,0,160.04
15507,1,1,0,0,114.98
15508,1,0,0,0,89.75
15509,0,0,0,0,36.27
15510,1,0,1,0,101.43
15511,1,0,1,0,47.63
15512,1,0,0,0,138.64
15513,1,1,1,0,191.67
15514,1,0,0,0,54.82
15515,0,0,0,0,86.32
15516,1,0,0,0,114.05
15517,0,0,0,1,0.0
15518,1,0,1,1,58.58
15519,1,0,0,0,57.22
15520,1,1,1,0,103.67
15521,0,0,0,0,126.71
15522,1,0,1,0,89.81
15523,1,0,0,0,87.08
15524,0,0,0,0,58.6
15525,0,1,1,0,94.44
15526,1,0,0,0,0.53
15527,0,0,0,1,107.6
15528,0,0,0,0,57.64
15529,1,0,1,1,44.3
15530,0,0,0,0,133.11
15531,1,1,1,0,53.37
15532,0,0,0,0,10.42
15533,1,1,1,0,103.69
15534,1,0,0,0,143.95
15535,1,0,1,1,253.66
15536,1,0,1,0,92.69
15537,0,1,1,0,61.56
15538,0,0,0,1,73.36
15539,0,0,1,0,149.76
15540,1,0,0,0,16.94
15541,1,0,1,0,191.53
15542,1,0,1,0,157.5
15543,0,0,0,0,0.08
15544,0,0,0,0,28.54
15545,1,0,1,0,76.1
15546,0,0,0,0,3.61
15547,0,0,0,0,12.69
15548,0,0,0,0,105.05
15549,0,0,0,0,27.29
15550,1,1,0,0,42.21
15551,1,1,1,0,80.69
15552,0,0,0,0,77.79
15553,1,1,0,0,235.31
15554,0,1,0,0,42.35
15555,0,1,0,0,31.81
15556,0,0,0,0,7.59
15557,0,0,1,0,36.6
15558,1,0,1,0,0.0
15559,1,0,1,0,96.26
15560,0,0,0,0,0.0
15561,1,0,0,0,0.0
15562,0,0,1,0,70.04
15563,0,0,0,0,17.51
15564,0,0,1,0,155.15
15565,0,0,0,0,169.1
15566,1,1,0,0,2.79
15567,0,0,0,0,0.0
15568,1,1,0,0,123.46
15569,0,0,0,0,32.24
15570,1,1,1,0,185.73
15571,0,0,1,0,29.32
15572,0,1,1,0,52.16
15573,0,0,0,0,33.27
15574,1,0,0,0,86.51
15575,1,0,1,0,0.0
15576,1,0,1,0,11.97
15577,0,0,1,0,113.79
15578,0,0,0,0,40.84
15579,1,0,1,1,169.72
15580,0,0,0,0,136.34
15581,1,0,0,0,70.75
15582,0,0,0,0,0.0
15583,1,0,1,0,0.0
15584,1,0,1,0,106.93
15585,1,0,1,0,140.44
15586,0,0,1,0,32.02
15587,1,0,1,0,127.56
15588,1,1,1,0,228.48
15589,0,0,1,0,166.71
15590,1,1,1,0,97.03
15591,0,0,1,1,76.43
15592,0,0,0,0,126.44
15593,1,0,1,0,88.18
15594,0,0,0,0,0.0
15595,0,0,0,0,51.46
15596,1,0,0,0,0.0
15597,1,1,1,0,77.72
15598,0,0,0,0,18.01
15599,1,0,1,0,26.74
15600,0,0,0,0,43.33
15601,1,0,1,0,94.2
15602,1,0,1,0,86.57
15603,0,0,0,0,6.61
15604,1,0,0,0,45.97
15605,0,0,0,0,25.72
15606,0,0,0,0,83.0
15607,1,1,1,0,101.32
15608,0,0,0,0,62.14
15609,0,0,0,0,85.16
15610,0,0,0,0,29.93
15611,0,1,0,1,0.0
15612,0,0,1,0,144.11
15613,1,0,0,0,27.53
15614,0,1,0,0,81.78
15615,0,0,0,0,46.44
15616,1,0,1,0,87.66
15617,0,0,0,0,29.46
15618,0,0,0,0,20.48
15619,1,0,0,0,67.3
15620,0,0,1,0,0.0
15621,0,0,1,0,12.01
15622,0,0,1,0,0.0
15623,0,0,0,0,145.23
15624,0,0,0,0,68.15
15625,1,0,1,0,85.16
15626,1,0,0,0,93.37
15627,0,0,0,0,63.3
15628,1,0,0,0,83.91
15629,1,0,0,0,99.01
15630,0,0,0,0,106.81
15631,1,0,0,0,168.13
15632,0,0,0,0,66.28
15633,1,0,1,0,152.01
15634,0,0,1,0,36.42
15635,0,0,0,0,26.13
15636,1,1,0,0,0.0
15637,1,0,1,0,17.33
15638,0,0,1,0,192.72
15639,0,0,0,0,209.07
15640,1,0,1,0,102.79
15641,0,0,0,0,13.65
15642,1,1,1,1,323.24
15643,0,0,0,0,0.0
15644,0,0,0,0,15.2
15645,0,0,0,1,0.0
15646,0,0,0,0,20.29
15647,1,0,0,1,28.1
15648,0,0,0,0,174.49
15649,0,0,0,0,0.0
15650,0,0,0,0,83.98
15651,0,0,0,0,15.19
15652,0,0,0,0,81.43
15653,0,0,1,0,179.19
15654,1,1,1,1,40.19
15655,0,0,0,0,32.33
15656,1,0,1,0,116.34
15657,0,0,0,0,27.83
15658,1,0,1,0,40.35
15659,1,0,1,0,18.61
15660,0,0,1,0,39.25
15661,0,0,0,0,1.92
15662,0,0,0,0,124.06
15663,0,0,0,0,45.64
15664,0,0,0,1,0.0
15665,0,0,0,0,33.2
15666,1,0,0,0,39.69
15667,1,0,0,0,55.62
15668,1,0,1,0,91.26
15669,0,0,1,0,0.0
15670,0,0,0,0,112.23
15671,0,0,0,0,52.82
15672,0,1,0,0,30.5
15673,0,1,1,0,59.18
15674,1,0,1,0,89.22
15675,1,0,1,0,53.88
15676,1,0,0,0,0.0
15677,0,0,0,0,37.63
15678,0,0,0,0,76.32
15679,1,0,0,0,111.1
15680,0,1,1,0,111.98
15681,1,0,0,0,136.58
15682,1,0,0,0,67.91
15683,1,0,1,0,97.47
15684,1,1,0,0,169.87
15685,0,0,0,0,31.5
15686,1,0,0,0,66.02
15687,0,0,0,0,104.2
15688,0,1,0,0,31.93
15689,1,0,0,0,110.38
15690,1,0,0,0,35.51
15691,0,0,0,1,0.9
15692,0,0,1,0,97.2
15693,0,0,0,0,62.06
15694,0,0,0,0,81.18
15695,1,0,0,0,64.7
15696,1,0,1,1,72.12
15697,0,0,0,0,170.5
15698,0,0,0,0,103.18
15699,1,0,0,0,99.67
15700,1,0,0,0,0.0
15701,0,0,0,0,51.51
15702,0,1,1,0,169.39
15703,0,0,0,0,56.2
15704,1,0,0,0,39.23
15705,0,0,0,0,147.83
15706,0,0,0,0,0.0
15707,0,1,0,0,114.05
15708,1,0,0,0,14.36
15709,1,0,0,0,51.93
15710,0,0,1,0,0.0
15711,0,0,0,0,214.19
15712,0,0,1,0,46.0
15713,0,0,0,0,0.0
15714,0,0,1,1,153.73
15715,0,0,0,0,49.02
15716,1,0,0,0,21.12
15717,1,0,0,0,0.0
15718,0,0,0,0,38.29
15719,0,0,0,0,142.57
15720,0,0,1,0,17.41
15721,0,0,0,0,59.58
15722,1,0,0,1,85.2
15723,0,0,0,0,29.73
15724,1,1,0,0,143.93
15725,1,0,0,0,0.0
15726,0,0,1,0,106.35
15727,1,0,0,0,29.04
15728,0,1,1,0,119.54
15729,0,0,0,0,110.45
15730,1,0,1,0,173.38
15731,1,0,0,0,82.35
15732,0,1,0,0,7.97
15733,1,0,1,0,75.96
15734,0,1,1,0,76.23
15735,1,0,1,0,223.84
15736,1,0,1,0,75.29
15737,1,0,0,0,0.0
15738,0,0,0,0,30.97
15739,0,1,1,0,0.0
15740,0,0,0,1,40.63
15741,0,0,1,0,66.52
15742,1,0,1,1,55.4
15743,1,0,0,0,90.75
15744,0,0,1,0,104.49
15745,1,1,1,0,0.0
15746,1,1,1,0,103.26
15747,0,1,1,0,44.49
15748,1,0,1,0,117.6
15749,0,0,0,0,72.65
15750,0,0,0,0,73.18
15751,1,0,0,0,42.09
15752,0,0,1,0,78.32
15753,0,1,0,0,185.52
15754,1,1,1,0,15.84
15755,1,0,1,0,41.88
15756,0,0,0,0,96.81
15757,1,0,1,0,36.16
15758,1,1,1,0,125.77
15759,0,1,0,0,140.17
15760,0,0,0,0,69.57
15761,1,0,1,0,145.47
15762,0,0,0,1,1.15
15763,0,0,0,0,0.0
15764,0,1,1,0,228.65
15765,0,0,1,0,125.96
15766,1,0,1,0,0.0
15767,1,0,0,0,42.73
15768,0,0,0,0,119.56
15769,1,1,0,0,28.75
15770,0,0,0,0,0.0
15771,0,0,0,1,64.44
15772,1,0,1,0,182.54
15773,1,0,0,0,98.26
15774,1,0,0,0,30.37
15775,0,0,1,0,73.73
15776,1,0,0,0,153.78
15777,1,0,1,1,68.8
15778,0,0,0,0,0.0
15779,0,0,1,0,75.04
15780,0,0,0,0,90.72
15781,1,1,1,1,170.92
15782,0,0,0,0,11.27
15783,1,0,1,1,82.94
15784,1,0,0,0,115.54
15785,0,0,1,1,182.81
15786,0,0,0,0,103.31
15787,0,0,1,0,142.64
15788,1,0,1,0,43.29
15789,1,1,0,0,0.63
15790,0,0,0,0,78.72
15791,0,0,0,1,29.04
15792,0,0,1,0,13.98
15793,0,0,1,0,188.39
15794,1,0,1,0,0.0
15795,1,0,1,1,0.0
15796,0,0,0,0,0.0
15797,0,1,1,0,91.53
15798,0,1,0,0,0.0
15799,0,0,0,0,94.04
15800,0,0,0,1,90.72
15801,1,0,1,0,99.0
15802,0,0,1,0,41.16
15803,0,0,0,0,34.37
15804,1,0,1,1,55.47
15805,0,0,0,0,110.72
15806,0,1,1,0,50.33
15807,1,0,0,0,0.0
15808,0,0,1,0,91.37
15809,1,0,1,0,133.54
15810,1,0,1,0,168.94
15811,0,0,1,0,85.9
15812,0,1,0,0,134.96
15813,0,0,0,0,108.25
15814,0,0,0,0,6.37
15815,0,0,0,0,45.48
15816,1,0,1,0,70.46
15817,0,0,0,0,97.16
15818,0,0,0,0,12.5
15819,0,0,0,0,13.48
15820,1,1,0,0,116.04
15821,0,0,1,0,53.49
15822,0,1,0,0,67.18
15823,1,0,1,0,238.37
15824,0,1,0,0,0.0
15825,0,0,0,0,83.22
15826,0,0,1,0,134.26
15827,1,0,1,0,30.77
15828,1,1,1,0,0.0
15829,1,0,1,0,174.05
15830,0,0,1,0,0.0
15831,0,0,0,0,87.07
15832,1,0,1,0,68.19
15833,0,0,0,0,162.52
15834,0,1,0,0,0.0
15835,0,0,0,0,0.0
15836,0,0,1,0,104.2
15837,1,0,0,0,0.0
15838,1,0,1,0,52.68
15839,0,0,0,0,167.34
15840,1,0,0,0,53.39
15841,1,1,1,0,80.36
15842,0,0,0,0,151.94
15843,0,1,0,1,85.8
15844,1,0,1,0,24.86
15845,1,0,1,1,65.1
15846,1,0,0,1,35.63
15847,0,0,0,0,0.0
15848,0,0,0,0,26.42
15849,0,0,0,0,7.89
15850,0,1,0,1,60.03
15851,0,0,1,0,53.62
15852,0,0,0,0,16.98
15853,0,0,1,0,53.32
15854,1,0,0,0,23.88
15855,1,0,0,1,72.66
15856,0,1,1,0,175.1
15857,0,0,0,0,35.86
15858,0,0,0,0,97.7
15859,1,0,1,0,118.34
15860,0,0,0,0,120.01
15861,1,1,0,0,99.38
15862,0,0,0,0,202.99
15863,1,1,1,0,133.25
15864,1,1,1,0,103.6
15865,1,0,1,0,115.73
15866,1,1,0,0,72.06
15867,0,0,0,0,112.62
15868,0,0,0,0,130.9
15869,0,1,0,0,82.8
15870,1,1,0,0,29.91
15871,1,0,0,0,116.67
15872,0,0,1,0,53.5
15873,1,0,1,1,79.89
15874,0,0,0,0,82.82
15875,0,0,1,0,76.3
15876,0,0,0,0,139.54
15877,1,0,0,0,60.6
15878,0,1,1,0,69.79
15879,1,0,1,0,68.76
15880,1,0,0,1,148.45
15881,1,0,0,0,14.6
15882,0,0,1,0,136.35
15883,0,0,0,0,54.94
15884,1,0,1,0,0.0
15885,1,0,1,0,46.31
15886,0,0,0,0,39.32
15887,0,0,0,0,0.0
15888,0,0,0,0,91.1
15889,0,1,1,0,158.38
15890,0,0,0,0,32.8
15891,1,1,1,0,143.0
15892,0,0,0,0,161.96
15893,0,0,0,0,37.87
15894,1,1,1,0,142.58
15895,1,0,1,0,28.64
15896,1,0,1,1,19.59
15897,1,0,1,0,26.65
15898,1,1,1,0,97.5
15899,0,0,1,0,40.2
15900,0,1,1,0,87.51
15901,0,0,0,1,0.0
15902,0,0,1,0,141.46
15903,0,0,0,0,0.0
15904,0,0,0,1,24.9
15905,1,0,0,0,137.01
15906,0,0,1,0,0.0
15907,0,0,0,0,81.13
15908,1,0,0,0,143.51
15909,0,0,1,0,14.82
15910,0,0,0,0,26.11
15911,0,0,1,0,164.58
15912,1,0,0,0,170.5
15913,0,0,0,0,103.77
15914,0,0,0,0,112.49
15915,1,1,1,0,50.67
15916,0,1,0,0,1.21
15917,0,1,0,1,85.71
15918,1,0,1,1,29.52
15919,0,0,1,1,135.88
15920,0,0,0,0,152.11
15921,0,0,0,0,0.0
15922,0,0,0,0,0.0
15923,0,1,1,1,0.0
15924,1,0,1,0,64.13
15925,1,1,1,0,39.05
15926,0,0,0,0,12.7
15927,0,0,0,0,90.48
15928,1,1,1,0,21.67
15929,0,0,1,0,76.17
15930,0,0,0,0,30.55
15931,1,0,0,1,37.14
15932,1,0,1,0,124.31
15933,1,1,1,0,151.34
15934,0,1,0,0,90.43
15935,1,0,1,0,54.36
15936,0,0,0,0,0.0
15937,1,0,0,0,150.11
15938,0,1,1,0,68.06
15939,1,0,0,0,86.62
15940,1,0,1,0,8.94
15941,0,1,1,0,17.24
15942,0,0,0,0,33.95
15943,0,0,1,0,61.05
15944,0,0,0,0,39.09
15945,0,0,1,0,109.79
15946,0,0,0,0,0.0
15947,0,0,0,0,90.61
15948,0,0,1,0,102.22
15949,0,0,0,0,73.2
15950,0,0,0,0,18.73
15951,0,0,0,0,0.0
15952,0,0,0,0,70.65
15953,1,0,1,1,27.56
15954,0,0,0,0,5.64
15955,1,0,0,0,71.41
15956,1,1,0,0,124.36
15957,1,1,1,0,30.8
15958,0,0,0,0,46.35
15959,0,0,1,0,105.31
15960,1,0,0,0,40.07
15961,0,0,0,0,14.33
15962,0,0,1,0,37.83
15963,1,0,0,0,50.2
15964,0,0,1,0,15.57
15965,0,0,0,0,48.32
15966,0,0,0,0,2.51
15967,1,0,0,0,85.73
15968,0,0,0,0,58.4
15969,0,0,1,0,46.31
15970,0,0,0,0,85.06
15971,1,0,0,0,99.9
15972,0,0,0,0,123.71
15973,1,0,1,0,149.92
15974,0,1,1,0,42.07
15975,0,0,0,0,61.59
15976,0,0,0,1,44.49
15977,0,0,0,0,27.98
15978,1,1,0,0,0.0
15979,0,0,0,0,27.02
15980,0,0,0,0,7.88
15981,0,0,1,1,61.78
15982,0,0,0,0,33.12
15983,1,0,0,0,0.0
15984,1,0,1,0,3.86
15985,0,0,0,0,120.63
15986,0,1,0,0,0.0
15987,0,0,1,0,39.26
15988,0,0,0,0,102.41
15989,0,0,1,0,114.89
15990,0,0,1,0,86.98
15991,1,0,1,0,63.07
15992,0,1,0,0,5.17
15993,1,0,0,0,75.21
15994,1,0,1,0,68.92
15995,0,0,0,0,12.62
15996,0,0,0,0,117.89
15997,0,0,0,1,51.73
15998,1,1,1,0,81.11
15999,0,0,1,0,0.0
16000,1,0,0,0,160.37
16001,1,0,0,0,50.3
16002,1,0,1,0,45.19
16003,1,0,1,0,0.0
16004,0,0,0,0,0.0
16005,0,1,1,0,93.68
16006,1,1,0,0,148.86
16007,0,0,0,0,53.06
16008,0,0,0,0,44.2
16009,1,0,1,0,83.21
16010,1,1,1,0,0.0
16011,1,0,0,0,76.78
16012,0,0,1,0,101.82
16013,0,0,0,0,39.65
16014,0,1,0,1,107.43
16015,1,0,0,0,91.85
16016,0,0,0,0,33.4
16017,0,0,0,0,166.09
16018,1,0,0,0,83.64
16019,0,0,0,0,24.16
16020,1,0,0,0,11.13
16021,0,0,0,0,42.69
16022,0,0,0,0,116.49
16023,0,0,1,0,31.15
16024,0,1,0,0,46.27
16025,0,1,1,0,138.54
16026,0,0,0,0,65.46
16027,0,0,0,0,134.1
16028,1,1,1,0,181.59
16029,0,0,0,0,195.39
16030,1,0,1,0,0.0
16031,0,0,0,0,120.33
16032,1,0,0,0,0.0
16033,0,0,0,0,0.0
16034,1,0,0,0,104.81
16035,0,1,1,0,128.34
16036,0,0,0,0,68.44
16037,1,1,1,0,58.02
16038,0,0,0,0,35.29
16039,0,0,0,0,53.85
16040,1,0,1,0,167.29
16041,0,0,1,0,77.43
16042,0,0,1,0,80.54
16043,0,1,1,0,72.04
16044,0,0,1,0,137.87
16045,0,0,1,0,0.0
16046,0,0,0,0,61.72
16047,1,0,0,0,36.92
16048,0,0,1,0,13.77
16049,0,0,0,0,69.3
16050,1,0,1,0,0.0
16051,1,1,1,0,153.65
16052,0,1,1,0,161.66
16053,1,0,0,1,0.0
16054,1,0,0,0,0.0
16055,1,0,0,0,14.21
16056,1,0,1,0,0.0
16057,1,1,1,0,82.59
16058,1,1,1,0,101.53
16059,0,0,0,0,173.53
16060,1,1,1,0,264.65
16061,0,0,0,0,8.01
16062,0,0,0,0,4.7
16063,0,0,1,0,75.95
16064,1,0,1,0,132.44
16065,1,1,1,0,162.62
16066,0,0,0,0,92.32
16067,0,0,0,0,84.61
16068,0,0,1,0,4.09
16069,0,1,1,0,95.37
16070,0,0,0,0,114.45
16071,0,0,0,1,185.58
16072,1,1,0,0,51.82
16073,1,0,0,0,67.29
16074,1,0,1,0,13.7
16075,0,0,0,0,85.8
16076,0,1,0,0,85.07
16077,1,0,1,0,170.74
16078,0,1,0,0,0.0
16079,0,0,0,0,147.32
16080,0,0,0,0,32.04
16081,0,0,0,0,140.18
16082,0,0,0,1,57.85
16083,1,0,0,0,30.15
16084,0,1,0,0,0.0
16085,0,0,0,0,125.63
16086,0,0,0,0,58.77
16087,0,0,0,0,218.93
16088,0,0,0,0,67.06
16089,0,0,0,0,122.88
16090,1,0,0,0,34.08
16091,1,0,0,0,49.16
16092,0,0,0,0,64.59
16093,0,0,1,0,92.49
16094,1,0,0,0,0.0
16095,0,0,0,0,5.49
16096,0,0,0,0,10.14
16097,0,0,0,0,0.0
16098,1,1,1,0,63.74
16099,0,0,0,0,55.56
16100,0,0,0,0,0.0
16101,1,1,0,0,5.87
16102,1,1,1,0,116.04
16103,0,1,1,0,46.29
16104,1,0,1,0,65.45
16105,0,1,0,1,70.62
16106,0,0,0,0,0.0
16107,0,0,0,0,52.68
16108,1,0,0,0,39.45
16109,0,0,0,0,23.59
16110,1,1,1,0,168.77
16111,0,0,0,0,100.62
16112,0,0,0,0,88.04
16113,0,1,0,1,0.0
16114,0,0,0,0,54.79
16115,0,0,0,0,38.88
16116,0,1,1,0,13.36
16117,0,0,0,0,23.15
16118,0,0,1,0,0.0
16119,1,1,1,0,138.36
16120,0,0,1,0,71.67
16121,1,0,1,1,115.12
16122,0,0,0,0,99.28
16123,0,0,0,0,76.66
16124,0,0,0,0,104.76
16125,1,0,0,0,0.0
16126,1,0,0,0,141.24
16127,1,1,1,1,184.49
16128,1,0,1,0,82.79
16129,0,0,0,0,106.75
16130,0,1,0,0,70.4
16131,0,1,0,0,36.85
16132,1,0,1,0,114.22
16133,0,0,0,0,62.24
16134,0,0,0,0,76.6
16135,0,1,0,0,48.09
16136,0,0,1,0,40.32
16137,1,0,1,1,80.32
16138,1,1,1,0,70.57
16139,0,0,1,0,12.08
16140,0,1,0,1,33.19
16141,0,0,1,0,86.28
16142,1,1,1,0,15.47
16143,1,1,1,0,152.02
16144,0,0,0,0,43.57
16145,0,0,0,0,73.95
16146,0,1,1,0,99.32
16147,0,0,1,0,76.83
16148,1,0,1,0,50.24
16149,0,1,0,0,0.0
16150,0,0,0,0,74.14
16151,0,0,0,0,144.37
16152,0,0,0,0,84.09
16153,0,0,0,1,66.23
16154,0,1,1,0,89.98
16155,0,0,0,0,107.8
16156,0,0,0,0,69.41
16157,0,0,0,0,101.81
16158,1,1,1,0,35.85
16159,0,0,0,0,70.63
16160,0,0,1,0,20.32
16161,0,0,0,0,0.0
16162,1,0,0,0,50.7
16163,1,0,1,0,90.65
16164,1,0,0,0,117.3
16165,0,0,0,0,202.61
16166,0,0,1,0,175.77
16167,1,0,0,0,123.95
16168,0,0,0,0,62.25
16169,0,0,0,0,88.97
16170,0,1,0,1,0.0
16171,1,0,1,0,86.15
16172,0,1,0,0,102.61
16173,0,0,0,1,161.26
16174,1,0,0,0,99.64
16175,0,0,0,0,0.0
16176,0,0,1,0,94.98
16177,0,0,0,0,111.62
16178,0,0,0,1,0.0
16179,0,1,1,0,64.25
16180,0,0,0,0,149.3
16181,0,0,0,0,117.77
16182,1,0,0,0,0.0
16183,1,0,1,0,109.74
16184,1,0,0,0,76.48
16185,0,0,0,0,1.59
16186,0,0,0,0,68.78
16187,0,0,1,0,79.94
16188,0,0,0,0,165.63
16189,0,0,0,0,63.27
16190,0,0,1,0,52.22
16191,0,0,0,0,90.63
16192,0,0,0,0,25.04
16193,0,0,0,0,59.22
16194,0,0,0,0,119.64
16195,1,1,1,0,241.8
16196,1,0,0,0,103.1
16197,0,0,0,0,39.96
16198,0,0,0,0,0.0
16199,0,0,1,0,72.16
16200,1,0,0,0,54.25
16201,0,1,1,0,154.86
16202,1,0,1,0,25.9
16203,1,0,0,0,58.27
16204,1,0,0,0,92.48
16205,0,0,1,0,29.82
16206,1,0,1,0,29.09
16207,1,1,1,0,68.28
16208,0,0,0,0,92.76
16209,1,0,0,0,0.0
16210,1,0,0,0,118.86
16211,0,0,0,1,66.31
16212,0,0,1,0,41.4
16213,0,0,1,0,63.18
16214,0,0,0,0,164.03
16215,0,0,0,0,19.45
16216,0,0,0,0,164.06
16217,0,0,0,0,135.41
16218,1,0,0,0,91.99
16219,0,1,0,0,57.78
16220,0,0,0,0,119.72
16221,0,0,1,0,52.23
16222,0,0,0,0,23.97
16223,1,0,0,0,31.78
16224,0,0,0,0,91.19
16225,0,0,1,0,66.69
16226,0,0,0,0,0.79
16227,0,1,1,0,65.99
16228,0,0,0,0,45.14
16229,0,0,0,0,0.0
16230,1,0,1,0,99.0
16231,1,0,1,0,170.61
16232,0,0,0,0,81.42
16233,0,0,1,0,48.96
16234,0,1,0,0,147.73
16235,0,0,0,0,93.02
16236,0,0,0,0,0.0
16237,0,0,0,0,39.84
16238,0,0,0,0,52.1
16239,0,0,0,1,0.0
16240,0,0,1,0,14.66
16241,1,0,1,0,26.2
16242,0,0,1,0,56.7
16243,0,0,0,1,0.0
16244,0,0,0,0,0.0
16245,1,0,1,0,215.86
16246,1,0,1,0,79.52
16247,1,0,1,0,140.26
16248,0,0,0,0,116.48
16249,0,1,0,0,22.59
16250,0,0,1,1,0.0
16251,1,0,1,0,94.67
16252,0,0,0,0,3.38
16253,0,1,1,1,183.24
16254,0,0,0,0,86.28
16255,0,0,0,0,76.57
16256,0,0,1,0,89.5
16257,1,1,1,0,127.89
16258,0,0,0,0,19.41
16259,1,1,1,0,73.24
16260,1,1,1,1,51.36
16261,1,0,1,0,28.06
16262,0,0,0,0,21.63
16263,1,0,1,0,106.42
16264,1,0,1,1,120.55
16265,0,0,0,0,106.69
16266,0,0,0,1,94.12
16267,0,0,0,0,118.73
16268,1,1,1,0,3.91
16269,1,0,0,0,0.0
16270,1,1,1,0,47.61
16271,0,0,0,0,119.74
16272,1,1,1,1,59.95
16273,0,0,0,0,74.37
16274,0,0,0,0,66.02
16275,0,0,1,1,6.24
16276,1,1,1,0,115.89
16277,0,0,0,0,106.97
16278,0,0,1,0,91.51
16279,1,0,0,0,89.08
16280,1,0,0,0,100.56
16281,0,1,1,0,85.34
16282,1,1,0,0,11.04
16283,1,1,1,0,30.95
16284,0,0,1,0,130.34
16285,0,1,0,0,111.36
16286,1,0,0,0,103.57
16287,0,1,1,0,155.43
16288,0,0,0,0,0.0
16289,0,1,0,0,138.11
16290,1,0,1,0,19.39
16291,0,0,0,0,4.94
16292,0,0,1,0,37.67
16293,0,0,0,0,3.68
16294,0,0,0,0,66.45
16295,1,0,0,0,28.82
16296,0,0,0,0,60.82
16297,0,0,1,1,28.69
16298,1,0,1,0,0.0
16299,0,0,0,0,1.67
16300,1,0,0,0,0.0
16301,0,0,0,0,51.91
16302,0,0,1,1,102.83
16303,0,1,1,0,22.9
16304,0,1,0,0,57.93
16305,0,0,1,0,76.43
16306,0,0,1,0,64.83
16307,0,0,0,0,73.82
16308,1,0,1,0,0.0
16309,1,0,0,0,54.69
16310,0,1,1,0,35.34
16311,0,0,0,1,97.2
16312,1,0,0,0,11.08
16313,0,0,0,0,54.19
16314,0,0,1,0,87.79
16315,0,1,1,0,120.37
16316,1,0,0,0,187.41
16317,1,0,1,0,71.48
16318,1,1,1,0,36.02
16319,0,0,0,0,37.62
16320,0,0,1,0,32.0
16321,1,1,1,0,0.0
16322,1,0,1,0,56.08
16323,1,0,1,0,100.52
16324,0,0,0,0,0.0
16325,0,0,0,0,108.67
16326,1,1,1,0,210.44
16327,0,0,1,0,0.0
16328,1,0,1,0,70.06
16329,1,0,1,0,77.32
16330,1,0,0,0,0.0
16331,0,0,1,0,57.2
16332,0,0,0,1,66.31
16333,0,1,1,0,0.0
16334,0,0,0,0,116.94
16335,1,0,0,0,88.88
16336,0,0,1,0,138.8
16337,1,1,1,0,2.5
16338,0,0,0,0,31.32
16339,0,0,0,1,31.65
16340,0,0,0,1,53.33
16341,0,0,1,0,0.17
16342,1,0,1,1,41.76
16343,0,0,0,1,60.42
16344,1,0,0,0,8.5
16345,0,0,0,0,0.0
16346,0,0,0,0,54.19
16347,0,0,0,0,211.2
16348,1,0,0,0,53.6
16349,1,0,1,0,89.0
16350,0,0,0,0,89.65
16351,0,1,0,0,118.71
16352,1,0,1,0,120.09
16353,0,0,0,0,21.29
16354,0,0,1,0,0.0
16355,0,1,0,0,121.05
16356,0,0,0,0,0.0
16357,1,0,0,0,76.57
16358,0,0,0,0,129.06
16359,0,1,1,0,74.9
16360,1,1,1,0,100.66
16361,1,0,0,0,100.01
16362,0,0,0,1,0.0
16363,0,1,0,0,94.27
16364,0,0,1,0,90.91
16365,0,0,1,0,15.36
16366,0,0,0,0,125.08
16367,0,0,0,0,0.0
16368,1,0,1,0,105.99
16369,0,0,0,0,0.0
16370,0,1,1,0,145.11
16371,0,1,1,1,147.87
16372,0,1,1,1,173.19
16373,0,0,0,0,20.53
16374,0,0,0,0,100.8
16375,0,0,0,0,27.24
16376,0,1,0,0,19.23
16377,0,0,0,0,36.29
16378,1,0,0,0,133.55
16379,1,0,0,0,78.35
16380,0,0,1,0,91.48
16381,1,1,1,0,0.0
16382,0,1,0,0,6.89
16383,1,0,0,1,32.7
16384,1,1,0,0,99.5
16385,0,0,0,0,84.66
16386,1,0,1,0,93.37
16387,0,0,1,0,106.98
16388,0,0,1,0,54.48
16389,0,1,1,0,80.74
16390,0,1,0,0,0.0
16391,0,0,0,0,106.09
16392,1,0,0,0,68.51
16393,1,0,1,0,85.52
16394,0,0,0,0,33.28
16395,0,0,0,0,0.0
16396,0,0,0,0,73.48
16397,0,0,0,0,25.7
16398,0,0,1,0,0.0
16399,0,0,1,0,138.67
16400,0,0,0,0,0.0
16401,0,0,1,0,207.84
16402,1,1,1,0,76.82
16403,0,1,1,0,49.81
16404,0,0,1,0,46.34
16405,0,0,0,1,8.41
16406,1,0,0,1,115.69
16407,1,0,1,0,136.27
16408,0,0,0,0,101.65
16409,1,0,0,0,62.13
16410,1,1,1,1,164.04
16411,1,0,1,0,32.44
16412,0,0,1,0,71.8
16413,0,0,0,0,25.53
16414,1,0,0,1,86.18
16415,1,0,0,0,48.43
16416,0,1,0,0,27.06
16417,1,0,1,0,166.74
16418,1,0,1,0,18.34
16419,1,0,0,0,148.59
16420,0,1,1,0,105.53
16421,0,1,1,0,111.55
16422,0,0,0,0,103.12
16423,0,1,0,0,0.0
16424,1,0,0,0,139.0
16425,1,0,0,0,112.34
16426,0,0,0,0,0.0
16427,0,0,0,0,152.43
16428,0,0,0,0,0.0
16429,0,0,0,0,146.99
16430,1,0,0,0,128.78
16431,0,0,0,0,24.78
16432,0,0,1,0,0.0
16433,1,1,1,0,168.24
16434,0,0,0,0,30.49
16435,0,0,0,0,0.0
16436,1,1,1,0,72.16
16437,0,1,1,0,73.3
16438,0,0,0,0,20.13
16439,0,0,1,0,8.07
16440,0,0,0,0,44.14
16441,1,0,1,1,46.51
16442,1,1,1,0,62.64
16443,0,0,0,0,14.96
16444,1,0,0,0,75.57
16445,0,0,0,1,0.0
16446,0,1,0,0,0.0
16447,1,1,1,0,56.61
16448,0,0,1,0,35.52
16449,1,0,1,1,113.85
16450,0,0,0,0,48.01
16451,0,0,1,0,68.42
16452,0,0,0,0,4.76
16453,0,0,1,1,70.0
16454,0,0,0,0,201.21
16455,1,1,1,0,102.11
16456,0,0,0,0,53.63
16457,1,0,0,0,161.14
16458,1,0,1,1,12.59
16459,0,0,0,1,0.0
16460,0,0,0,0,57.48
16461,1,0,0,0,63.47
16462,1,0,1,0,296.97
16463,0,0,1,0,36.96
16464,1,0,1,0,61.14
16465,1,0,0,0,60.11
16466,1,0,0,0,84.38
16467,1,1,1,0,71.61
16468,1,0,1,0,127.26
16469,0,1,0,0,56.05
16470,1,1,1,0,91.89
16471,0,0,0,0,33.54
16472,0,0,0,0,44.76
16473,0,0,0,1,60.53
16474,0,0,0,0,0.0
16475,1,0,0,0,84.66
16476,1,1,0,0,26.72
16477,0,1,0,0,83.92
16478,0,0,0,0,0.0
16479,0,1,0,0,55.3
16480,0,1,1,0,126.65
16481,1,1,1,0,44.95
16482,0,0,0,0,112.3
16483,0,0,1,0,61.19
16484,0,0,0,0,0.0
16485,0,0,1,0,61.64
16486,1,0,0,0,72.51
16487,0,1,1,0,25.69
16488,0,1,0,0,51.98
16489,0,0,0,0,62.79
16490,0,0,1,0,37.28
16491,0,0,0,0,0.0
16492,1,0,0,0,63.92
16493,1,1,1,0,87.0
16494,1,0,0,0,42.69
16495,0,0,0,0,114.69
16496,1,0,0,0,44.66
16497,0,0,1,0,0.0
16498,0,0,0,0,113.8
16499,0,0,0,0,161.92
16500,1,0,0,0,35.03
16501,0,0,0,1,110.77
16502,1,0,1,0,0.0
16503,0,0,0,0,95.04
16504,0,0,0,0,95.05
16505,0,0,1,0,40.29
16506,1,0,0,0,127.54
16507,1,1,0,0,62.53
16508,0,0,0,0,94.84
16509,1,1,1,0,87.77
16510,0,0,1,0,50.36
16511,0,0,1,0,104.16
16512,0,0,0,0,56.89
16513,0,0,1,0,94.06
16514,0,0,0,0,66.1
16515,1,1,1,0,223.12
16516,0,0,1,0,114.71
16517,0,0,0,0,90.38
16518,1,0,0,1,194.33
16519,1,1,1,0,186.62
16520,1,1,1,1,120.98
16521,1,0,1,0,46.12
16522,0,1,0,0,80.42
16523,0,0,0,0,98.16
16524,1,0,1,0,127.37
16525,0,0,1,0,62.38
16526,1,0,0,0,30.93
16527,1,0,1,0,141.9
16528,0,0,0,0,153.37
16529,0,0,0,0,93.59
16530,0,0,0,0,110.31
16531,1,1,1,0,30.78
16532,1,0,0,0,36.27
16533,0,0,1,0,45.32
16534,0,1,0,0,46.51
16535,0,0,0,0,96.62
16536,0,1,0,0,0.0
16537,0,1,0,0,4.57
16538,1,1,1,0,178.91
16539,1,0,0,0,112.05
16540,0,0,0,0,118.09
16541,1,0,0,0,53.23
16542,0,0,1,0,98.89
16543,0,0,0,0,25.4
16544,1,0,1,0,51.41
16545,0,0,1,0,49.14
16546,1,0,1,0,133.22
16547,0,0,0,1,176.9
16548,1,0,0,0,8.52
16549,0,0,0,0,67.3
16550,0,0,0,0,56.32
16551,0,0,0,0,21.2
16552,1,0,1,1,0.0
16553,0,0,0,0,74.24
16554,0,0,0,0,146.32
16555,0,0,0,0,0.0
16556,1,0,1,0,61.52
16557,0,0,0,0,105.03
16558,1,0,0,1,94.82
16559,0,0,0,0,161.43
16560,0,0,0,0,0.27
16561,1,0,0,0,31.02
16562,1,0,1,0,153.97
16563,0,0,0,0,17.92
16564,0,0,1,0,17.04
16565,0,0,0,0,47.45
16566,0,0,0,0,29.16
16567,1,0,1,0,84.03
16568,1,0,0,0,74.85
16569,0,0,0,0,56.06
16570,1,1,1,1,101.7
16571,0,0,0,0,29.15
16572,0,0,0,0,110.11
16573,0,0,0,0,51.8
16574,1,0,1,0,0.0
16575,0,1,0,0,0.0
16576,1,0,0,0,35.51
16577,0,0,0,0,63.36
16578,0,0,1,0,2.48
16579,1,1,0,0,120.06
16580,0,0,0,0,66.61
16581,1,0,0,0,190.5
16582,1,1,1,0,127.93
16583,0,0,0,0,79.96
16584,0,0,0,0,13.42
16585,1,0,0,0,0.0
16586,0,0,0,0,0.76
16587,0,0,1,0,18.23
16588,1,0,1,0,138.67
16589,1,0,0,0,61.28
16590,1,0,0,0,16.53
16591,0,0,0,0,134.51
16592,1,0,0,0,69.22
16593,0,0,0,0,68.67
16594,0,0,0,0,65.82
16595,0,1,0,0,147.58
16596,1,1,1,0,111.67
16597,1,0,0,1,129.22
16598,0,0,0,0,192.18
16599,0,0,0,0,27.01
16600,1,0,0,0,113.03
16601,0,1,0,0,79.85
16602,0,0,0,0,94.87
16603,0,0,0,0,0.0
16604,0,0,0,0,61.23
16605,0,1,1,0,88.98
16606,1,1,1,1,51.04
16607,0,0,0,0,0.0
16608,1,0,1,0,30.01
16609,1,0,1,0,163.18
16610,1,0,1,0,40.54
16611,0,0,0,0,55.48
16612,1,1,0,0,27.53
16613,0,0,1,0,48.44
16614,0,0,1,0,51.27
16615,0,0,0,0,161.19
16616,0,0,0,0,18.18
16617,0,0,0,1,35.93
16618,0,0,0,0,0.0
16619,1,1,1,0,193.53
16620,0,0,0,0,0.0
16621,0,0,1,0,3.6
16622,0,1,1,1,28.96
16623,1,0,1,1,0.0
16624,0,0,0,0,134.82
16625,0,1,1,0,87.98
16626,0,0,0,0,35.83
16627,0,0,0,0,34.72
16628,0,0,1,0,100.68
16629,1,1,1,0,112.41
16630,0,1,0,0,40.05
16631,1,0,1,0,44.84
16632,1,0,0,0,42.2
16633,0,0,0,0,40.65
16634,0,0,1,0,160.22
16635,0,1,0,0,45.83
16636,1,0,0,0,0.0
16637,1,0,1,0,0.0
16638,1,1,0,0,40.88
16639,0,0,0,0,128.39
16640,1,0,0,0,42.5
16641,0,0,0,0,66.36
16642,0,0,0,0,131.72
16643,1,0,0,1,103.97
16644,1,1,1,0,35.11
16645,0,1,1,0,24.76
16646,1,0,0,0,44.9
16647,0,0,1,0,37.02
16648,0,0,0,0,105.42
16649,0,0,1,0,68.16
16650,0,0,1,0,0.0
16651,0,0,0,0,0.0
16652,0,0,0,0,110.71
16653,1,0,1,0,10.93
16654,0,0,0,0,55.76
16655,0,0,0,0,0.0
16656,0,0,0,0,188.49
16657,0,0,0,0,0.0
16658,1,0,1,0,0.0
16659,0,1,0,0,0.0
16660,1,0,1,0,71.35
16661,1,1,1,0,210.58
16662,0,0,0,0,96.34
16663,0,0,0,0,0.0
16664,0,0,1,0,0.0
16665,1,0,1,0,84.32
16666,0,1,1,0,6.47
16667,0,0,0,0,0.0
16668,0,0,0,0,23.53
16669,0,0,0,0,166.16
16670,1,1,1,0,134.23
16671,0,0,0,0,91.73
16672,0,0,0,0,0.0
16673,1,0,0,0,7.95
16674,0,0,1,0,46.46
16675,1,0,0,0,63.39
16676,0,1,1,0,128.62
16677,0,1,0,0,0.0
16678,0,0,1,0,180.62
16679,0,0,0,0,114.26
16680,0,0,0,0,178.39
16681,0,0,0,0,100.85
16682,0,0,0,0,163.64
16683,0,0,0,0,162.61
16684,1,0,0,0,179.8
16685,1,0,1,0,108.92
16686,0,0,0,0,72.2
16687,1,0,0,1,13.97
16688,1,0,1,0,96.01
16689,0,0,0,0,20.28
16690,0,0,0,1,0.0
16691,0,0,0,0,38.64
16692,0,0,0,0,41.14
16693,1,1,0,1,64.08
16694,1,1,0,0,59.97
16695,1,0,0,0,77.78
16696,0,0,0,0,174.16
16697,0,0,1,1,47.63
16698,0,0,1,0,17.68
16699,0,0,1,0,11.6
16700,0,0,0,0,0.0
16701,0,0,1,0,118.06
16702,1,0,0,0,0.0
16703,0,0,0,1,171.81
16704,1,1,1,1,97.38
16705,1,0,1,1,41.87
16706,0,0,0,0,41.97
16707,0,0,0,0,88.42
16708,1,0,0,1,0.0
16709,0,0,0,0,52.62
16710,1,0,1,0,119.61
16711,0,0,0,0,13.04
16712,1,0,0,0,9.45
16713,0,0,1,0,87.86
16714,0,0,0,0,66.26
16715,0,0,0,0,25.68
16716,1,0,1,0,89.95
16717,0,0,0,0,39.78
16718,1,0,1,1,116.57
16719,1,0,1,0,59.64
16720,0,1,1,0,39.84
16721,0,0,0,1,105.61
16722,1,1,0,1,49.33
16723,0,1,0,0,73.19
16724,1,1,1,0,205.98
16725,1,1,1,0,41.65
16726,0,1,1,0,59.72
16727,0,0,0,0,61.29
16728,1,0,0,0,165.37
16729,1,0,0,0,34.62
16730,1,0,1,0,0.0
16731,0,0,1,0,96.85
16732,0,0,1,0,91.13
16733,0,0,1,0,102.09
16734,1,0,0,0,31.35
16735,0,0,0,1,82.21
16736,0,0,0,0,65.74
16737,0,0,1,0,0.0
16738,1,0,1,0,71.32
16739,0,0,0,0,159.91
16740,1,0,1,0,51.16
16741,0,0,0,0,36.83
16742,0,0,1,0,104.05
16743,0,0,1,0,139.57
16744,0,0,0,0,95.99
16745,0,0,0,0,0.0
16746,1,1,0,1,87.41
16747,0,1,0,0,53.56
16748,0,1,1,0,90.3
16749,0,0,1,1,3.52
16750,0,0,1,0,0.0
16751,0,0,1,0,75.95
16752,0,0,0,0,60.69
16753,0,0,0,0,26.96
16754,1,1,1,1,50.7
16755,1,0,0,0,0.0
16756,0,0,1,0,62.14
16757,0,1,1,0,136.25
16758,1,0,0,1,13.51
16759,0,0,0,1,48.57
16760,0,0,0,0,0.0
16761,1,0,0,0,64.57
16762,0,1,0,0,0.0
16763,0,0,0,0,97.03
16764,1,0,0,0,124.07
16765,0,1,0,0,22.1
16766,0,1,0,0,10.16
16767,1,1,1,0,83.46
16768,0,0,0,1,87.34
16769,0,0,0,0,85.48
16770,0,1,0,0,77.33
16771,0,0,1,0,103.66
16772,1,1,0,0,136.86
16773,0,0,0,0,0.0
16774,0,0,0,0,0.0
16775,1,1,0,0,150.34
16776,0,0,0,0,64.94
16777,1,1,1,0,19.98
16778,1,0,1,0,0.0
16779,0,0,0,1,29.16
16780,0,0,0,0,178.49
16781,0,0,1,1,36.01
16782,1,0,1,0,27.24
16783,0,0,0,0,23.52
16784,1,1,1,0,61.41
16785,0,0,0,1,45.54
16786,0,0,1,1,0.0
16787,1,1,1,0,159.98
16788,0,0,0,0,162.22
16789,0,1,0,0,28.53
16790,0,0,0,0,0.0
16791,0,1,1,0,43.25
16792,1,0,1,0,97.52
16793,1,1,1,0,108.96
16794,0,0,0,0,31.47
16795,1,0,1,0,81.69
16796,1,1,1,0,43.05
16797,1,0,0,0,16.88
16798,0,0,0,0,0.0
16799,0,0,0,0,53.45
16800,1,1,1,0,30.32
16801,0,0,1,0,92.03
16802,0,0,0,0,135.72
16803,0,0,1,0,50.87
16804,0,0,0,0,0.0
16805,0,0,0,0,102.96
16806,1,1,1,0,192.49
16807,0,0,0,0,17.38
16808,0,0,0,0,117.45
16809,1,1,1,0,83.47
16810,1,1,0,0,111.69
16811,1,0,0,0,84.16
16812,1,1,1,0,0.0
16813,1,0,1,0,19.62
16814,1,0,1,1,44.09
16815,0,0,0,1,57.62
16816,0,0,0,0,28.02
16817,1,0,0,0,30.26
16818,0,0,0,0,25.89
16819,1,0,0,0,0.0
16820,0,0,0,0,0.0
16821,1,0,1,0,75.06
16822,0,0,0,1,44.3
16823,0,0,1,0,163.04
16824,0,0,1,0,26.82
16825,1,0,1,0,0.0
16826,0,0,1,0,87.18
16827,0,0,0,0,83.46
16828,0,0,1,0,40.9
16829,1,0,0,0,83.66
16830,1,0,0,1,119.2
16831,1,0,0,0,225.6
16832,0,1,0,0,0.0
16833,1,0,1,0,124.72
16834,0,0,0,0,104.28
16835,0,0,0,0,8.57
16836,1,0,1,0,102.92
16837,0,1,0,0,0.92
16838,0,0,1,0,81.37
16839,0,0,0,0,26.88
16840,0,0,0,0,0.0
16841,1,0,1,0,114.71
16842,1,0,1,0,78.11
16843,0,0,0,0,25.25
16844,0,0,0,0,0.0
16845,1,0,0,0,4.32
16846,0,1,1,0,107.17
16847,0,0,0,0,0.0
16848,1,1,1,0,36.39
16849,0,0,1,0,77.6
16850,1,0,0,0,68.29
16851,1,0,0,0,81.91
16852,1,0,1,0,43.92
16853,0,0,0,0,0.0
16854,0,0,1,1,0.0
16855,0,0,0,0,52.81
16856,0,1,1,0,32.69
16857,1,0,1,0,23.65
16858,1,1,0,0,129.61
16859,0,0,1,0,84.59
16860,0,1,1,0,177.91
16861,0,0,0,0,83.33
16862,0,1,1,0,87.39
16863,1,0,0,0,0.0
16864,0,0,0,0,67.06
16865,1,0,1,1,84.28
16866,0,0,0,0,53.97
16867,1,1,0,0,75.47
16868,0,1,1,0,55.24
16869,0,0,1,0,0.0
16870,0,0,0,0,118.97
16871,0,0,1,0,134.55
16872,0,0,0,0,0.0
16873,1,1,1,0,0.0
16874,0,1,0,0,107.53
16875,1,0,1,0,33.36
16876,1,1,0,0,118.44
16877,0,0,0,0,45.27
16878,0,0,1,0,48.12
16879,0,0,0,1,77.82
16880,1,1,1,0,150.7
16881,0,0,0,0,0.0
16882,0,0,0,0,37.06
16883,1,0,1,0,60.97
16884,0,0,0,0,104.52
16885,0,0,1,0,109.58
16886,1,0,1,0,49.57
16887,1,0,0,0,108.36
16888,1,0,1,1,30.85
16889,0,0,0,0,137.16
16890,0,0,0,0,66.11
16891,0,0,0,0,0.0
16892,1,1,1,0,100.62
16893,1,1,1,0,159.98
16894,1,0,1,0,86.14
16895,1,0,1,0,0.0
16896,0,0,0,0,39.49
16897,1,0,0,0,177.42
16898,0,0,0,0,37.91
16899,0,0,1,0,63.68
16900,1,0,1,0,38.97
16901,1,0,1,0,81.38
16902,0,0,0,0,0.0
16903,0,1,0,0,126.15
16904,0,0,1,0,0.0
16905,0,1,0,0,77.54
16906,0,0,0,0,138.92
16907,0,1,1,0,110.77
16908,1,0,0,0,78.72
16909,1,0,0,0,143.36
16910,0,0,0,1,82.3
16911,0,0,0,0,123.3
16912,0,0,0,1,0.0
16913,1,0,0,0,112.7
16914,0,0,0,0,69.78
16915,1,1,1,0,7.69
16916,0,1,1,0,8.18
16917,0,1,0,0,75.5
16918,0,0,0,0,34.9
16919,1,0,0,0,74.4
16920,0,1,0,0,104.47
16921,0,1,1,0,157.83
16922,1,0,1,0,121.4
16923,0,0,0,1,45.76
16924,0,0,0,0,0.0
16925,1,0,0,0,178.07
16926,0,0,0,0,0.0
16927,0,1,1,0,119.99
16928,0,0,0,0,96.83
16929,0,0,0,0,3.34
16930,0,0,1,0,151.92
16931,0,0,0,0,190.13
16932,1,0,0,0,0.0
16933,0,0,1,0,4.03
16934,0,0,0,1,119.81
16935,0,0,1,0,105.08
16936,1,0,1,0,14.74
16937,0,0,1,0,50.82
16938,0,0,0,0,58.82
16939,0,0,1,0,17.83
16940,1,1,1,1,87.48
16941,1,1,1,0,98.01
16942,0,0,1,0,63.02
16943,1,0,1,0,146.19
16944,1,1,1,0,46.05
16945,0,0,0,0,117.12
16946,1,0,1,0,0.0
16947,0,0,1,0,126.56
16948,0,1,0,0,125.42
16949,1,1,1,0,96.61
16950,0,0,1,0,72.63
16951,1,0,0,0,42.17
16952,0,0,0,0,63.15
16953,0,0,0,0,136.89
16954,1,1,1,0,203.73
16955,1,0,0,0,67.29
16956,0,0,0,0,93.85
16957,0,0,0,0,32.64
16958,0,0,0,0,60.28
16959,0,1,1,0,108.96
16960,0,0,0,0,169.71
16961,0,1,1,0,29.91
16962,0,1,0,0,89.7
16963,0,0,0,0,160.8
16964,0,0,0,0,20.6
16965,1,0,1,0,135.66
16966,0,0,0,0,31.21
16967,1,0,1,0,36.28
16968,0,0,0,0,46.12
16969,0,0,0,0,113.73
16970,1,1,1,0,62.38
16971,0,0,0,0,90.91
16972,0,1,0,0,107.48
16973,0,0,0,0,0.0
16974,0,0,1,0,147.79
16975,0,0,1,0,78.88
16976,0,0,0,0,165.13
16977,1,0,0,0,9.61
16978,0,0,0,0,111.57
16979,1,0,1,0,88.77
16980,1,0,1,0,209.88
16981,0,0,0,0,18.02
16982,1,1,1,0,54.76
16983,0,0,0,0,0.0
16984,1,0,1,0,0.0
16985,1,0,1,0,116.49
16986,0,0,0,0,106.68
16987,1,0,1,0,116.73
16988,0,0,1,0,60.43
16989,1,1,0,0,76.35
16990,1,0,0,0,86.66
16991,0,0,0,0,0.0
16992,1,0,1,0,67.77
16993,1,0,0,0,9.67
16994,1,0,1,0,0.0
16995,0,0,0,0,124.89
16996,0,0,1,0,203.17
16997,1,0,0,1,81.92
16998,0,0,0,0,98.81
16999,0,0,0,0,74.55
17000,0,0,1,0,90.87
17001,1,0,0,0,24.21
17002,0,1,1,0,0.0
17003,0,0,0,0,64.42
17004,0,1,1,0,99.88
17005,1,1,1,0,218.89
17006,0,0,1,0,55.04
17007,0,0,1,0,0.0
17008,0,0,0,0,0.0
17009,0,1,1,0,104.61
17010,0,0,1,0,147.07
17011,1,0,0,0,0.0
17012,0,1,0,0,138.36
17013,0,0,1,0,79.22
17014,1,1,1,0,80.74
17015,0,0,1,0,57.07
17016,1,0,0,0,76.62
17017,0,1,1,0,143.72
17018,1,0,1,0,44.09
17019,0,0,0,0,47.4
17020,1,0,1,0,0.0
17021,0,0,0,0,73.61
17022,1,0,1,0,0.0
17023,1,0,0,0,27.28
17024,1,1,1,0,20.28
17025,1,0,1,0,156.12
17026,0,1,0,0,87.74
17027,1,0,0,1,119.57
17028,0,0,0,0,58.46
17029,1,0,1,0,119.48
17030,1,0,0,0,61.87
17031,1,0,1,0,81.19
17032,1,0,1,0,29.72
17033,0,0,0,0,106.36
17034,1,0,0,0,99.08
17035,1,0,1,0,79.18
17036,1,0,1,0,45.39
17037,0,1,1,0,150.16
17038,1,1,1,0,19.32
17039,0,0,0,0,84.86
17040,1,0,1,0,51.86
17041,0,0,1,0,74.79
17042,1,0,1,0,29.63
17043,1,0,1,0,20.24
17044,0,0,0,0,55.48
17045,0,0,0,0,106.88
17046,0,0,1,0,0.0
17047,0,0,0,0,14.04
17048,0,0,0,1,83.9
17049,0,0,0,0,178.06
17050,1,1,1,0,78.83
17051,1,1,1,0,88.34
17052,0,0,0,0,4.05
17053,0,0,0,0,30.86
17054,0,0,0,0,0.0
17055,0,0,1,0,137.88
17056,0,0,0,0,127.77
17057,1,0,1,0,99.84
17058,0,0,0,0,69.86
17059,0,0,1,0,6.04
17060,0,1,0,0,91.36
17061,0,0,1,0,125.48
17062,0,0,0,0,17.43
17063,1,0,0,1,0.0
17064,0,0,0,0,0.0
17065,1,0,0,0,0.0
17066,0,0,0,0,21.2
17067,0,0,0,0,179.86
17068,0,0,1,0,122.91
17069,0,0,0,0,63.25
17070,0,0,0,0,0.0
17071,0,0,0,0,7.71
17072,0,1,0,0,125.02
17073,0,0,0,0,130.22
17074,1,1,1,0,40.03
17075,0,0,0,0,73.27
17076,0,0,0,0,0.0
17077,0,0,0,0,101.6
17078,0,1,0,0,24.07
17079,1,0,0,0,92.83
17080,0,1,0,0,154.84
17081,1,1,1,0,168.43
17082,1,1,1,1,162.39
17083,0,0,0,0,13.13
17084,1,1,1,0,4.24
17085,1,0,0,0,63.1
17086,1,0,1,0,110.67
17087,1,1,0,0,158.91
17088,1,1,1,0,18.06
17089,1,0,1,0,25.81
17090,1,0,1,0,0.0
17091,0,0,1,0,95.84
17092,1,0,0,0,71.68
17093,0,0,0,0,91.53
17094,0,0,0,0,128.35
17095,1,0,0,0,104.93
17096,0,0,1,0,66.99
17097,1,1,1,0,75.02
17098,0,0,0,0,164.7
17099,0,0,0,0,162.42
17100,1,0,1,0,109.79
17101,0,0,0,0,29.31
17102,1,0,0,0,2.91
17103,0,0,0,0,11.63
17104,0,0,0,0,44.98
17105,1,1,1,0,0.0
17106,0,0,0,0,26.75
17107,1,0,0,0,133.01
17108,1,0,1,0,125.44
17109,1,0,0,0,119.07
17110,0,0,0,0,75.65
17111,0,0,0,0,54.79
17112,1,0,0,0,65.25
17113,0,0,1,0,22.62
17114,0,0,1,0,0.0
17115,0,0,0,0,0.0
17116,1,0,0,0,141.73
17117,0,0,0,0,93.37
17118,0,0,0,0,79.31
17119,0,0,0,0,59.83
17120,0,0,0,0,0.0
17121,0,0,0,0,17.62
17122,0,1,0,0,51.58
17123,0,0,0,0,0.0
17124,0,1,1,0,65.87
17125,0,0,0,0,52.91
17126,1,1,1,0,131.25
17127,0,0,1,0,121.73
17128,0,0,1,0,110.47
17129,1,0,1,0,66.62
17130,1,0,1,0,104.37
17131,0,0,0,0,2.3
17132,1,0,1,0,152.75
17133,1,0,1,0,7.4
17134,1,0,1,0,63.03
17135,0,1,0,0,0.0
17136,0,0,0,0,75.36
17137,0,0,0,0,92.27
17138,0,0,0,0,89.88
17139,0,0,0,0,63.68
17140,0,0,0,0,99.88
17141,1,0,0,1,36.11
17142,0,0,0,1,0.0
17143,0,0,0,0,60.67
17144,0,0,0,0,39.68
17145,0,1,1,0,74.28
17146,1,0,1,0,15.46
17147,0,0,1,0,162.25
17148,0,0,0,0,35.75
17149,1,0,1,0,36.29
17150,0,0,0,0,159.17
17151,0,0,0,0,0.0
17152,0,0,0,0,123.18
17153,0,1,1,0,29.32
17154,0,0,0,0,0.0
17155,1,0,1,0,98.56
17156,1,0,0,0,11.55
17157,1,0,0,0,117.15
17158,0,0,1,0,95.9
17159,0,0,0,0,53.15
17160,1,0,1,0,49.67
17161,1,0,0,0,143.64
17162,0,0,1,0,78.81
17163,0,0,0,0,61.54
17164,1,0,0,0,34.64
17165,1,1,1,0,125.46
17166,1,1,1,0,49.57
17167,0,1,1,0,101.08
17168,0,0,1,1,0.0
17169,0,0,0,0,85.01
17170,0,0,0,0,13.31
17171,1,0,0,0,101.21
17172,1,0,0,0,34.82
17173,1,0,1,0,261.45
17174,1,0,0,0,64.57
17175,1,1,1,0,10.73
17176,0,1,1,0,148.65
17177,0,0,1,0,0.0
17178,0,0,0,0,55.22
17179,1,0,1,0,9.37
17180,0,0,0,0,69.75
17181,1,0,0,0,70.96
17182,0,0,0,0,67.44
17183,0,0,1,0,34.98
17184,0,0,0,0,44.73
17185,0,0,0,0,0.0
17186,0,0,1,0,0.0
17187,0,0,1,0,88.37
17188,1,0,0,0,71.1
17189,1,0,1,0,10.97
17190,0,0,0,0,57.0
17191,0,0,0,0,19.03
17192,0,0,1,0,135.37
17193,1,1,1,0,9.44
17194,1,0,1,0,110.35
17195,0,0,1,0,71.68
17196,1,1,0,0,125.89
17197,0,1,1,0,14.56
17198,1,0,0,0,117.03
17199,0,0,0,0,26.79
17200,1,0,1,0,166.27
17201,1,0,1,0,99.45
17202,0,0,0,0,101.86
17203,0,0,1,0,30.87
17204,0,0,0,0,132.14
17205,1,0,1,0,268.96
17206,0,0,0,1,131.89
17207,1,0,1,0,181.32
17208,1,1,0,0,193.17
17209,0,1,1,0,142.09
17210,0,0,0,0,16.38
17211,0,0,1,0,72.93
17212,1,0,1,0,0.0
17213,1,0,1,0,88.63
17214,1,0,1,0,130.48
17215,1,1,0,1,95.09
17216,0,0,0,0,11.6
17217,1,0,0,0,159.63
17218,1,0,1,0,99.99
17219,0,0,0,0,0.0
17220,0,0,0,0,105.87
17221,0,0,0,0,91.73
17222,1,0,0,1,0.3
17223,1,0,1,0,112.07
17224,0,1,0,0,29.6
17225,1,0,1,1,41.21
17226,0,0,0,0,89.84
17227,0,0,0,0,0.0
17228,1,0,0,0,63.07
17229,0,0,0,1,61.37
17230,1,0,0,0,0.0
17231,0,0,0,0,0.0
17232,1,0,0,0,137.87
17233,0,0,0,0,37.17
17234,1,0,1,0,0.0
17235,0,0,1,0,125.98
17236,1,0,1,0,148.28
17237,0,1,0,0,59.57
17238,1,0,0,0,83.57
17239,1,0,1,0,14.3
17240,0,0,0,0,124.73
17241,0,0,0,1,78.16
17242,1,0,1,0,82.56
17243,0,0,1,0,43.9
17244,0,0,0,0,128.83
17245,0,0,0,0,1.62
17246,0,0,0,0,16.55
17247,0,0,1,0,24.59
17248,1,0,0,0,23.75
17249,0,0,0,1,42.56
17250,0,1,0,1,38.0
17251,0,0,0,0,79.65
17252,0,0,0,0,32.4
17253,0,0,0,0,88.71
17254,0,0,0,0,74.37
17255,0,0,0,0,59.45
17256,0,0,1,0,49.17
17257,1,0,1,0,3.9
17258,1,0,1,0,82.0
17259,0,0,0,0,0.0
17260,0,0,0,0,220.56
17261,1,0,1,0,57.11
17262,1,0,0,0,7.34
17263,0,0,0,0,81.07
17264,1,0,0,0,110.79
17265,1,0,0,1,139.65
17266,0,1,0,0,14.3
17267,0,0,0,0,138.33
17268,1,1,1,0,93.41
17269,0,0,1,0,116.23
17270,0,0,0,0,116.65
17271,0,0,0,1,14.64
17272,0,1,0,0,199.34
17273,0,0,0,0,8.05
17274,1,1,1,0,77.83
17275,1,0,1,0,111.06
17276,0,0,0,0,114.7
17277,1,0,0,0,67.33
17278,1,0,1,0,0.0
17279,0,1,1,0,60.45
17280,0,0,0,0,73.5
17281,1,0,1,0,4.68
17282,1,0,0,0,6.5
17283,1,0,0,0,0.0
17284,0,0,1,0,48.39
17285,0,0,0,0,38.19
17286,1,1,1,0,0.0
17287,0,0,1,0,141.88
17288,0,0,0,0,0.0
17289,0,1,1,0,62.11
17290,0,0,0,0,0.0
17291,0,0,0,0,81.58
17292,1,1,0,0,0.0
17293,0,0,1,0,42.25
17294,0,0,0,0,18.79
17295,0,0,0,0,145.57
17296,0,0,0,1,0.0
17297,1,0,0,0,7.83
17298,0,0,0,0,38.27
17299,0,0,0,0,60.71
17300,0,0,0,0,85.08
17301,0,0,0,0,133.98
17302,0,1,0,0,115.37
17303,0,0,1,0,21.77
17304,0,0,0,0,96.58
17305,0,0,0,1,5.86
17306,0,0,0,0,72.34
17307,1,0,1,0,98.32
17308,0,0,0,0,21.84
17309,0,0,1,0,82.78
17310,0,0,1,0,23.74
17311,0,1,0,0,12.6
17312,0,0,0,0,56.09
17313,0,1,0,0,33.07
17314,1,1,1,0,68.88
17315,1,0,0,0,18.72
17316,0,0,1,0,0.0
17317,0,0,0,0,35.1
17318,0,0,1,0,106.15
17319,0,0,1,0,97.9
17320,0,0,0,0,26.29
17321,0,0,1,0,54.37
17322,1,0,0,0,0.0
17323,1,0,0,1,44.44
17324,0,0,0,0,67.66
17325,1,0,1,0,20.54
17326,0,0,1,0,55.11
17327,1,0,1,0,0.0
17328,0,0,0,0,81.61
17329,0,0,1,1,110.58
17330,0,1,0,0,148.51
17331,1,1,1,0,252.35
17332,0,0,0,0,34.2
17333,0,1,1,0,0.0
17334,0,0,0,1,73.14
17335,0,0,0,0,78.69
17336,0,1,0,0,81.69
17337,1,0,1,0,124.41
17338,0,0,0,0,0.0
17339,1,0,1,0,7.69
17340,1,0,1,0,153.77
17341,0,0,1,0,135.95
17342,0,0,0,0,0.0
17343,1,0,0,0,133.06
17344,1,1,0,0,93.69
17345,0,0,1,0,100.59
17346,0,0,0,0,1.8
17347,0,0,1,0,94.33
17348,0,0,0,0,113.46
17349,1,0,0,0,6.77
17350,1,0,1,0,148.9
17351,0,0,0,0,49.31
17352,0,0,0,0,0.0
17353,0,1,0,0,148.93
17354,1,0,0,0,102.71
17355,0,0,0,0,110.46
17356,1,1,1,0,153.55
17357,0,0,0,0,46.93
17358,0,0,0,0,1.17
17359,1,0,1,0,141.02
17360,1,0,1,0,47.92
17361,1,0,1,0,133.25
17362,0,0,0,0,121.42
17363,1,0,0,1,30.82
17364,1,0,0,0,106.36
17365,1,1,0,0,243.12
17366,0,1,0,0,186.76
17367,1,0,1,1,92.93
17368,0,0,0,0,52.4
17369,0,0,0,0,24.01
17370,0,0,0,1,122.93
17371,0,0,1,0,0.0
17372,0,0,1,0,174.54
17373,1,0,1,1,157.54
17374,0,0,0,0,63.48
17375,1,1,0,0,61.54
17376,0,0,0,1,19.59
17377,0,0,0,0,79.45
17378,0,1,0,0,52.11
17379,1,0,0,0,16.83
17380,0,0,0,0,92.84
17381,0,0,1,0,0.0
17382,0,0,1,0,63.07
17383,0,0,0,0,61.99
17384,1,1,0,0,5.55
17385,1,1,1,0,91.13
17386,1,0,1,0,176.53
17387,0,0,1,0,28.0
17388,1,0,0,0,113.7
17389,0,0,1,0,0.0
17390,0,0,0,0,65.69
17391,0,0,0,0,3.98
17392,1,1,1,0,37.65
17393,0,0,0,0,112.28
17394,0,0,0,0,110.37
17395,0,0,0,0,117.26
17396,0,0,1,0,0.0
17397,0,0,1,0,0.0
17398,0,0,1,1,85.61
17399,0,1,1,0,83.1
17400,0,0,0,0,113.21
17401,1,1,1,0,172.77
17402,0,0,0,0,92.79
17403,1,0,1,0,203.85
17404,1,0,1,0,58.38
17405,1,0,1,0,133.37
17406,0,0,0,0,117.38
17407,1,0,1,0,18.38
17408,1,0,1,0,117.31
17409,0,0,1,0,49.08
17410,1,1,1,0,47.82
17411,1,0,1,0,13.43
17412,1,1,1,0,138.03
17413,0,0,0,0,0.0
17414,0,1,1,0,24.66
17415,1,0,1,0,3.93
17416,0,0,0,0,45.29
17417,1,0,1,0,18.45
17418,0,0,1,1,220.38
17419,0,1,0,0,26.67
17420,0,1,1,0,7.33
17421,0,0,0,0,86.38
17422,1,0,0,0,149.34
17423,0,1,0,1,129.16
17424,1,1,1,0,77.84
17425,1,0,0,0,124.14
17426,0,0,1,0,13.6
17427,1,0,0,0,0.0
17428,0,0,0,1,69.51
17429,1,1,1,1,60.29
17430,0,0,0,0,59.99
17431,0,0,0,0,7.18
17432,0,0,0,0,96.49
17433,0,1,0,0,0.0
17434,1,0,1,0,134.52
17435,1,1,1,0,0.0
17436,0,0,0,0,42.42
17437,0,0,0,0,24.55
17438,1,1,0,0,103.34
17439,1,0,0,0,0.0
17440,0,0,0,0,41.94
17441,0,0,0,0,65.03
17442,1,0,1,0,207.41
17443,1,0,1,0,0.0
17444,0,0,0,0,69.94
17445,0,1,1,0,12.03
17446,1,0,0,1,3.48
17447,1,0,0,0,77.84
17448,1,1,1,0,108.43
17449,1,1,1,1,121.67
17450,1,0,0,0,39.45
17451,1,1,1,0,0.0
17452,1,0,1,0,116.47
17453,1,0,0,0,64.64
17454,1,1,1,0,58.14
17455,0,1,1,0,26.31
17456,1,0,0,0,88.99
17457,0,0,0,0,134.73
17458,0,0,0,0,81.61
17459,0,0,0,0,0.0
17460,0,0,1,0,125.06
17461,0,1,1,0,8.3
17462,1,1,1,0,239.81
17463,0,0,0,0,101.51
17464,1,1,0,0,0.0
17465,0,0,0,0,92.81
17466,1,0,1,0,68.36
17467,0,1,0,0,115.66
17468,0,0,0,0,93.58
17469,0,0,1,0,123.98
17470,1,1,1,1,112.48
17471,0,0,0,0,71.1
17472,0,0,0,0,74.33
17473,0,0,1,0,76.41
17474,1,0,0,0,23.44
17475,0,1,1,0,87.1
17476,0,0,0,0,46.34
17477,1,0,1,0,104.07
17478,0,0,1,0,0.0
17479,0,1,0,0,0.0
17480,1,0,0,0,51.19
17481,0,0,0,0,0.0
17482,0,0,0,0,24.36
17483,0,0,0,0,3.9
17484,1,0,0,0,0.0
17485,1,0,0,0,102.84
17486,0,0,1,0,0.0
17487,1,0,0,0,0.0
17488,0,0,0,0,112.82
17489,1,1,1,0,63.77
17490,0,0,1,0,66.75
17491,0,0,0,0,44.3
17492,1,0,1,0,59.12
17493,1,0,1,0,150.44
17494,0,0,0,0,20.18
17495,0,0,1,0,0.0
17496,0,0,1,1,11.12
17497,1,1,0,1,0.0
17498,1,0,1,0,74.2
17499,0,0,0,0,130.84
17500,0,0,0,0,112.96
17501,0,0,0,0,80.61
17502,0,0,0,0,0.0
17503,0,0,0,0,37.81
17504,1,0,1,0,15.97
17505,1,0,1,0,0.0
17506,0,0,0,0,115.88
17507,0,1,0,0,104.71
17508,0,0,1,0,136.59
17509,1,0,1,0,24.83
17510,0,0,0,0,73.63
17511,1,0,0,0,98.66
17512,0,0,0,0,183.75
17513,0,0,0,0,23.83
17514,0,0,1,0,72.91
17515,1,1,0,0,0.0
17516,0,1,1,0,125.59
17517,0,0,1,0,54.55
17518,0,0,0,0,114.63
17519,1,0,0,0,19.54
17520,1,0,1,0,58.84
17521,0,0,0,0,0.0
17522,0,0,1,0,103.33
17523,0,0,0,0,77.19
17524,1,0,1,0,87.12
17525,0,1,0,0,102.63
17526,1,0,1,0,139.24
17527,0,1,1,0,114.3
17528,0,0,0,0,81.37
17529,0,1,0,0,47.52
17530,0,0,0,0,68.84
17531,1,1,0,0,106.91
17532,1,0,0,0,11.25
17533,1,1,1,0,100.27
17534,0,0,0,0,61.9
17535,0,0,0,0,0.0
17536,0,1,0,0,32.84
17537,0,0,0,0,19.95
17538,1,0,0,1,92.55
17539,0,0,1,0,61.32
17540,0,0,0,1,0.0
17541,0,0,1,0,118.87
17542,0,0,0,0,19.6
17543,0,0,0,0,51.52
17544,0,0,0,1,0.0
17545,0,0,1,0,49.65
17546,0,0,0,0,34.53
17547,1,1,1,0,115.28
17548,0,0,0,0,0.0
17549,1,1,1,0,24.12
17550,1,0,0,0,87.07
17551,1,1,1,0,63.31
17552,0,0,0,0,73.68
17553,1,0,1,0,179.67
17554,1,0,1,0,121.45
17555,0,1,0,0,92.76
17556,1,0,1,0,121.86
17557,1,0,1,1,62.93
17558,0,1,1,0,55.81
17559,1,0,0,0,81.56
17560,1,0,1,0,91.36
17561,1,0,0,0,171.68
17562,0,1,0,0,95.87
17563,0,0,1,0,79.03
17564,1,0,1,0,114.1
17565,0,0,1,1,70.54
17566,0,0,0,0,0.0
17567,0,1,0,0,21.42
17568,0,0,1,0,114.42
17569,0,0,0,0,62.86
17570,0,0,1,0,120.87
17571,1,0,1,0,0.0
17572,0,0,1,0,71.11
17573,0,1,0,0,98.69
17574,1,1,0,1,81.0
17575,1,0,1,0,105.3
17576,0,1,0,0,66.05
17577,1,0,0,0,138.97
17578,0,0,0,0,45.39
17579,1,1,1,0,20.41
17580,1,0,0,0,150.98
17581,0,0,1,0,165.03
17582,1,1,1,0,63.96
17583,0,0,0,0,183.84
17584,0,0,0,0,0.0
17585,0,0,0,0,43.05
17586,0,0,0,0,38.61
17587,0,0,0,0,0.0
17588,0,0,0,0,30.48
17589,0,0,0,0,0.19
17590,0,0,1,0,4.82
17591,1,0,0,0,27.38
17592,1,0,1,0,179.82
17593,0,0,0,0,134.43
17594,0,0,0,0,67.69
17595,0,0,0,0,0.0
17596,0,0,0,1,61.8
17597,1,1,1,0,35.15
17598,0,0,1,0,139.79
17599,0,0,0,0,117.93
17600,0,0,1,1,129.28
17601,0,0,1,0,41.7
17602,0,0,0,0,189.3
17603,0,0,0,0,25.74
17604,0,0,1,1,143.06
17605,0,0,0,0,99.25
17606,0,0,0,0,20.56
17607,0,0,1,0,84.84
17608,0,1,0,0,33.56
17609,0,1,0,0,62.85
17610,0,0,1,0,85.31
17611,0,0,1,0,39.59
17612,0,0,0,0,0.0
17613,0,0,0,0,179.96
17614,1,1,1,0,184.55
17615,1,0,1,0,133.23
17616,1,1,1,0,205.28
17617,1,1,0,0,88.81
17618,0,0,0,0,0.0
17619,1,0,1,1,183.73
17620,1,0,1,0,60.34
17621,0,0,0,0,0.0
17622,0,0,0,0,75.02
17623,1,1,1,0,0.0
17624,0,0,0,1,81.53
17625,0,1,0,0,88.53
17626,1,0,1,0,0.0
17627,0,0,0,0,92.83
17628,0,0,0,0,39.16
17629,1,0,0,0,0.0
17630,0,0,0,0,105.97
17631,0,0,0,0,89.91
17632,0,0,1,0,65.59
17633,0,1,0,1,16.52
17634,1,0,0,0,28.52
17635,0,0,0,0,81.5
17636,1,0,0,0,99.34
17637,1,1,1,0,47.11
17638,0,0,0,0,154.97
17639,0,0,0,0,84.62
17640,0,0,0,0,78.12
17641,0,0,0,0,8.31
17642,1,0,1,0,0.0
17643,1,0,0,0,31.32
17644,0,0,1,0,0.0
17645,0,0,0,1,23.93
17646,0,0,0,0,0.0
17647,0,0,0,0,200.3
17648,0,1,0,0,39.12
17649,0,0,1,0,4.13
17650,0,0,0,0,109.24
17651,0,0,0,0,136.36
17652,1,0,0,0,42.04
17653,0,0,0,0,60.59
17654,0,0,1,0,34.56
17655,1,0,1,0,136.76
17656,0,0,0,0,62.47
17657,1,1,1,1,9.53
17658,0,1,0,0,10.7
17659,0,0,0,0,0.0
17660,0,1,0,0,158.34
17661,0,0,0,0,159.67
17662,0,0,0,1,65.54
17663,0,1,1,0,0.0
17664,1,1,0,0,0.0
17665,0,0,0,0,0.0
17666,0,0,1,0,125.53
17667,1,1,1,0,138.45
17668,1,1,1,0,107.36
17669,0,1,0,0,140.91
17670,0,1,0,0,51.48
17671,0,0,0,0,70.01
17672,1,1,1,1,133.67
17673,1,0,0,0,259.75
17674,1,1,0,0,142.46
17675,1,0,1,1,121.21
17676,0,0,0,0,0.0
17677,0,0,0,0,17.7
17678,0,0,1,0,90.37
17679,0,0,0,1,61.67
17680,1,0,0,0,154.68
17681,0,0,0,1,61.06
17682,0,0,1,0,117.22
17683,0,0,0,0,49.15
17684,0,0,0,1,0.0
17685,1,0,0,0,29.49
17686,1,1,0,0,165.69
17687,1,1,1,0,64.61
17688,0,0,0,0,0.0
17689,0,0,0,0,73.46
17690,1,1,0,0,43.32
17691,1,0,0,1,44.57
17692,0,1,1,1,8.17
17693,1,0,0,0,94.59
17694,0,0,1,0,71.61
17695,0,1,0,0,87.71
17696,0,0,0,0,24.91
17697,0,0,0,1,95.94
17698,1,0,0,0,17.69
17699,0,0,0,0,169.4
17700,0,0,1,0,43.29
17701,1,0,0,0,128.05
17702,0,0,0,0,54.38
17703,0,0,0,0,113.85
17704,0,1,0,0,90.13
17705,0,0,0,0,7.85
17706,0,0,1,0,0.0
17707,0,0,0,0,0.0
17708,1,0,1,0,52.92
17709,1,1,1,1,57.04
17710,0,0,0,0,81.02
17711,0,0,0,0,100.7
17712,0,0,0,1,52.3
17713,1,0,0,0,0.0
17714,1,0,1,0,110.1
17715,0,0,0,1,150.46
17716,0,1,1,0,72.58
17717,0,0,1,0,195.32
17718,0,0,0,0,0.0
17719,1,0,1,1,141.85
17720,1,0,0,0,10.27
17721,1,1,1,0,180.59
17722,1,0,0,0,42.26
17723,0,0,1,0,46.06
17724,0,0,0,0,85.43
17725,0,0,0,0,31.08
17726,0,0,0,0,116.81
17727,0,0,0,0,216.35
17728,1,0,0,0,25.99
17729,1,0,0,0,72.87
17730,0,0,0,0,107.9
17731,1,0,0,0,30.48
17732,0,0,0,0,32.52
17733,1,1,1,0,30.65
17734,1,1,0,0,114.9
17735,0,0,1,0,63.82
17736,0,0,0,0,28.1
17737,0,0,0,0,62.77
17738,0,0,0,0,119.01
17739,0,0,0,1,65.98
17740,0,0,0,0,22.83
17741,0,1,0,1,81.58
17742,1,0,1,0,125.96
17743,0,0,0,0,41.3
17744,0,0,0,0,142.4
17745,1,1,1,0,84.81
17746,0,1,1,0,17.77
17747,1,0,1,0,40.79
17748,0,0,0,0,36.4
17749,1,0,1,0,0.0
17750,0,0,0,0,64.9
17751,1,1,1,0,124.9
17752,0,1,1,0,115.98
17753,0,0,0,0,58.17
17754,1,0,1,0,94.16
17755,0,0,1,1,44.17
17756,0,1,0,0,45.96
17757,0,0,0,0,68.86
17758,0,0,0,0,83.4
17759,1,0,1,0,107.32
17760,0,0,0,0,61.15
17761,0,1,0,0,63.58
17762,0,1,1,0,85.98
17763,0,0,0,1,201.2
17764,1,1,0,0,51.99
17765,1,0,0,0,14.02
17766,1,1,1,0,13.09
17767,1,1,1,0,134.34
17768,0,0,0,0,123.57
17769,1,0,1,1,0.0
17770,0,0,0,1,26.13
17771,0,0,1,0,0.0
17772,0,0,0,0,37.32
17773,0,0,1,0,0.0
17774,1,1,0,0,85.66
17775,0,0,0,0,70.38
17776,0,0,0,0,131.89
17777,1,1,1,0,105.19
17778,0,0,0,0,0.0
17779,0,1,1,1,90.09
17780,1,0,0,0,111.9
17781,0,1,0,0,0.0
17782,1,0,1,0,23.09
17783,0,1,1,0,61.07
17784,1,0,0,0,83.38
17785,1,1,1,0,43.93
17786,0,0,1,0,0.0
17787,1,0,0,0,19.7
17788,0,0,1,1,168.22
17789,1,1,1,0,98.25
17790,0,0,0,0,145.27
17791,0,1,1,0,86.97
17792,0,0,0,0,68.75
17793,1,0,1,0,93.11
17794,1,0,0,0,0.0
17795,1,1,0,0,24.27
17796,0,1,0,0,84.09
17797,0,0,1,0,56.34
17798,0,0,0,0,50.99
17799,1,0,1,1,76.6
17800,1,1,0,0,28.66
17801,0,0,0,0,30.82
17802,1,1,1,0,106.54
17803,0,0,1,0,123.32
17804,1,0,1,0,130.25
17805,1,0,0,0,38.7
17806,0,0,1,0,12.03
17807,0,0,1,0,111.07
17808,1,0,1,0,48.08
17809,1,1,1,0,131.42
17810,0,0,1,0,49.03
17811,1,0,1,0,69.77
17812,0,0,0,0,21.98
17813,1,0,1,0,138.89
17814,1,0,0,0,125.43
17815,0,0,1,0,148.39
17816,0,0,0,1,29.67
17817,0,0,0,0,10.09
17818,0,0,0,0,148.38
17819,1,1,1,0,107.34
17820,0,0,0,0,44.81
17821,0,0,0,0,84.95
17822,0,0,0,0,149.6
17823,0,0,0,0,48.61
17824,0,0,1,0,116.11
17825,0,0,0,0,0.0
17826,1,0,0,0,139.81
17827,0,1,0,0,52.16
17828,0,1,0,0,43.19
17829,1,0,1,0,111.12
17830,0,0,0,0,0.0
17831,0,0,1,1,41.69
17832,1,0,0,0,74.59
17833,1,0,1,0,119.62
17834,1,0,1,0,65.98
17835,0,0,1,0,110.96
17836,0,0,1,0,125.92
17837,0,0,0,0,0.0
17838,1,0,1,0,54.7
17839,0,0,0,0,64.3
17840,1,0,0,1,0.0
17841,0,0,1,0,16.26
17842,0,1,0,0,55.18
17843,1,0,0,1,182.18
17844,1,0,0,0,38.83
17845,0,0,0,0,62.76
17846,1,0,1,0,84.93
17847,0,0,0,0,21.57
17848,0,0,0,0,123.06
17849,0,0,1,0,144.84
17850,1,0,0,0,47.62
17851,1,0,0,0,0.0
17852,1,0,1,0,22.77
17853,0,0,0,0,24.4
17854,1,1,1,0,178.25
17855,0,0,0,0,57.16
17856,0,0,0,1,90.64
17857,0,0,0,0,0.0
17858,1,0,1,0,98.47
17859,0,0,0,0,118.91
17860,0,0,0,1,58.92
17861,0,0,0,0,39.99
17862,1,0,0,0,63.44
17863,0,0,1,1,19.63
17864,0,1,1,0,49.37
17865,0,1,1,0,117.73
17866,1,0,0,0,150.28
17867,0,0,0,0,73.55
17868,1,0,1,0,28.38
17869,0,0,1,0,94.29
17870,1,0,0,0,110.31
17871,1,1,1,0,182.6
17872,0,0,0,0,105.01
17873,0,0,1,0,160.65
17874,1,0,1,0,12.45
17875,1,0,0,0,0.0
17876,0,0,0,0,82.58
17877,0,0,0,0,105.95
17878,0,1,1,0,189.87
17879,1,1,1,0,229.48
17880,1,0,0,0,95.36
17881,0,0,0,1,112.04
17882,0,1,1,0,190.68
17883,0,1,0,1,0.0
17884,1,0,0,0,122.83
17885,1,0,1,0,19.04
17886,1,0,1,0,154.22
17887,0,0,1,0,50.07
17888,0,0,0,0,26.86
17889,0,1,1,0,81.84
17890,0,1,1,1,40.65
17891,0,1,0,0,16.32
17892,1,0,1,1,170.06
17893,1,1,1,0,133.71
17894,0,0,0,0,137.34
17895,1,0,1,0,60.21
17896,0,0,1,0,114.27
17897,0,0,0,1,116.4
17898,0,0,1,0,113.96
17899,0,0,0,0,19.68
17900,0,0,0,0,80.35
17901,0,0,1,0,155.06
17902,1,0,0,0,45.96
17903,0,0,0,0,62.77
17904,0,0,0,0,0.0
17905,0,0,1,0,69.78
17906,0,1,1,1,120.47
17907,1,0,1,0,13.07
17908,0,0,0,0,7.52
17909,1,0,1,0,13.51
17910,1,0,1,0,91.73
17911,1,0,1,1,102.57
17912,0,0,0,1,80.44
17913,1,1,0,1,87.77
17914,1,0,0,0,183.48
17915,0,1,1,0,27.71
17916,0,0,1,0,29.46
17917,1,0,1,1,131.34
17918,0,0,1,0,101.88
17919,0,0,0,0,80.66
17920,1,1,1,0,43.82
17921,0,0,1,0,30.28
17922,1,0,0,0,96.09
17923,1,1,1,0,25.93
17924,1,1,1,0,0.0
17925,1,1,1,0,68.2
17926,0,1,0,0,0.0
17927,1,0,0,0,15.18
17928,1,0,0,0,14.4
17929,0,0,0,0,14.11
17930,0,0,0,0,82.0
17931,1,0,1,0,104.15
17932,0,0,1,0,189.85
17933,0,1,1,0,90.23
17934,1,0,1,0,61.22
17935,1,1,0,0,76.82
17936,0,0,0,0,137.77
17937,1,1,1,0,0.0
17938,1,0,1,0,63.6
17939,0,0,0,0,38.58
17940,0,0,1,0,0.0
17941,0,0,0,0,41.47
17942,0,0,1,0,0.0
17943,1,0,1,0,59.02
17944,0,0,1,0,36.28
17945,1,0,1,0,51.32
17946,0,0,0,0,113.45
17947,1,0,1,0,100.49
17948,0,1,0,0,0.0
17949,1,0,0,1,131.83
17950,1,0,0,1,20.17
17951,1,1,1,0,93.09
17952,0,0,0,0,60.8
17953,1,0,1,0,134.96
17954,1,0,0,0,22.75
17955,1,0,0,0,105.28
17956,0,0,1,0,89.47
17957,0,1,0,0,26.77
17958,0,1,0,0,77.12
17959,1,0,1,0,34.67
17960,1,0,1,0,76.85
17961,0,1,1,0,23.44
17962,0,0,0,0,0.0
17963,1,0,1,0,107.53
17964,1,0,1,0,25.72
17965,0,0,1,0,39.84
17966,1,1,0,0,163.13
17967,1,0,1,0,118.83
17968,1,0,1,0,122.26
17969,0,0,0,0,48.28
17970,1,0,1,0,51.51
17971,1,0,1,0,0.0
17972,1,0,1,0,67.47
17973,1,1,1,0,192.51
17974,0,0,0,0,60.43
17975,1,0,1,0,113.35
17976,0,0,0,1,43.65
17977,0,1,0,0,134.55
17978,1,0,1,0,90.34
17979,0,0,1,0,91.7
17980,1,0,0,0,105.96
17981,1,0,1,0,81.24
17982,1,1,1,0,38.64
17983,1,0,0,0,104.93
17984,0,1,1,0,0.0
17985,0,0,0,0,46.74
17986,0,0,0,0,149.99
17987,0,0,0,0,162.95
17988,1,0,0,0,16.19
17989,1,0,0,0,147.29
17990,1,0,0,0,0.0
17991,0,1,0,0,44.4
17992,1,0,1,0,205.43
17993,1,0,1,0,162.28
17994,1,1,0,0,69.79
17995,0,0,0,0,0.0
17996,1,1,1,0,98.56
17997,1,0,0,0,13.46
17998,0,0,0,0,89.81
17999,0,0,1,0,122.55
18000,0,0,1,0,0.86
18001,1,0,0,0,0.0
18002,1,0,1,0,118.64
18003,0,0,0,0,61.5
18004,0,0,0,0,11.48
18005,0,1,1,0,26.72
18006,0,0,0,0,134.02
18007,1,1,1,0,90.9
18008,0,0,0,0,0.0
18009,0,0,0,1,127.73
18010,0,0,0,0,123.41
18011,1,1,1,0,223.8
18012,0,0,1,0,27.83
18013,0,0,0,0,35.75
18014,0,0,0,0,68.41
18015,0,0,0,1,57.74
18016,0,0,1,0,0.0
18017,0,0,1,0,162.26
18018,1,0,1,0,94.91
18019,0,1,1,1,85.0
18020,0,1,0,0,0.0
18021,0,0,0,0,3.01
18022,0,0,1,0,69.56
18023,1,0,0,0,90.3
18024,1,1,0,0,136.71
18025,0,0,0,1,0.0
18026,1,0,1,0,55.57
18027,0,0,1,0,64.99
18028,1,0,0,0,28.94
18029,0,0,1,0,48.21
18030,1,0,1,1,91.23
18031,0,0,0,0,94.59
18032,0,0,0,0,0.0
18033,1,1,1,0,240.3
18034,1,0,1,0,0.0
18035,1,0,1,0,51.9
18036,1,0,1,0,108.03
18037,1,1,0,0,184.59
18038,0,0,0,0,76.48
18039,1,1,1,0,52.34
18040,1,0,1,1,0.0
18041,0,0,1,0,66.22
18042,1,0,1,0,138.09
18043,1,1,0,0,158.43
18044,0,0,1,0,0.0
18045,1,1,1,1,156.35
18046,0,0,0,0,49.03
18047,1,0,1,0,60.79
18048,0,1,0,0,79.29
18049,0,0,0,0,34.21
18050,0,0,0,0,0.0
18051,0,0,0,0,0.0
18052,1,0,1,0,103.0
18053,0,0,1,0,0.0
18054,1,0,0,0,176.08
18055,1,0,1,0,38.36
18056,0,0,0,0,31.15
18057,0,0,0,0,88.97
18058,0,0,1,0,0.0
18059,0,0,0,0,68.25
18060,0,0,0,0,28.32
18061,1,0,1,0,0.0
18062,0,0,0,0,175.53
18063,1,0,0,1,0.0
18064,0,0,1,0,258.5
18065,0,0,0,0,158.2
18066,1,1,1,1,0.0
18067,1,0,1,0,70.01
18068,1,0,1,1,54.84
18069,0,0,1,0,91.2
18070,0,0,1,0,55.39
18071,0,0,1,0,5.39
18072,0,0,0,0,0.67
18073,1,1,0,0,54.94
18074,0,0,0,0,40.48
18075,1,0,0,1,187.27
18076,0,1,0,0,16.94
18077,1,0,0,0,72.33
18078,1,0,1,0,222.57
18079,1,0,0,0,90.58
18080,0,0,1,1,172.45
18081,0,0,1,1,18.32
18082,0,0,0,0,42.78
18083,1,0,0,0,58.94
18084,1,0,0,0,32.14
18085,0,1,0,0,0.0
18086,0,0,0,0,38.55
18087,0,1,1,1,182.02
18088,0,0,1,0,60.97
18089,0,0,1,0,110.79
18090,1,0,0,0,84.14
18091,0,0,0,0,87.5
18092,0,0,0,1,13.69
18093,0,0,1,1,94.99
18094,0,0,0,1,27.72
18095,0,0,0,0,8.05
18096,0,1,1,0,140.71
18097,0,0,1,0,64.14
18098,0,1,1,0,49.88
18099,0,0,0,0,140.12
18100,0,0,0,0,39.89
18101,1,1,1,0,146.94
18102,0,0,0,0,0.0
18103,1,1,1,0,239.52
18104,0,0,0,0,131.47
18105,1,0,1,0,52.92
18106,1,0,1,1,52.49
18107,0,1,0,0,94.57
18108,1,1,1,0,100.09
18109,1,1,1,1,133.5
18110,0,0,0,0,67.22
18111,1,0,1,0,70.65
18112,1,0,1,0,141.75
18113,0,1,0,0,29.01
18114,1,0,1,0,88.51
18115,0,1,0,1,13.82
18116,1,0,0,0,85.86
18117,0,0,0,1,101.62
18118,1,0,0,0,103.49
18119,1,0,1,0,50.23
18120,0,1,0,0,42.06
18121,1,0,0,0,40.67
18122,1,1,0,0,95.05
18123,1,1,0,0,4.6
18124,0,0,0,0,17.94
18125,0,0,1,0,22.44
18126,0,0,1,0,104.93
18127,0,0,0,0,81.67
18128,0,1,0,1,80.89
18129,1,1,1,0,153.1
18130,0,1,0,0,53.17
18131,1,0,1,0,1.39
18132,1,0,0,0,0.88
18133,1,0,0,0,120.44
18134,0,0,0,0,63.64
18135,0,0,0,0,43.25
18136,0,0,0,0,40.82
18137,0,0,0,0,50.76
18138,0,0,1,0,70.07
18139,0,0,0,0,74.46
18140,0,0,0,0,80.8
18141,1,1,1,0,6.93
18142,0,0,0,0,36.95
18143,1,0,0,1,86.63
18144,1,0,1,1,45.04
18145,0,0,1,0,127.92
18146,1,0,0,0,31.89
18147,0,0,0,0,56.89
18148,0,0,1,0,54.54
18149,0,0,0,0,81.44
18150,1,0,0,0,35.75
18151,0,0,0,0,0.0
18152,1,1,1,0,133.11
18153,1,0,1,0,104.71
18154,0,0,0,0,9.89
18155,1,0,0,0,79.15
18156,0,1,0,0,90.68
18157,0,0,0,0,40.8
18158,0,0,1,0,94.87
18159,0,1,1,0,112.93
18160,0,1,1,0,89.97
18161,1,0,0,0,135.33
18162,0,0,1,0,64.36
18163,1,1,1,0,26.27
18164,0,0,0,1,57.94
18165,0,0,1,0,8.43
18166,0,0,1,1,124.22
18167,0,0,0,0,0.0
18168,0,1,0,0,102.35
18169,0,0,1,0,82.8
18170,0,1,1,0,36.07
18171,0,0,0,0,91.99
18172,0,1,0,0,84.69
18173,0,0,0,0,112.26
18174,0,1,1,0,67.08
18175,0,0,0,0,96.86
18176,0,0,1,0,0.0
18177,1,0,0,0,99.35
18178,1,1,0,0,110.17
18179,0,0,0,0,0.0
18180,0,0,0,0,18.8
18181,0,1,0,0,49.87
18182,1,1,1,0,42.24
18183,0,0,0,0,15.25
18184,0,0,1,0,75.96
18185,0,0,0,0,69.69
18186,0,0,1,0,58.08
18187,0,1,1,0,89.27
18188,0,0,0,1,0.0
18189,0,1,1,0,172.03
18190,1,0,1,0,50.02
18191,0,0,0,0,73.73
18192,0,0,0,0,126.53
18193,0,1,0,0,34.58
18194,1,0,0,0,0.0
18195,0,1,0,0,25.34
18196,0,0,0,0,144.8
18197,0,0,1,0,43.09
18198,1,0,0,0,155.28
18199,1,0,1,0,76.85
18200,1,1,1,0,124.94
18201,1,0,0,0,52.71
18202,0,0,0,0,0.0
18203,0,1,1,0,132.95
18204,1,1,1,0,152.22
18205,0,0,1,0,55.69
18206,0,0,0,0,52.48
18207,0,1,0,0,146.67
18208,0,1,0,0,57.36
18209,1,0,0,0,7.35
18210,0,0,0,0,0.0
18211,0,1,0,0,155.5
18212,0,0,1,0,0.0
18213,0,0,0,0,53.34
18214,0,0,0,0,80.11
18215,0,1,0,0,246.64
18216,0,1,1,1,64.28
18217,1,0,0,0,128.75
18218,1,0,1,0,110.55
18219,0,0,1,0,63.03
18220,0,1,0,0,0.0
18221,0,0,0,0,90.68
18222,1,1,1,1,164.34
18223,1,0,1,0,128.48
18224,1,0,0,0,33.08
18225,0,0,0,0,0.0
18226,0,0,0,0,54.67
18227,0,0,0,0,82.23
18228,0,0,0,0,108.42
18229,0,0,0,0,100.3
18230,0,0,1,0,36.14
18231,0,0,0,0,61.61
18232,0,0,0,0,108.54
18233,0,0,1,1,77.14
18234,0,0,0,0,126.0
18235,0,0,0,0,68.74
18236,0,0,0,0,45.03
18237,0,1,1,0,95.59
18238,0,0,0,0,81.34
18239,1,1,1,0,162.29
18240,1,1,0,0,177.12
18241,1,0,0,0,150.9
18242,1,0,1,1,46.23
18243,0,1,0,0,106.39
18244,1,0,0,1,104.58
18245,1,1,1,0,122.58
18246,0,0,0,0,80.3
18247,1,0,1,0,147.78
18248,0,1,1,0,0.0
18249,0,1,1,0,70.79
18250,0,0,0,0,87.56
18251,1,0,0,0,24.97
18252,0,0,0,0,0.0
18253,0,1,0,0,0.0
18254,0,0,1,0,129.99
18255,1,1,1,0,66.68
18256,0,0,0,0,29.68
18257,1,1,1,0,103.52
18258,0,0,1,0,82.37
18259,0,0,0,0,97.56
18260,0,0,0,0,39.18
18261,0,1,1,0,72.77
18262,0,0,0,1,80.52
18263,0,1,0,0,69.85
18264,1,1,1,0,55.57
18265,0,0,0,0,11.55
18266,1,0,1,1,75.91
18267,0,0,0,0,0.0
18268,0,0,0,0,74.36
18269,0,0,0,0,27.56
18270,0,0,0,0,63.33
18271,0,0,0,0,30.47
18272,1,0,1,1,86.96
18273,1,1,1,0,47.63
18274,0,0,1,0,105.13
18275,0,1,1,0,46.59
18276,1,0,0,0,140.84
18277,0,0,0,0,73.9
18278,0,1,1,0,115.66
18279,1,0,0,0,45.22
18280,0,0,0,0,53.86
18281,0,0,0,0,146.29
18282,0,0,0,0,95.2
18283,1,0,0,0,59.29
18284,1,1,1,0,152.95
18285,0,0,0,0,193.03
18286,1,0,0,0,30.22
18287,0,1,1,1,160.29
18288,1,0,1,0,152.06
18289,1,0,1,0,12.46
18290,0,0,1,0,125.87
18291,1,1,1,1,163.22
18292,1,1,1,0,112.4
18293,1,0,1,0,81.57
18294,0,0,1,1,0.0
18295,0,0,0,1,43.95
18296,0,0,0,0,76.3
18297,1,0,1,0,34.69
18298,1,0,0,0,0.0
18299,1,1,0,0,142.65
18300,1,1,1,0,169.68
18301,0,0,1,0,134.39
18302,1,0,1,0,0.0
18303,0,1,0,0,48.26
18304,1,0,1,0,97.62
18305,0,1,0,0,46.27
18306,0,0,0,0,137.69
18307,0,0,0,0,82.29
18308,0,0,0,0,45.83
18309,1,0,0,0,5.75
18310,1,0,1,0,190.48
18311,0,0,1,0,0.0
18312,0,0,0,0,0.0
18313,0,0,1,0,87.57
18314,0,0,0,0,67.63
18315,0,0,0,0,128.99
18316,1,0,1,0,81.02
18317,0,1,0,0,103.66
18318,0,0,0,1,97.8
18319,1,0,1,0,87.79
18320,0,0,1,1,126.39
18321,0,0,1,0,7.35
18322,1,1,1,0,186.5
18323,0,0,0,0,61.81
18324,0,0,1,0,19.18
18325,0,0,0,0,0.0
18326,0,0,0,0,56.25
18327,0,0,0,0,74.28
18328,0,0,0,0,197.81
18329,0,0,0,0,60.89
18330,0,0,0,0,0.0
18331,0,0,0,0,36.09
18332,0,0,1,0,53.67
18333,1,1,1,0,159.24
18334,1,1,0,0,2.12
18335,1,1,1,0,57.42
18336,0,0,1,0,65.88
18337,0,0,0,0,6.91
18338,0,0,0,0,133.02
18339,0,0,1,0,123.02
18340,1,0,1,0,73.05
18341,1,0,1,0,174.33
18342,0,0,1,0,51.67
18343,0,0,1,0,128.65
18344,0,1,1,0,114.76
18345,0,0,0,0,50.69
18346,0,0,0,0,99.52
18347,0,0,1,0,35.27
18348,0,0,0,0,111.05
18349,0,0,0,0,45.83
18350,0,0,0,0,61.98
18351,0,0,0,0,149.15
18352,0,0,0,0,136.68
18353,1,0,0,0,13.03
18354,0,0,0,0,0.0
18355,1,0,0,0,137.72
18356,0,0,0,1,46.11
18357,1,1,1,0,152.01
18358,0,0,0,0,96.75
18359,0,1,0,1,60.66
18360,0,0,0,1,47.59
18361,0,0,1,0,78.25
18362,0,0,0,0,99.23
18363,1,1,1,0,199.38
18364,0,1,0,1,127.81
18365,0,0,1,0,38.24
18366,0,0,0,1,138.59
18367,1,0,1,1,0.0
18368,1,0,0,0,106.19
18369,0,0,0,0,30.71
18370,0,0,0,0,35.29
18371,0,0,0,0,60.34
18372,0,0,1,0,84.1
18373,0,0,1,0,0.0
18374,1,1,1,0,64.82
18375,1,0,1,0,90.67
18376,1,0,1,0,177.56
18377,0,0,0,0,143.82
18378,0,1,0,0,62.21
18379,1,0,1,0,74.29
18380,1,1,1,0,91.43
18381,0,0,0,0,93.2
18382,0,0,0,0,88.91
18383,0,0,1,0,178.24
18384,1,0,0,1,78.58
18385,0,0,0,0,71.85
18386,0,0,0,0,104.43
18387,0,0,0,0,136.51
18388,0,0,1,0,33.15
18389,1,0,1,0,181.75
18390,0,0,0,0,113.49
18391,1,0,1,0,119.78
18392,0,1,0,0,29.69
18393,1,1,1,1,134.39
18394,1,1,1,0,72.86
18395,0,0,0,1,37.5
18396,1,0,1,0,169.4
18397,0,1,1,0,0.0
18398,0,0,0,1,10.86
18399,1,0,1,0,114.27
18400,1,0,1,0,51.32
18401,0,0,0,0,48.81
18402,0,1,1,0,122.56
18403,0,0,1,0,0.0
18404,0,0,0,0,111.13
18405,1,0,1,0,0.0
18406,0,0,0,0,71.85
18407,1,1,0,0,94.08
18408,1,0,1,0,72.42
18409,0,1,0,0,30.69
18410,0,0,0,0,124.95
18411,0,0,0,0,98.76
18412,0,0,1,0,170.06
18413,1,0,0,0,41.18
18414,0,0,0,0,95.54
18415,1,0,0,0,0.0
18416,0,0,1,0,135.16
18417,0,1,0,0,229.13
18418,1,1,0,0,91.29
18419,0,0,1,0,180.38
18420,1,1,0,0,167.39
18421,1,1,1,0,162.34
18422,1,0,0,0,46.62
18423,0,0,0,0,125.17
18424,1,0,0,0,34.72
18425,1,1,1,0,53.48
18426,0,0,0,0,54.35
18427,0,0,0,0,13.44
18428,0,0,0,0,153.83
18429,1,1,0,0,78.16
18430,0,0,1,0,68.9
18431,0,0,0,0,34.71
18432,0,0,0,0,65.97
18433,0,0,0,0,3.78
18434,0,0,0,0,0.0
18435,1,0,1,0,62.7
18436,1,0,0,0,142.85
18437,0,0,1,0,0.0
18438,1,1,1,0,119.94
18439,0,0,1,0,75.34
18440,0,0,1,0,116.87
18441,0,0,1,0,2.01
18442,1,0,1,0,102.26
18443,0,0,0,0,154.05
18444,1,1,1,0,193.07
18445,0,0,0,0,124.93
18446,1,0,0,0,4.54
18447,0,1,1,0,163.42
18448,0,1,0,0,16.58
18449,1,1,1,0,73.3
18450,1,0,0,0,33.43
18451,0,1,0,0,117.07
18452,1,0,0,0,76.28
18453,1,0,1,0,42.18
18454,0,1,1,0,35.9
18455,1,0,1,0,85.33
18456,0,0,0,0,0.0
18457,0,0,0,0,16.18
18458,1,1,1,0,76.38
18459,0,0,0,0,121.28
18460,0,0,0,0,0.0
18461,0,0,0,0,0.0
18462,1,1,1,0,0.0
18463,1,1,1,0,75.7
18464,1,1,1,0,115.64
18465,0,0,0,0,67.95
18466,1,0,1,1,83.82
18467,1,0,0,0,57.43
18468,0,0,0,0,55.95
18469,0,0,0,1,0.0
18470,0,0,0,0,166.55
18471,1,0,1,0,112.65
18472,1,0,1,0,0.0
18473,0,0,0,0,161.14
18474,0,0,0,1,46.73
18475,1,0,1,0,29.31
18476,1,1,0,1,98.32
18477,0,0,0,0,0.0
18478,1,1,1,0,68.72
18479,0,1,1,1,190.86
18480,0,0,1,0,37.78
18481,0,0,0,0,3.36
18482,0,1,1,0,0.0
18483,0,0,1,0,12.17
18484,0,0,0,0,149.38
18485,0,0,0,1,120.45
18486,0,0,0,0,71.16
18487,0,0,1,0,91.4
18488,0,0,1,0,20.07
18489,1,0,1,0,150.74
18490,1,1,1,0,119.05
18491,0,0,0,1,0.0
18492,1,0,1,0,37.15
18493,0,0,1,0,198.76
18494,1,0,1,0,133.71
18495,0,0,0,0,15.14
18496,0,0,0,0,36.15
18497,0,0,1,1,100.28
18498,1,0,1,0,0.0
18499,0,0,0,0,93.63
18500,1,1,0,0,54.77
18501,1,0,1,0,155.45
18502,1,0,0,0,0.0
18503,0,0,1,1,121.42
18504,0,0,1,1,122.01
18505,0,0,0,0,50.37
18506,0,0,0,0,17.8
18507,1,0,0,1,78.36
18508,0,0,0,0,95.25
18509,0,0,0,0,0.0
18510,0,0,0,0,88.08
18511,0,0,0,0,57.81
18512,0,0,0,0,208.96
18513,1,0,0,0,170.84
18514,0,0,0,0,50.54
18515,1,0,1,0,46.95
18516,0,0,1,0,142.17
18517,1,0,1,0,50.43
18518,0,0,1,0,35.73
18519,0,1,0,0,133.4
18520,0,0,1,0,103.33
18521,0,1,1,0,47.6
18522,1,0,1,0,87.36
18523,0,0,0,0,115.83
18524,0,1,0,0,62.62
18525,1,1,1,0,68.7
18526,0,0,0,0,77.92
18527,0,0,1,0,77.74
18528,1,0,0,0,96.45
18529,0,0,0,0,68.81
18530,0,0,0,0,69.55
18531,0,0,0,0,44.1
18532,1,1,1,0,87.55
18533,1,0,1,0,26.13
18534,1,0,0,0,25.27
18535,0,0,1,0,102.13
18536,0,0,0,0,118.21
18537,0,0,1,0,61.96
18538,0,0,0,0,72.21
18539,1,0,0,0,38.39
18540,0,0,1,0,120.18
18541,0,0,0,0,139.91
18542,1,0,0,0,129.99
18543,0,1,1,0,48.71
18544,1,1,0,0,20.66
18545,1,0,1,0,32.59
18546,0,0,0,0,51.07
18547,1,1,0,0,78.35
18548,1,0,1,0,170.49
18549,1,0,1,0,91.25
18550,0,0,0,0,24.23
18551,0,0,0,0,51.15
18552,0,0,0,0,113.87
18553,1,0,1,0,110.6
18554,1,0,0,0,62.55
18555,0,1,0,0,34.55
18556,0,0,1,0,68.04
18557,0,1,1,0,23.86
18558,1,1,1,0,36.68
18559,1,0,1,0,71.55
18560,0,1,0,0,0.0
18561,0,0,1,0,182.71
18562,0,0,0,0,0.0
18563,0,1,0,0,109.83
18564,1,1,0,0,9.64
18565,0,1,1,0,0.0
18566,0,1,1,0,105.57
18567,1,0,0,0,20.45
18568,1,0,1,1,34.21
18569,0,0,0,0,32.51
18570,0,0,1,0,168.61
18571,0,1,0,1,0.0
18572,1,0,0,0,50.86
18573,1,1,1,0,167.04
18574,0,0,1,0,59.4
18575,1,1,0,1,7.62
18576,0,0,1,0,117.67
18577,0,1,0,0,176.34
18578,0,1,1,0,85.52
18579,0,0,0,0,93.95
18580,1,0,0,0,44.14
18581,1,0,0,0,74.55
18582,1,0,0,0,110.64
18583,0,0,0,0,76.37
18584,0,0,0,0,36.39
18585,0,0,0,0,148.37
18586,1,1,1,0,63.0
18587,0,1,0,0,125.56
18588,1,1,0,0,144.72
18589,1,0,0,1,150.37
18590,1,0,1,0,17.6
18591,0,0,1,0,98.06
18592,1,1,0,0,204.13
18593,0,0,0,1,90.03
18594,0,0,0,0,212.73
18595,1,0,1,0,16.26
18596,0,0,0,0,0.0
18597,0,0,0,0,0.0
18598,1,1,1,0,42.6
18599,1,0,0,1,131.86
18600,0,0,0,0,119.8
18601,1,0,0,0,131.71
18602,1,0,0,0,204.87
18603,1,0,1,0,148.71
18604,1,0,1,0,95.84
18605,1,0,1,0,147.14
18606,0,0,0,1,48.49
18607,1,0,1,0,0.0
18608,1,1,1,0,37.56
18609,1,0,1,1,82.85
18610,0,0,0,0,43.3
18611,1,1,1,0,0.0
18612,0,0,0,0,0.0
18613,0,0,0,1,118.82
18614,0,0,1,0,121.06
18615,1,1,1,0,163.5
18616,0,0,0,0,142.93
18617,0,0,1,0,49.53
18618,0,0,1,0,12.09
18619,0,0,1,0,132.9
18620,1,0,0,0,217.99
18621,0,0,1,0,55.68
18622,1,0,0,0,109.27
18623,1,0,0,0,0.0
18624,0,1,1,0,15.71
18625,0,0,0,0,20.87
18626,0,0,1,1,0.0
18627,0,1,0,0,125.06
18628,0,0,0,0,49.22
18629,1,1,0,0,110.75
18630,0,0,0,0,64.51
18631,0,0,0,0,0.0
18632,0,1,0,0,173.65
18633,1,0,1,0,106.6
18634,0,0,0,0,111.38
18635,1,0,0,0,18.68
18636,0,0,0,0,118.1
18637,0,0,0,0,47.48
18638,0,1,0,1,113.28
18639,1,0,0,0,30.74
18640,0,0,0,0,88.27
18641,0,0,0,0,86.79
18642,1,1,1,1,13.38
18643,0,1,1,0,36.31
18644,1,1,1,0,37.95
18645,1,1,1,1,143.04
18646,1,0,1,0,0.0
18647,1,0,0,0,99.22
18648,0,0,1,0,46.71
18649,1,0,1,0,62.05
18650,0,0,1,0,72.71
18651,0,0,0,0,36.96
18652,0,0,0,0,14.92
18653,1,0,0,0,0.0
18654,0,0,0,0,10.86
18655,0,0,0,0,60.95
18656,0,0,0,0,50.17
18657,0,0,1,0,80.59
18658,1,0,0,0,0.0
18659,0,0,0,0,0.0
18660,0,1,0,0,76.84
18661,1,0,1,0,72.82
18662,0,0,0,0,0.0
18663,1,0,1,0,83.99
18664,0,1,1,0,124.36
18665,0,0,1,0,6.26
18666,0,0,0,0,86.54
18667,0,0,1,1,0.0
18668,0,0,0,0,82.05
18669,1,0,0,0,36.77
18670,0,0,0,0,39.81
18671,1,1,1,0,59.75
18672,0,0,0,0,55.08
18673,0,1,0,0,0.0
18674,0,0,0,0,140.26
18675,1,1,0,0,71.09
18676,1,0,1,0,143.94
18677,0,0,0,0,26.27
18678,1,0,0,0,111.05
18679,0,0,1,0,0.0
18680,1,0,1,0,56.34
18681,0,0,0,0,7.85
18682,1,1,0,0,61.64
18683,0,1,0,0,76.62
18684,0,1,0,0,121.04
18685,0,0,0,0,7.42
18686,1,0,1,0,25.72
18687,0,0,0,0,90.32
18688,0,0,0,0,51.68
18689,1,1,1,0,123.53
18690,0,0,0,0,20.47
18691,0,0,0,0,3.42
18692,1,0,1,0,0.0
18693,0,1,1,1,1.79
18694,0,0,0,0,57.0
18695,1,0,1,0,51.69
18696,0,0,0,0,83.83
18697,0,0,0,0,156.09
18698,0,0,0,0,50.56
18699,0,0,1,0,157.56
18700,1,0,1,0,273.54
18701,0,0,0,0,78.02
18702,0,0,1,0,127.05
18703,0,0,1,1,146.7
18704,1,0,0,1,0.0
18705,0,1,0,0,22.1
18706,1,0,1,0,0.0
18707,0,0,0,0,68.22
18708,0,0,0,0,67.31
18709,1,0,0,0,31.99
18710,1,0,1,0,134.96
18711,1,0,0,1,135.48
18712,0,0,0,0,0.0
18713,1,0,1,0,0.0
18714,1,0,1,0,94.48
18715,0,0,1,0,36.52
18716,1,0,0,0,149.15
18717,0,0,0,0,0.0
18718,1,0,0,0,24.07
18719,1,0,1,0,110.37
18720,0,0,0,0,37.45
18721,0,0,0,0,66.09
18722,0,0,0,0,22.28
18723,0,0,0,0,82.3
18724,0,0,1,0,90.96
18725,0,0,0,0,0.0
18726,1,0,1,1,78.84
18727,0,0,0,0,60.55
18728,0,0,0,0,0.0
18729,0,0,1,0,7.05
18730,1,0,1,0,165.01
18731,0,0,0,0,94.43
18732,0,0,0,1,67.09
18733,1,0,1,0,157.73
18734,0,0,0,0,41.61
18735,1,0,0,0,31.16
18736,1,0,1,1,8.29
18737,1,0,1,0,95.11
18738,0,0,0,0,76.05
18739,0,1,0,1,39.63
18740,0,0,0,0,102.47
18741,0,0,0,1,79.73
18742,0,0,0,0,43.35
18743,0,0,0,0,0.0
18744,0,1,0,0,86.47
18745,1,0,1,0,0.0
18746,0,0,0,0,0.0
18747,0,0,0,0,7.51
18748,1,1,0,0,88.9
18749,0,0,1,0,45.53
18750,0,0,0,0,122.28
18751,0,0,0,1,0.0
18752,0,0,0,0,54.75
18753,0,1,0,0,117.63
18754,0,0,1,0,80.38
18755,1,0,0,0,0.0
18756,0,0,1,0,38.0
18757,0,0,1,0,62.31
18758,0,0,0,0,48.24
18759,0,1,0,0,29.91
18760,0,0,1,0,8.79
18761,0,0,0,0,48.68
18762,1,1,1,0,182.4
18763,0,0,0,0,13.97
18764,0,1,0,1,110.63
18765,0,0,0,0,0.0
18766,1,0,0,0,157.72
18767,1,1,1,0,138.08
18768,1,1,0,0,0.0
18769,0,0,1,0,0.0
18770,0,0,0,0,32.1
18771,1,0,0,0,109.32
18772,0,0,0,0,127.1
18773,0,0,0,0,0.0
18774,1,1,1,0,220.03
18775,0,0,0,0,27.29
18776,0,0,1,0,12.62
18777,0,0,0,0,0.0
18778,0,0,0,0,22.03
18779,0,0,1,0,14.88
18780,0,1,1,0,32.08
18781,0,0,0,0,140.27
18782,0,0,1,0,36.36
18783,0,0,0,0,16.02
18784,1,0,0,0,73.48
18785,1,0,1,0,54.8
18786,0,1,1,0,149.92
18787,1,0,1,0,0.0
18788,0,1,1,0,84.63
18789,0,0,1,0,35.55
18790,0,0,0,0,57.46
18791,0,0,0,0,99.04
18792,0,1,0,0,86.71
18793,1,1,1,0,168.85
18794,0,0,0,0,70.03
18795,0,0,0,0,61.57
18796,0,0,0,0,30.36
18797,0,0,0,1,53.45
18798,1,0,0,0,115.6
18799,0,0,1,1,87.7
18800,1,0,1,0,0.0
18801,0,0,1,0,65.05
18802,0,0,0,0,0.0
18803,0,0,0,0,73.38
18804,1,0,1,0,35.67
18805,0,0,0,0,103.44
18806,0,0,1,0,94.53
18807,0,0,1,0,113.38
18808,0,0,0,0,90.49
18809,0,0,0,0,105.63
18810,1,0,1,0,134.8
18811,1,1,1,0,205.15
18812,1,1,0,0,0.0
18813,1,0,0,0,63.78
18814,0,0,0,1,100.37
18815,1,0,1,0,0.0
18816,0,1,1,0,56.45
18817,0,0,0,0,109.05
18818,0,0,0,0,63.37
18819,1,1,0,0,0.0
18820,1,0,0,0,31.84
18821,1,0,1,0,56.93
18822,0,0,0,0,6.26
18823,0,0,1,0,98.82
18824,0,1,0,0,115.28
18825,0,0,0,1,0.0
18826,1,0,1,0,98.27
18827,1,0,1,0,20.67
18828,1,1,1,0,22.17
18829,0,0,1,0,113.95
18830,0,0,0,0,18.95
18831,0,0,0,0,52.02
18832,0,0,0,0,45.51
18833,0,0,1,0,2.84
18834,0,0,1,0,30.65
18835,1,1,1,0,127.94
18836,0,0,0,0,31.29
18837,0,0,1,0,103.72
18838,0,0,1,0,42.26
18839,1,0,1,0,6.65
18840,1,0,0,0,80.2
18841,1,0,1,0,94.13
18842,1,1,1,0,51.01
18843,0,0,1,0,147.07
18844,0,0,0,0,53.77
18845,1,1,1,0,123.73
18846,0,0,0,0,14.74
18847,1,0,0,0,42.04
18848,0,0,1,0,58.34
18849,1,0,0,0,27.73
18850,0,1,1,0,25.79
18851,1,1,1,0,56.23
18852,0,0,0,0,78.74
18853,0,0,0,0,3.28
18854,0,1,1,0,122.11
18855,1,0,1,0,30.17
18856,1,0,1,0,62.92
18857,0,0,0,0,78.97
18858,0,0,0,0,87.25
18859,1,0,1,0,114.58
18860,0,0,0,0,22.0
18861,0,1,0,0,56.22
18862,1,1,1,0,189.57
18863,0,1,1,0,139.84
18864,1,0,1,0,50.36
18865,1,0,0,0,127.15
18866,0,0,0,0,88.35
18867,0,0,1,0,157.81
18868,1,1,1,0,19.54
18869,0,0,0,0,65.41
18870,1,0,1,0,17.29
18871,0,1,1,0,85.63
18872,1,0,0,0,113.1
18873,0,0,1,0,73.23
18874,1,0,0,0,18.38
18875,1,0,0,1,12.8
18876,0,0,0,0,0.45
18877,0,0,0,0,0.0
18878,0,0,0,0,29.84
18879,1,1,1,0,90.22
18880,0,0,0,0,58.15
18881,0,0,0,0,44.81
18882,1,0,0,0,0.0
18883,1,0,1,0,106.54
18884,0,0,0,0,129.62
18885,0,0,1,0,24.75
18886,1,1,0,0,112.58
18887,1,1,1,0,75.29
18888,0,1,1,0,126.35
18889,0,0,0,0,39.55
18890,0,0,0,0,58.5
18891,1,0,1,0,11.22
18892,0,0,0,0,145.9
18893,0,0,0,0,116.92
18894,1,0,0,0,23.7
18895,1,0,1,1,61.09
18896,0,0,0,0,55.92
18897,0,0,0,0,87.61
18898,0,0,0,0,113.6
18899,0,0,1,0,47.22
18900,1,0,1,0,191.71
18901,0,0,0,0,0.0
18902,0,0,1,0,0.0
18903,0,0,1,0,60.89
18904,0,0,0,0,119.98
18905,0,0,1,0,149.06
18906,1,0,1,0,106.43
18907,1,0,0,0,114.91
18908,1,0,0,0,62.02
18909,1,0,1,0,134.06
18910,1,1,1,0,193.19
18911,0,0,1,0,56.89
18912,0,0,0,0,125.89
18913,0,0,0,0,86.0
18914,1,0,1,0,178.98
18915,0,0,1,0,142.03
18916,0,0,0,0,0.0
18917,1,0,1,0,91.88
18918,0,0,1,0,86.19
18919,0,0,0,0,21.54
18920,0,0,0,1,72.67
18921,0,0,0,0,2.19
18922,0,0,0,0,40.96
18923,0,0,0,0,53.44
18924,0,0,0,1,36.75
18925,0,0,0,0,31.57
18926,0,1,0,0,28.01
18927,0,0,1,0,99.82
18928,0,0,0,0,80.99
18929,0,0,0,0,77.34
18930,1,0,0,0,63.48
18931,0,0,0,0,54.01
18932,1,0,0,0,82.14
18933,0,0,0,0,124.48
18934,0,0,0,0,31.49
18935,0,0,0,0,154.27
18936,1,0,0,0,93.31
18937,0,0,0,0,52.44
18938,0,0,0,0,11.87
18939,0,1,0,0,155.64
18940,0,0,0,0,33.54
18941,0,0,0,0,83.39
18942,1,0,0,0,88.79
18943,1,1,0,0,86.7
18944,0,0,0,1,61.77
18945,0,1,1,0,76.22
18946,0,0,0,0,17.53
18947,1,1,0,0,96.36
18948,0,0,0,0,137.63
18949,0,0,1,0,92.63
18950,1,0,0,0,81.12
18951,0,0,0,0,17.42
18952,0,1,0,0,148.96
18953,0,1,1,0,3.38
18954,0,0,1,0,128.63
18955,0,0,0,0,116.72
18956,1,0,1,0,79.49
18957,0,0,0,0,9.07
18958,0,0,0,0,61.38
18959,0,0,0,0,47.54
18960,1,0,0,0,99.3
18961,0,0,0,0,3.46
18962,1,0,1,0,178.35
18963,0,0,0,0,72.15
18964,1,0,0,0,174.24
18965,0,0,0,0,12.34
18966,0,0,0,0,118.96
18967,0,0,0,0,89.19
18968,0,0,1,0,109.61
18969,0,0,1,0,58.77
18970,1,0,1,0,121.96
18971,1,1,0,0,151.07
18972,0,1,0,0,104.7
18973,0,1,0,0,121.43
18974,1,0,1,0,110.28
18975,1,0,0,0,16.47
18976,0,0,0,0,41.41
18977,0,0,0,0,34.94
18978,1,1,1,0,48.76
18979,1,0,1,1,38.16
18980,0,0,1,0,0.0
18981,0,0,0,0,116.66
18982,1,1,0,0,46.96
18983,1,0,1,0,83.43
18984,0,0,1,1,0.0
18985,0,0,1,0,137.16
18986,0,0,1,0,69.78
18987,1,0,0,0,183.4
18988,1,0,0,1,0.0
18989,0,0,0,0,2.09
18990,1,0,1,0,0.0
18991,0,1,0,0,142.07
18992,1,1,1,0,102.52
18993,0,0,0,0,45.06
18994,0,0,1,0,111.83
18995,0,0,0,0,0.0
18996,1,1,1,0,136.36
18997,1,0,0,0,71.03
18998,1,0,1,0,23.31
18999,0,0,0,0,109.65
19000,0,0,1,0,159.28
19001,0,0,0,0,178.14
19002,0,0,0,0,108.65
19003,0,0,1,0,23.45
19004,0,1,0,0,65.02
19005,1,1,1,0,190.8
19006,1,0,1,0,87.22
19007,0,0,0,0,82.46
19008,0,0,1,0,31.14
19009,1,0,1,0,0.0
19010,1,0,0,0,175.08
19011,0,1,1,0,94.84
19012,0,1,0,0,74.73
19013,0,0,1,0,33.55
19014,1,0,0,0,23.51
19015,1,0,0,0,29.62
19016,0,1,1,0,4.46
19017,0,0,0,0,0.0
19018,0,0,0,0,86.49
19019,0,1,1,0,190.97
19020,0,0,1,0,63.03
19021,1,0,0,0,6.87
19022,1,1,1,0,66.18
19023,1,0,1,0,0.0
19024,1,0,0,0,56.06
19025,0,1,0,0,153.43
19026,0,0,0,0,76.42
19027,1,0,0,0,105.15
19028,1,1,1,0,159.02
19029,1,0,0,0,99.04
19030,0,0,1,0,0.0
19031,0,0,0,0,105.0
19032,0,0,1,0,152.2
19033,1,0,0,0,65.69
19034,0,0,0,0,40.45
19035,1,0,0,1,0.0
19036,0,0,0,0,0.0
19037,1,0,0,0,78.15
19038,0,0,1,0,99.71
19039,0,0,0,0,94.29
19040,0,0,0,0,0.0
19041,1,1,1,0,17.29
19042,0,0,0,0,113.28
19043,1,1,1,0,55.04
19044,0,1,1,0,53.4
19045,0,0,0,0,24.92
19046,0,0,0,0,56.01
19047,0,0,1,0,40.86
19048,0,0,0,0,134.94
19049,1,0,1,0,117.01
19050,0,0,1,0,127.86
19051,0,0,0,0,30.84
19052,1,0,0,0,73.12
19053,1,1,1,0,152.18
19054,1,0,1,0,19.79
19055,1,1,1,0,132.71
19056,1,0,0,0,85.04
19057,1,1,1,0,119.71
19058,0,1,0,0,49.36
19059,0,1,0,0,92.03
19060,1,0,1,0,81.95
19061,1,0,0,0,89.46
19062,0,0,1,0,61.78
19063,0,0,0,0,85.75
19064,1,1,1,0,72.82
19065,1,1,1,0,117.23
19066,1,0,1,1,48.13
19067,0,1,1,0,54.81
19068,0,0,0,0,5.34
19069,0,0,0,1,14.75
19070,1,0,0,0,56.14
19071,0,0,0,0,0.0
19072,0,0,1,0,0.0
19073,0,0,0,0,100.29
19074,0,0,0,0,0.0
19075,1,0,0,0,134.28
19076,1,1,0,0,27.62
19077,0,0,0,0,80.24
19078,0,0,0,0,0.0
19079,1,0,0,0,100.47
19080,0,0,0,0,4.5
19081,0,0,0,1,0.0
19082,1,0,0,0,88.17
19083,1,1,1,0,150.25
19084,1,1,1,0,174.14
19085,1,1,1,0,190.95
19086,0,0,0,0,185.34
19087,0,1,1,0,163.27
19088,1,1,1,0,105.07
19089,0,0,1,0,102.63
19090,0,0,1,0,46.64
19091,1,0,0,0,75.01
19092,0,0,0,0,62.88
19093,0,0,1,0,95.48
19094,0,0,1,0,120.61
19095,1,1,1,1,76.13
19096,0,0,0,0,16.93
19097,0,0,0,0,79.9
19098,0,0,0,1,0.0
19099,1,0,1,0,141.76
19100,1,0,0,0,16.91
19101,0,1,0,0,163.37
19102,0,0,0,0,0.0
19103,1,0,0,0,95.15
19104,1,1,0,0,58.35
19105,0,0,0,0,19.71
19106,1,1,1,1,62.71
19107,0,0,0,0,18.39
19108,0,0,0,0,0.0
19109,1,1,1,0,76.73
19110,0,1,0,0,73.81
19111,0,1,0,0,70.2
19112,1,0,0,0,17.53
19113,0,0,0,0,147.01
19114,0,0,1,0,101.27
19115,0,0,0,0,5.19
19116,1,0,0,0,68.19
19117,0,0,0,0,43.89
19118,0,1,0,0,107.0
19119,1,1,1,1,129.69
19120,0,1,1,0,96.13
19121,0,0,0,0,118.44
19122,1,1,0,0,0.0
19123,0,1,0,0,115.03
19124,0,1,0,1,55.98
19125,1,0,1,0,39.28
19126,0,0,1,0,78.42
19127,1,0,1,0,59.63
19128,0,0,1,0,81.17
19129,1,0,1,0,48.18
19130,0,1,0,1,94.99
19131,1,0,1,0,72.75
19132,0,0,0,0,37.35
19133,0,0,0,0,134.11
19134,1,0,0,0,68.99
19135,0,0,0,0,39.06
19136,1,0,1,0,38.34
19137,0,0,0,0,32.91
19138,0,0,0,0,0.0
19139,0,1,0,0,114.01
19140,0,0,1,0,89.94
19141,0,0,0,1,36.14
19142,0,0,0,0,51.65
19143,0,0,0,0,26.67
19144,0,0,1,0,51.28
19145,0,0,0,0,98.74
19146,0,0,0,0,0.0
19147,1,1,1,0,26.66
19148,0,1,1,0,157.87
19149,0,0,1,0,173.95
19150,0,0,0,0,98.03
19151,0,0,1,0,30.93
19152,1,1,1,1,99.64
19153,0,0,0,0,1.44
19154,0,0,0,0,24.48
19155,1,1,1,0,100.74
19156,1,0,1,0,114.75
19157,0,0,1,0,65.35
19158,1,0,1,0,64.66
19159,0,0,0,0,151.51
19160,0,0,0,0,50.29
19161,1,0,1,0,65.9
19162,0,0,1,0,50.24
19163,0,0,0,0,5.52
19164,0,0,1,0,156.61
19165,0,0,0,0,85.19
19166,1,0,1,0,137.43
19167,1,0,1,0,66.35
19168,0,0,0,0,0.0
19169,0,0,0,0,0.0
19170,1,1,1,0,45.37
19171,0,0,0,0,54.59
19172,1,0,1,0,17.58
19173,1,0,0,0,74.28
19174,0,1,0,0,120.15
19175,0,0,1,0,45.21
19176,1,1,1,0,174.57
19177,1,1,0,0,64.84
19178,1,0,0,0,64.34
19179,0,0,1,0,117.09
19180,0,0,0,0,43.33
19181,1,0,1,0,0.0
19182,0,0,0,0,39.9
19183,0,1,0,0,177.97
19184,0,0,1,0,90.42
19185,0,0,0,1,107.53
19186,1,1,1,0,78.82
19187,0,0,0,0,84.11
19188,0,0,0,0,0.0
19189,0,0,0,0,102.6
19190,0,0,0,0,46.31
19191,0,0,0,0,0.0
19192,1,1,0,0,155.38
19193,1,0,0,0,56.44
19194,0,0,0,0,92.9
19195,0,1,0,0,132.92
19196,0,0,0,0,12.74
19197,1,0,0,0,92.27
19198,0,0,0,1,60.95
19199,0,0,0,1,123.47
19200,0,0,1,0,56.98
19201,0,1,1,1,118.66
19202,0,0,1,0,0.0
19203,0,0,0,1,61.53
19204,0,0,0,0,116.98
19205,1,0,0,0,122.48
19206,0,0,0,1,5.86
19207,0,1,1,1,18.29
19208,0,0,0,0,40.21
19209,0,0,0,0,124.21
19210,0,0,0,0,94.08
19211,1,0,0,0,45.95
19212,0,0,0,0,131.75
19213,1,0,0,0,191.39
19214,1,1,1,0,126.56
19215,0,0,1,0,0.0
19216,0,1,1,0,68.94
19217,0,0,0,0,86.93
19218,0,1,1,1,0.0
19219,0,0,1,0,182.1
19220,0,0,0,0,81.97
19221,1,1,1,0,104.46
19222,0,0,0,0,12.47
19223,0,0,0,1,48.29
19224,0,1,0,0,5.59
19225,1,0,1,1,117.14
19226,0,1,1,0,143.01
19227,0,0,0,0,23.69
19228,0,0,0,0,91.35
19229,1,0,0,0,92.89
19230,1,0,0,0,0.0
19231,1,1,0,0,59.63
19232,0,1,0,0,57.19
19233,0,0,1,0,19.68
19234,0,0,0,0,2.24
19235,1,0,1,0,89.29
19236,1,0,1,0,141.28
19237,0,0,0,0,51.14
19238,0,1,0,0,16.3
19239,0,0,1,0,106.33
19240,0,0,0,0,14.2
19241,0,0,0,1,47.77
19242,0,0,1,0,0.0
19243,1,0,1,1,102.28
19244,1,0,0,0,35.73
19245,0,0,0,0,67.58
19246,0,0,0,0,89.87
19247,1,0,1,0,117.95
19248,0,0,0,0,71.38
19249,0,0,0,1,94.8
19250,0,0,0,0,0.0
19251,0,0,0,0,33.97
19252,1,1,1,0,65.03
19253,0,0,0,0,73.95
19254,1,0,0,0,136.98
19255,1,0,1,0,172.34
19256,0,0,0,0,76.21
19257,0,0,1,0,0.0
19258,0,0,0,0,147.95
19259,0,1,1,0,76.62
19260,0,1,0,0,124.05
19261,1,0,0,0,70.35
19262,1,0,0,0,69.39
19263,0,0,0,0,46.04
19264,0,0,0,0,90.87
19265,1,0,0,0,130.76
19266,0,0,1,0,25.9
19267,0,1,1,0,0.0
19268,0,0,0,0,66.84
19269,0,0,1,0,121.48
19270,0,1,0,0,50.64
19271,0,0,0,0,135.61
19272,0,0,1,0,64.91
19273,0,0,0,0,62.57
19274,0,0,1,0,116.56
19275,1,0,0,0,112.75
19276,0,0,0,0,37.73
19277,0,0,0,0,47.56
19278,0,0,0,0,46.69
19279,0,0,1,0,126.55
19280,0,0,0,0,0.0
19281,0,0,0,1,67.39
19282,1,0,1,0,123.19
19283,0,0,0,0,0.0
19284,0,0,0,0,0.0
19285,1,0,1,0,145.74
19286,0,0,0,0,87.62
19287,0,0,1,0,50.66
19288,0,0,1,0,130.57
19289,0,0,0,0,51.08
19290,0,1,1,0,32.31
19291,0,0,1,0,112.14
19292,0,0,0,0,65.9
19293,0,0,0,0,0.0
19294,1,1,1,0,218.29
19295,0,1,0,0,0.0
19296,1,0,1,1,33.32
19297,0,0,0,0,98.21
19298,1,0,0,0,9.19
19299,1,0,0,0,33.03
19300,0,0,1,0,37.49
19301,1,1,1,0,45.02
19302,0,0,0,0,43.66
19303,0,0,0,0,17.38
19304,1,0,0,0,29.33
19305,1,1,1,0,45.73
19306,0,0,1,1,0.0
19307,0,0,1,1,89.66
19308,1,0,0,0,46.2
19309,0,0,0,0,28.69
19310,0,0,1,0,11.4
19311,1,1,1,0,0.0
19312,1,0,0,0,136.15
19313,0,0,0,0,15.72
19314,0,0,0,0,56.23
19315,0,0,1,0,25.27
19316,1,0,1,0,0.0
19317,0,0,0,0,43.95
19318,1,0,1,0,98.98
19319,0,0,0,0,116.45
19320,0,0,0,0,73.52
19321,0,1,1,0,129.75
19322,0,0,0,0,0.0
19323,0,0,1,0,34.41
19324,0,0,1,0,0.0
19325,1,1,0,0,98.27
19326,0,0,0,0,116.96
19327,0,0,0,0,129.56
19328,0,0,0,0,0.0
19329,1,0,1,0,17.03
19330,0,0,0,0,158.59
19331,0,0,0,0,0.0
19332,0,0,0,0,92.55
19333,0,0,0,0,10.67
19334,0,0,0,0,169.1
19335,0,0,0,1,99.33
19336,0,0,0,0,65.16
19337,0,1,0,0,120.54
19338,1,1,1,0,203.26
19339,1,1,1,0,120.47
19340,0,0,0,0,43.16
19341,1,0,0,0,0.0
19342,0,0,0,1,102.1
19343,0,0,0,0,10.69
19344,1,0,0,0,70.95
19345,0,0,0,0,23.35
19346,0,0,1,0,84.73
19347,0,1,0,1,130.56
19348,0,0,0,0,0.0
19349,0,0,0,0,109.91
19350,1,1,1,0,42.23
19351,0,0,1,0,55.91
19352,1,0,0,0,192.42
19353,0,1,0,1,57.27
19354,0,0,0,0,62.04
19355,1,0,0,0,0.0
19356,1,0,1,0,193.8
19357,1,1,1,0,216.67
19358,0,0,0,0,90.61
19359,0,0,0,0,24.87
19360,1,0,0,0,60.43
19361,1,0,1,0,58.52
19362,0,0,0,0,77.43
19363,0,1,0,1,165.47
19364,0,0,0,0,6.98
19365,0,0,0,0,0.0
19366,0,1,1,0,139.52
19367,1,1,0,0,140.85
19368,1,0,1,0,0.0
19369,0,0,1,1,112.2
19370,1,0,0,1,0.39
19371,0,0,1,0,39.26
19372,1,0,0,0,22.39
19373,0,0,0,0,143.27
19374,0,0,0,0,113.99
19375,0,1,0,0,99.53
19376,0,0,0,0,100.65
19377,0,0,1,0,92.29
19378,0,1,0,1,64.02
19379,0,0,1,0,73.56
19380,1,0,0,0,133.3
19381,1,0,0,0,51.54
19382,0,0,0,0,121.89
19383,0,0,0,0,11.77
19384,0,0,0,0,231.85
19385,0,0,0,0,0.0
19386,0,0,0,0,0.0
19387,0,0,0,1,35.97
19388,1,0,1,0,0.0
19389,1,0,1,0,105.25
19390,1,0,0,0,132.08
19391,0,1,0,0,98.85
19392,1,0,0,1,87.47
19393,1,0,0,0,26.24
19394,0,0,1,0,28.98
19395,0,0,0,0,69.78
19396,1,0,1,0,44.68
19397,1,1,0,0,48.24
19398,0,0,1,0,19.94
19399,0,0,1,0,84.56
19400,0,0,0,0,54.23
19401,0,0,1,0,141.67
19402,0,1,0,0,51.5
19403,0,1,1,1,65.47
19404,0,1,0,0,28.83
19405,0,1,1,0,73.44
19406,1,0,0,0,124.26
19407,0,0,0,0,78.04
19408,0,1,0,0,133.41
19409,0,0,1,1,8.17
19410,0,0,0,0,61.26
19411,1,1,0,0,161.4
19412,0,0,1,0,109.33
19413,1,1,0,0,168.39
19414,0,0,0,0,0.0
19415,0,0,0,0,156.55
19416,1,1,1,0,34.05
19417,0,0,1,0,114.67
19418,0,1,1,0,22.22
19419,0,0,0,0,138.56
19420,0,1,0,0,0.0
19421,1,0,0,0,75.27
19422,0,0,0,0,39.79
19423,1,0,0,0,0.0
19424,0,0,1,0,7.51
19425,1,0,1,0,21.84
19426,0,0,0,0,19.92
19427,0,1,1,0,69.41
19428,0,0,0,0,37.9
19429,1,1,1,0,36.54
19430,0,0,0,0,35.4
19431,0,0,1,0,1.98
19432,0,0,0,0,38.8
19433,1,0,1,0,10.34
19434,0,1,0,0,71.6
19435,1,0,0,0,125.39
19436,1,0,0,0,116.47
19437,1,0,1,0,209.24
19438,1,0,1,0,22.29
19439,0,1,1,0,17.94
19440,0,0,0,0,144.49
19441,0,0,1,0,79.25
19442,0,1,1,0,108.23
19443,1,0,1,0,0.0
19444,0,0,0,0,0.0
19445,0,0,0,0,118.34
19446,0,1,0,0,34.08
19447,0,0,0,0,9.22
19448,0,0,0,0,120.46
19449,0,1,0,0,28.11
19450,0,0,0,0,158.12
19451,0,1,1,1,0.0
19452,1,1,1,0,173.08
19453,1,0,0,0,43.06
19454,1,1,1,0,171.99
19455,0,0,0,0,35.71
19456,0,1,1,0,212.18
19457,1,0,0,0,0.0
19458,1,1,1,0,135.01
19459,1,0,0,0,80.63
19460,0,0,0,0,64.15
19461,0,0,0,1,59.05
19462,1,0,1,0,129.17
19463,0,0,0,1,16.12
19464,1,0,0,0,0.0
19465,1,0,1,1,196.88
19466,0,0,1,0,74.75
19467,1,0,0,0,92.21
19468,1,0,0,0,53.66
19469,0,0,0,0,0.0
19470,0,0,1,0,64.92
19471,0,0,0,0,35.35
19472,0,0,0,1,7.84
19473,0,0,1,0,14.68
19474,0,0,0,0,0.0
19475,0,0,1,0,93.51
19476,0,0,0,0,149.58
19477,1,0,0,1,64.68
19478,1,0,1,0,52.19
19479,1,1,1,1,108.13
19480,0,0,0,0,68.92
19481,0,0,0,0,49.92
19482,0,0,0,0,148.54
19483,0,1,0,0,124.81
19484,1,0,1,0,61.5
19485,0,0,0,1,90.03
19486,0,1,1,0,86.04
19487,0,0,0,0,157.34
19488,0,0,0,0,59.17
19489,1,0,0,0,63.83
19490,0,0,0,0,9.21
19491,0,0,0,0,43.65
19492,0,0,0,0,66.96
19493,0,0,0,0,87.38
19494,0,1,1,0,32.46
19495,0,0,0,0,115.6
19496,1,0,0,0,37.07
19497,1,0,0,0,56.16
19498,1,0,0,0,13.51
19499,1,1,1,0,123.74
19500,0,0,0,0,44.25
19501,0,1,0,0,179.38
19502,1,1,1,0,64.53
19503,0,0,1,0,73.76
19504,1,0,1,0,127.42
19505,0,0,0,0,105.82
19506,0,0,0,0,0.0
19507,0,0,0,0,12.55
19508,1,0,0,0,32.28
19509,1,0,1,1,192.56
19510,1,0,0,0,91.34
19511,0,1,1,0,0.0
19512,1,1,1,0,52.05
19513,0,0,1,0,93.05
19514,1,0,0,0,132.72
19515,1,0,0,0,66.77
19516,1,0,1,0,197.79
19517,1,1,1,0,95.67
19518,0,0,0,0,167.73
19519,0,0,0,0,99.85
19520,0,0,0,0,65.98
19521,1,1,0,1,120.52
19522,1,0,1,0,128.0
19523,0,0,0,0,86.54
19524,1,0,1,0,69.12
19525,0,0,0,0,171.39
19526,1,0,0,0,40.3
19527,0,0,1,0,135.35
19528,1,0,0,1,5.43
19529,1,0,1,0,118.32
19530,0,0,0,0,0.0
19531,0,1,1,0,72.77
19532,1,0,1,0,0.0
19533,0,1,1,0,86.62
19534,0,0,1,0,73.19
19535,1,0,0,0,147.1
19536,1,0,0,0,102.95
19537,1,0,1,0,0.0
19538,0,1,1,0,102.67
19539,0,0,0,0,51.69
19540,1,1,1,0,77.45
19541,0,0,0,0,99.25
19542,0,0,0,1,84.15
19543,1,1,0,0,109.7
19544,1,1,0,0,148.78
19545,0,0,1,0,112.18
19546,0,0,0,0,107.47
19547,0,1,0,0,108.89
19548,0,0,1,1,173.88
19549,0,0,0,0,30.26
19550,0,0,0,0,0.0
19551,0,0,0,0,128.23
19552,1,0,1,0,74.01
19553,1,0,0,0,115.19
19554,0,0,0,0,101.19
19555,0,0,0,0,0.0
19556,0,0,0,0,47.83
19557,0,0,0,0,0.0
19558,1,1,0,0,87.25
19559,1,1,1,0,74.47
19560,0,1,1,0,38.43
19561,0,1,0,0,12.57
19562,1,0,1,0,45.62
19563,1,0,1,0,8.85
19564,1,1,0,0,22.33
19565,0,0,1,0,117.12
19566,1,0,1,0,39.93
19567,0,0,0,1,78.62
19568,1,1,1,0,34.77
19569,1,1,1,0,161.17
19570,1,1,0,0,35.44
19571,1,0,1,1,48.29
19572,0,0,0,0,105.45
19573,0,0,1,0,68.67
19574,1,0,1,0,102.33
19575,1,0,0,0,153.45
19576,0,0,1,0,123.21
19577,1,0,1,0,209.38
19578,1,0,0,0,99.07
19579,1,0,0,0,0.0
19580,1,0,1,0,95.66
19581,1,0,1,0,0.0
19582,0,0,1,0,118.5
19583,0,0,0,0,22.43
19584,1,0,1,0,0.0
19585,0,1,0,0,104.17
19586,0,0,0,1,0.0
19587,1,1,1,0,11.76
19588,0,0,0,1,41.68
19589,0,0,0,1,225.58
19590,0,0,1,0,0.0
19591,0,1,0,1,129.16
19592,1,1,1,0,0.0
19593,1,0,1,0,47.64
19594,1,0,1,0,36.0
19595,1,0,0,0,12.36
19596,0,0,0,0,106.9
19597,0,0,0,0,147.67
19598,1,0,0,0,18.85
19599,0,0,1,0,108.52
19600,0,0,0,0,0.0
19601,1,0,1,0,229.92
19602,0,0,0,0,97.88
19603,0,0,1,0,123.53
19604,0,0,0,1,158.98
19605,0,0,0,1,88.72
19606,1,0,0,0,56.79
19607,1,0,0,0,0.0
19608,0,0,0,0,0.0
19609,0,0,0,0,42.15
19610,0,0,0,0,0.0
19611,0,0,0,0,0.0
19612,1,0,1,0,54.69
19613,0,0,1,0,14.71
19614,1,0,1,0,50.96
19615,0,0,1,0,99.13
19616,1,1,1,0,44.54
19617,0,0,1,0,88.45
19618,0,1,0,1,66.22
19619,0,1,1,0,144.2
19620,0,0,0,0,166.23
19621,0,0,0,0,81.3
19622,0,0,0,0,104.72
19623,0,0,1,0,0.0
19624,1,0,0,0,3.23
19625,0,0,0,0,12.02
19626,0,0,1,0,40.08
19627,1,0,0,0,59.0
19628,0,0,0,0,21.37
19629,0,0,0,0,90.12
19630,1,1,1,1,17.56
19631,1,0,0,0,0.0
19632,0,0,1,0,115.7
19633,1,0,1,0,127.77
19634,1,0,0,0,52.13
19635,0,0,1,0,97.08
19636,0,0,0,0,89.57
19637,1,0,1,1,41.03
19638,0,0,0,0,19.09
19639,0,0,0,0,99.11
19640,1,0,0,0,128.25
19641,0,0,0,0,23.95
19642,0,0,0,0,44.59
19643,0,1,1,0,153.82
19644,1,0,0,0,0.0
19645,0,0,0,0,111.07
19646,0,0,0,0,4.09
19647,0,0,1,0,11.59
19648,1,1,0,0,26.89
19649,1,0,1,0,12.83
19650,0,0,0,0,43.94
19651,0,0,0,1,14.46
19652,0,0,0,0,0.0
19653,0,1,0,0,116.19
19654,1,0,1,0,81.4
19655,0,0,1,0,49.83
19656,0,0,1,1,70.85
19657,1,0,0,0,59.56
19658,1,0,0,0,87.85
19659,0,0,1,0,54.98
19660,1,0,0,0,27.76
19661,1,0,1,1,0.0
19662,1,0,1,0,114.35
19663,0,0,0,0,168.93
19664,1,0,1,0,81.02
19665,0,0,1,0,88.66
19666,0,0,0,0,35.19
19667,0,0,0,0,103.62
19668,0,0,0,1,96.32
19669,0,0,0,0,57.49
19670,0,0,0,0,33.51
19671,1,0,1,0,55.56
19672,0,0,0,0,147.23
19673,0,0,1,1,87.64
19674,0,0,1,1,89.25
19675,0,1,0,0,65.77
19676,0,0,0,0,127.49
19677,0,0,1,0,41.67
19678,1,0,1,0,60.15
19679,0,0,1,0,75.35
19680,1,0,1,0,12.53
19681,0,0,0,0,28.14
19682,1,1,1,0,181.39
19683,1,0,1,0,47.17
19684,0,1,0,0,84.12
19685,0,1,0,0,6.57
19686,0,0,0,0,32.81
19687,1,0,0,0,40.15
19688,1,0,0,0,0.0
19689,0,0,1,0,124.88
19690,0,1,1,0,192.82
19691,1,0,0,0,22.7
19692,0,0,0,0,64.11
19693,0,0,1,0,55.67
19694,0,0,1,0,61.55
19695,0,0,1,0,61.28
19696,1,0,1,0,33.86
19697,1,0,0,0,17.06
19698,1,0,1,0,27.48
19699,0,1,1,0,131.23
19700,0,0,1,0,193.31
19701,0,0,0,0,117.02
19702,1,0,1,1,187.14
19703,1,1,1,0,87.74
19704,1,0,1,0,0.0
19705,1,0,1,0,250.89
19706,0,0,0,0,67.0
19707,0,1,0,0,19.42
19708,0,0,1,0,176.05
19709,1,0,1,0,55.48
19710,0,0,1,0,86.7
19711,0,0,0,0,0.0
19712,0,0,0,0,57.34
19713,1,0,1,0,99.69
19714,0,0,0,0,79.21
19715,1,1,1,0,8.76
19716,0,0,0,0,0.0
19717,0,0,0,0,51.68
19718,0,0,0,1,73.01
19719,0,0,1,1,0.0
19720,0,1,1,0,52.36
19721,0,1,0,0,70.18
19722,0,0,1,0,21.35
19723,0,0,1,0,11.0
19724,1,0,1,1,104.02
19725,0,0,0,1,41.02
19726,1,1,1,0,51.6
19727,0,0,0,0,52.23
19728,1,0,1,0,169.51
19729,0,1,0,0,149.56
19730,0,0,0,0,8.52
19731,0,0,1,0,0.0
19732,0,0,0,0,137.12
19733,1,0,0,0,97.7
19734,0,0,0,0,24.66
19735,1,0,0,0,0.0
19736,1,0,0,1,28.86
19737,0,0,0,0,79.22
19738,1,0,1,0,56.36
19739,1,0,1,0,110.51
19740,1,0,1,0,233.03
19741,1,0,1,0,0.0
19742,1,0,0,0,10.6
19743,0,0,0,0,37.71
19744,1,0,0,0,63.59
19745,0,0,0,0,5.46
19746,0,0,0,0,104.5
19747,0,0,0,0,175.7
19748,1,0,0,1,115.09
19749,0,0,0,0,46.1
19750,1,0,1,0,103.27
19751,0,0,0,0,12.92
19752,0,0,0,1,0.0
19753,0,0,1,0,112.14
19754,1,0,0,0,60.08
19755,1,0,1,0,86.86
19756,0,0,0,0,173.7
19757,0,0,0,0,27.47
19758,1,0,1,0,73.9
19759,0,0,0,0,12.37
19760,1,0,1,0,31.5
19761,0,0,0,0,0.0
19762,0,0,0,0,103.65
19763,0,0,0,0,69.65
19764,1,1,1,0,237.98
19765,1,0,1,0,117.12
19766,1,0,0,0,23.63
19767,0,0,0,0,0.0
19768,1,1,1,0,89.12
19769,0,0,0,0,32.52
19770,0,0,0,0,115.97
19771,0,0,0,0,14.27
19772,0,0,1,0,77.95
19773,1,1,1,0,83.08
19774,0,0,0,0,141.53
19775,0,0,0,0,60.85
19776,1,1,0,1,0.0
19777,1,0,1,0,40.39
19778,1,0,1,0,113.1
19779,0,0,1,0,0.0
19780,0,1,1,1,106.23
19781,0,0,1,0,20.54
19782,0,1,0,0,27.82
19783,1,1,1,0,48.45
19784,0,0,0,0,4.64
19785,1,1,1,1,145.16
19786,1,0,1,0,0.0
19787,0,0,0,0,0.0
19788,1,1,1,1,107.89
19789,1,0,0,1,26.82
19790,0,1,1,0,112.4
19791,1,0,0,0,5.13
19792,0,0,1,0,104.85
19793,1,0,1,0,127.63
19794,0,1,0,1,103.67
19795,0,0,1,0,185.93
19796,0,1,0,1,29.12
19797,0,0,1,0,102.93
19798,0,0,0,0,48.59
19799,1,1,1,0,29.35
19800,1,0,0,0,61.0
19801,1,0,1,0,40.26
19802,0,0,1,1,142.34
19803,1,0,1,0,62.47
19804,0,0,1,0,66.86
19805,1,1,1,0,91.83
19806,1,0,1,0,73.21
19807,0,0,0,0,0.0
19808,0,0,0,0,152.5
19809,1,1,1,0,84.36
19810,0,1,0,0,54.21
19811,1,0,0,0,40.11
19812,1,1,1,0,66.73
19813,1,0,0,0,71.29
19814,1,0,0,0,89.86
19815,0,0,0,0,127.35
19816,1,0,0,0,0.0
19817,0,1,1,0,122.1
19818,0,0,0,0,83.97
19819,1,1,1,0,49.43
19820,1,0,0,0,0.0
19821,0,0,0,0,32.6
19822,0,0,0,0,10.16
19823,1,0,1,0,75.02
19824,0,1,0,0,39.26
19825,0,1,0,0,31.32
19826,0,0,0,0,120.16
19827,0,1,0,0,85.0
19828,0,0,1,0,114.29
19829,1,0,0,0,44.3
19830,1,0,0,0,21.04
19831,1,0,0,0,32.44
19832,0,0,1,0,58.68
19833,1,1,0,0,0.0
19834,0,0,1,0,0.0
19835,0,0,0,0,27.71
19836,1,0,0,0,8.32
19837,0,0,1,0,131.35
19838,1,0,1,0,35.14
19839,0,0,0,0,62.08
19840,1,1,1,0,7.38
19841,0,0,0,1,58.96
19842,1,0,0,0,94.3
19843,1,1,0,1,31.17
19844,1,0,1,0,143.76
19845,0,1,1,0,93.31
19846,0,0,0,1,122.42
19847,0,1,0,0,28.01
19848,1,0,0,0,137.63
19849,1,0,0,0,77.37
19850,0,0,1,0,102.99
19851,0,0,0,0,0.0
19852,0,0,1,0,0.0
19853,1,0,0,0,152.58
19854,1,0,1,0,160.93
19855,0,0,0,0,192.43
19856,0,0,0,1,113.31
19857,0,1,1,0,0.34
19858,1,0,1,0,40.55
19859,0,0,1,0,93.14
19860,1,0,1,0,128.42
19861,0,0,0,0,70.77
19862,0,0,0,0,81.05
19863,0,0,1,0,78.23
19864,0,0,0,0,83.12
19865,0,0,0,0,47.16
19866,1,0,0,0,9.61
19867,0,0,0,0,21.09
19868,0,0,0,1,56.76
19869,0,0,1,0,40.77
19870,0,0,1,0,7.57
19871,0,0,0,0,83.25
19872,0,0,1,0,90.97
19873,1,1,1,0,133.19
19874,1,0,0,0,139.49
19875,0,0,0,0,147.82
19876,0,0,0,0,30.89
19877,0,1,0,0,13.63
19878,1,1,1,0,215.82
19879,0,0,0,1,64.45
19880,0,0,0,0,0.0
19881,0,1,1,0,93.33
19882,0,0,0,1,82.02
19883,1,0,1,0,123.62
19884,0,0,0,0,24.83
19885,0,1,0,0,0.0
19886,0,1,1,0,83.79
19887,0,0,0,0,199.24
19888,0,0,1,1,53.66
19889,1,0,0,0,156.24
19890,0,0,0,0,0.0
19891,1,0,1,0,68.92
19892,0,0,0,0,56.74
19893,0,0,0,0,61.74
19894,0,0,1,0,84.42
19895,1,0,0,0,14.09
19896,1,0,0,0,115.72
19897,0,0,0,1,74.35
19898,0,0,1,1,1.9
19899,1,0,1,0,18.36
19900,0,1,0,0,142.11
19901,1,1,1,0,47.3
19902,0,0,0,0,31.04
19903,0,0,0,0,105.5
19904,1,0,0,0,151.92
19905,0,0,1,0,15.35
19906,1,0,1,0,0.0
19907,0,1,1,0,39.88
19908,1,0,1,0,33.61
19909,0,0,1,0,197.74
19910,0,0,0,0,83.02
19911,1,1,0,0,55.61
19912,0,0,1,0,93.97
19913,1,0,1,0,3.08
19914,0,0,0,0,84.19
19915,0,1,0,0,125.37
19916,1,0,1,0,50.9
19917,1,0,1,0,187.32
19918,0,0,0,0,96.25
19919,1,0,0,1,75.19
19920,0,0,0,0,41.88
19921,1,0,1,0,9.77
19922,1,0,1,0,65.44
19923,1,0,0,0,55.43
19924,0,0,1,0,0.0
19925,0,0,0,0,68.09
19926,0,0,0,0,7.8
19927,0,0,1,0,39.93
19928,1,0,0,0,130.0
19929,1,0,0,0,108.63
19930,0,0,0,0,99.39
19931,0,0,0,0,13.4
19932,0,0,0,0,22.23
19933,0,1,0,0,49.68
19934,0,0,1,0,101.44
19935,0,0,0,0,12.51
19936,1,1,1,0,174.21
19937,0,0,0,0,125.68
19938,0,0,0,1,21.55
19939,0,0,0,1,141.44
19940,0,0,0,1,168.42
19941,0,0,1,0,13.32
19942,1,0,1,0,202.61
19943,1,0,0,0,54.18
19944,0,0,0,1,30.17
19945,0,0,1,0,0.0
19946,0,0,1,0,0.0
19947,0,0,1,0,0.0
19948,0,0,0,0,0.0
19949,0,1,0,0,62.9
19950,1,0,1,0,98.69
19951,0,1,0,0,60.2
19952,1,0,0,0,178.97
19953,0,0,1,0,21.35
19954,0,0,1,1,162.13
19955,0,0,1,0,14.92
19956,1,0,0,1,77.03
19957,0,0,0,1,70.32
19958,0,0,0,0,0.0
19959,0,0,0,0,20.64
19960,1,0,0,0,44.86
19961,0,0,0,0,0.0
19962,0,1,0,0,12.19
19963,1,0,1,0,58.3
19964,0,0,1,0,73.62
19965,0,0,1,0,98.71
19966,0,0,0,0,61.03
19967,0,0,0,0,49.1
19968,1,0,0,0,145.96
19969,0,0,0,0,39.25
19970,0,0,0,0,0.0
19971,1,0,1,0,71.5
19972,1,0,1,1,132.26
19973,0,0,0,0,71.35
19974,1,1,1,0,120.84
19975,0,0,0,0,80.86
19976,1,1,1,0,131.74
19977,1,0,0,0,85.99
19978,1,0,1,0,0.0
19979,1,0,0,0,31.14
19980,1,0,1,0,102.44
19981,0,1,0,0,91.06
19982,0,0,0,0,90.19
19983,1,0,0,0,9.39
19984,1,0,1,0,19.28
19985,1,0,0,0,115.52
19986,1,1,1,0,134.84
19987,1,1,1,0,22.22
19988,1,0,1,0,0.0
19989,1,1,1,0,66.82
19990,1,0,1,0,171.42
19991,0,0,0,0,99.13
19992,0,0,0,0,0.0
19993,1,0,0,1,11.77
19994,1,0,1,0,100.64
19995,0,0,0,0,2.46
19996,1,1,1,0,109.14
19997,1,0,0,0,54.99
19998,0,1,1,0,30.41
19999,1,0,1,0,27.11
20000,0,0,0,0,22.26
20001,0,0,1,0,98.14
20002,0,0,0,0,0.0
20003,1,0,1,0,90.08
20004,0,0,1,1,98.77
20005,0,0,0,0,32.48
20006,1,0,0,0,21.01
20007,0,0,0,0,18.39
20008,1,0,1,0,74.25
20009,0,0,0,0,41.94
20010,1,1,1,0,52.66
20011,0,0,1,0,46.33
20012,0,0,0,0,75.46
20013,1,1,1,0,88.44
20014,1,0,0,0,0.0
20015,1,0,0,0,0.0
20016,1,0,1,0,144.49
20017,0,0,0,0,36.85
20018,0,0,0,0,55.64
20019,0,1,1,0,37.07
20020,0,1,1,0,101.03
20021,0,0,0,0,7.89
20022,0,0,0,0,167.58
20023,1,0,0,0,94.57
20024,0,0,1,0,115.48
20025,1,0,0,0,86.75
20026,1,0,1,0,72.63
20027,0,0,1,0,67.66
20028,1,0,0,0,62.09
20029,0,0,0,0,78.12
20030,1,0,0,0,168.69
20031,0,1,1,0,74.87
20032,1,1,1,0,222.74
20033,0,1,1,0,0.0
20034,0,0,0,0,17.62
20035,1,0,0,0,72.24
20036,1,0,0,0,82.49
20037,0,0,1,0,67.94
20038,1,0,0,0,0.0
20039,1,0,0,0,93.45
20040,0,0,0,0,33.77
20041,1,1,1,0,117.47
20042,0,0,0,0,41.09
20043,0,1,0,0,218.59
20044,0,0,0,0,83.46
20045,1,0,1,0,5.33
20046,0,0,0,1,73.77
20047,0,1,1,0,37.47
20048,0,0,0,0,116.63
20049,1,1,0,0,101.88
20050,1,0,1,1,45.42
20051,0,0,0,0,151.81
20052,0,0,0,0,56.31
20053,0,0,0,0,0.0
20054,1,0,1,0,56.04
20055,1,0,1,0,86.69
20056,0,1,0,0,60.72
20057,0,0,1,0,117.87
20058,0,0,0,0,29.74
20059,0,0,1,0,79.65
20060,0,0,1,0,139.96
20061,0,0,0,0,41.17
20062,1,0,0,0,50.66
20063,1,0,1,0,0.0
20064,1,0,0,1,15.56
20065,0,0,0,0,46.65
20066,1,0,0,0,70.99
20067,1,0,0,0,51.75
20068,0,1,1,0,71.69
20069,0,0,0,0,0.0
20070,0,0,0,0,131.69
20071,0,0,0,0,0.0
20072,0,0,0,0,26.48
20073,1,0,1,1,120.91
20074,1,0,1,0,117.77
20075,0,0,0,0,76.48
20076,0,0,0,0,95.36
20077,0,0,0,1,0.0
20078,0,0,0,1,80.72
20079,0,1,0,0,0.0
20080,1,0,0,0,54.34
20081,0,0,0,0,0.0
20082,1,0,0,1,3.31
20083,0,0,0,0,0.0
20084,0,1,0,0,170.25
20085,0,0,0,0,70.62
20086,0,0,0,0,58.07
20087,0,0,0,0,79.42
20088,0,0,0,0,3.18
20089,0,0,0,0,0.0
20090,1,0,1,0,43.21
20091,0,0,0,0,118.11
20092,0,0,0,0,13.99
20093,0,0,0,0,59.78
20094,1,1,1,1,39.88
20095,0,0,0,1,9.83
20096,1,1,1,0,89.56
20097,1,0,0,0,96.7
20098,0,0,1,0,136.92
20099,0,0,0,0,69.18
20100,0,0,0,0,106.09
20101,0,0,0,0,30.08
20102,1,0,0,0,99.32
20103,0,0,0,0,166.33
20104,1,0,1,0,92.0
20105,0,0,0,0,27.87
20106,0,0,0,0,0.0
20107,1,0,1,0,55.03
20108,0,0,1,0,0.0
20109,0,0,1,0,103.65
20110,0,0,0,0,0.0
20111,0,0,0,0,104.24
20112,1,1,1,0,85.78
20113,0,0,0,0,53.58
20114,1,0,0,0,0.0
20115,1,0,1,1,207.38
20116,1,0,0,0,0.0
20117,1,0,0,0,10.69
20118,1,1,1,1,6.89
20119,0,0,0,0,102.0
20120,0,1,1,0,73.16
20121,1,1,1,0,71.14
20122,0,0,0,1,0.0
20123,0,0,0,0,60.14
20124,0,0,0,0,78.3
20125,0,0,0,0,44.97
20126,1,0,1,0,0.0
20127,0,0,1,0,156.12
20128,0,0,1,0,23.4
20129,1,1,1,0,148.39
20130,0,1,1,0,5.21
20131,0,0,1,0,87.41
20132,0,0,0,0,109.57
20133,1,1,0,0,116.57
20134,0,0,0,0,0.0
20135,1,0,0,0,0.0
20136,0,0,0,1,173.78
20137,1,0,0,0,49.65
20138,1,0,1,0,0.0
20139,0,0,0,1,51.0
20140,0,1,0,0,38.28
20141,0,0,0,0,71.43
20142,1,1,1,0,67.85
20143,1,0,1,0,3.12
20144,0,0,1,1,18.61
20145,1,0,0,0,131.46
20146,0,0,0,0,24.94
20147,1,0,1,1,168.84
20148,0,0,0,0,7.73
20149,0,0,0,0,77.7
20150,1,1,0,0,54.65
20151,0,1,1,0,41.46
20152,1,1,1,0,246.03
20153,0,0,0,0,93.99
20154,1,0,1,0,77.12
20155,1,0,1,0,0.0
20156,0,0,0,0,0.0
20157,0,0,0,0,46.92
20158,1,1,1,0,71.31
20159,0,0,0,1,0.0
20160,0,1,1,0,61.82
20161,0,0,1,0,44.73
20162,0,0,1,1,0.0
20163,0,0,1,0,100.2
20164,0,0,1,0,0.0
20165,1,1,1,0,141.7
20166,1,0,0,0,64.72
20167,1,0,1,0,67.46
20168,0,0,1,0,19.31
20169,0,0,0,1,53.6
20170,0,0,0,0,0.0
20171,1,0,1,0,130.32
20172,1,1,1,0,169.59
20173,0,0,0,0,41.69
20174,1,0,0,0,71.55
20175,0,0,0,0,27.68
20176,1,0,1,0,121.78
20177,0,0,0,0,28.44
20178,1,0,1,0,0.0
20179,1,0,0,0,0.0
20180,0,0,0,0,95.72
20181,1,1,1,0,0.0
20182,0,1,0,0,0.0
20183,0,0,0,0,69.8
20184,1,1,1,1,0.0
20185,0,1,1,0,0.0
20186,0,0,1,0,86.79
20187,0,0,0,0,70.3
20188,0,0,0,0,143.42
20189,0,1,0,0,119.85
20190,1,1,1,0,126.88
20191,1,1,1,0,95.44
20192,0,0,0,0,33.41
20193,1,0,1,1,15.9
20194,0,0,1,0,108.04
20195,0,0,0,0,99.03
20196,0,0,1,0,0.0
20197,1,0,1,0,19.57
20198,1,0,1,0,44.74
20199,1,0,0,0,52.28
20200,1,0,1,0,54.5
20201,0,0,0,0,114.28
20202,0,0,0,0,71.43
20203,1,0,0,0,102.05
20204,0,0,0,1,0.0
20205,1,0,1,0,19.67
20206,0,0,1,0,0.0
20207,0,1,0,0,116.22
20208,0,0,0,1,90.28
20209,0,0,1,0,16.75
20210,1,0,1,0,84.36
20211,0,0,1,0,0.0
20212,0,0,0,0,2.1
20213,1,0,1,0,157.85
20214,1,0,0,0,62.02
20215,0,0,1,0,100.97
20216,0,0,1,0,0.0
20217,1,1,0,0,97.92
20218,1,1,1,0,124.14
20219,1,0,0,0,93.71
20220,1,0,1,1,15.5
20221,0,0,1,0,88.73
20222,1,0,0,0,108.06
20223,1,1,0,1,142.43
20224,1,0,0,0,116.64
20225,0,0,1,0,0.0
20226,1,1,0,0,138.22
20227,1,0,0,0,48.84
20228,1,1,1,0,100.4
20229,0,0,0,0,8.73
20230,0,0,0,0,61.55
20231,0,0,0,1,19.19
20232,0,0,0,0,0.0
20233,0,1,0,0,54.74
20234,1,1,1,0,171.11
20235,1,0,1,0,53.76
20236,1,0,1,0,60.98
20237,0,1,0,0,0.0
20238,1,1,1,0,169.91
20239,0,0,0,0,64.34
20240,0,1,0,0,190.69
20241,0,1,1,0,62.89
20242,1,1,1,1,73.01
20243,1,1,1,1,76.6
20244,1,0,1,0,95.21
20245,0,0,0,0,53.28
20246,1,1,1,0,24.42
20247,0,0,0,0,60.29
20248,1,0,1,0,31.87
20249,0,0,0,0,0.0
20250,1,0,1,0,101.22
20251,0,0,0,0,134.89
20252,1,0,1,0,200.81
20253,1,0,1,0,120.34
20254,0,1,0,0,76.02
20255,0,1,0,0,76.06
20256,0,1,0,0,149.58
20257,0,0,0,0,46.91
20258,1,1,0,0,118.68
20259,1,1,1,0,0.0
20260,0,1,0,0,67.25
20261,0,1,0,0,0.0
20262,1,0,1,0,9.6
20263,1,0,1,1,117.03
20264,1,0,0,0,0.0
20265,0,0,0,0,18.19
20266,0,0,0,0,60.55
20267,0,0,1,0,89.38
20268,1,0,1,0,99.77
20269,0,0,0,0,32.89
20270,0,0,1,0,93.47
20271,0,0,1,0,77.29
20272,0,1,0,1,64.86
20273,1,1,0,0,30.43
20274,1,0,1,0,31.37
20275,1,0,0,0,109.63
20276,0,0,0,0,48.16
20277,0,1,1,0,121.74
20278,1,1,1,0,63.42
20279,1,0,1,1,118.4
20280,1,1,1,0,77.82
20281,1,1,1,0,143.73
20282,0,0,0,0,63.02
20283,0,0,0,0,78.22
20284,0,0,1,0,0.0
20285,0,0,0,0,97.41
20286,1,1,1,1,85.68
20287,0,0,0,0,47.62
20288,0,0,1,0,70.1
20289,0,0,0,0,13.06
20290,0,0,0,0,0.84
20291,0,0,0,0,53.87
20292,0,0,1,0,64.64
20293,1,0,1,1,61.6
20294,0,0,1,0,0.0
20295,0,0,0,0,135.84
20296,0,0,0,0,72.15
20297,0,0,0,0,158.86
20298,1,0,0,0,45.47
20299,0,0,0,0,54.24
20300,1,0,0,0,190.98
20301,0,0,0,0,109.77
20302,0,0,0,0,79.7
20303,0,1,0,0,35.87
20304,0,0,0,0,0.0
20305,0,0,0,0,53.67
20306,1,0,1,0,108.33
20307,1,0,0,0,12.43
20308,1,0,1,0,57.87
20309,0,0,1,0,56.8
20310,0,0,1,0,112.36
20311,0,0,0,0,92.44
20312,1,0,1,0,182.03
20313,0,0,0,0,118.72
20314,0,0,1,0,69.34
20315,1,0,1,0,0.0
20316,1,0,1,1,0.0
20317,0,1,0,0,34.96
20318,0,0,0,0,4.08
20319,1,1,1,0,125.8
20320,0,0,1,0,94.97
20321,0,0,0,0,29.55
20322,1,0,0,0,65.15
20323,0,0,0,0,62.64
20324,0,0,0,0,99.55
20325,0,0,0,0,24.22
20326,1,0,0,0,43.78
20327,0,1,0,0,165.2
20328,1,1,1,0,9.52
20329,0,0,0,0,146.58
20330,1,0,0,0,27.42
20331,0,0,0,0,35.48
20332,0,0,0,0,22.48
20333,0,1,0,0,106.01
20334,0,0,0,0,3.31
20335,0,0,1,0,0.0
20336,1,0,1,1,21.6
20337,0,0,0,0,24.03
20338,0,1,0,0,31.37
20339,1,0,1,1,87.19
20340,0,0,0,0,64.64
20341,1,0,1,0,140.27
20342,0,0,0,0,0.0
20343,0,0,1,0,71.4
20344,0,0,1,0,98.46
20345,1,0,1,0,143.28
20346,0,0,1,0,94.15
20347,1,0,1,0,89.23
20348,0,0,0,0,136.18
20349,1,0,1,0,43.38
20350,0,0,0,0,35.17
20351,0,0,0,0,179.58
20352,0,0,0,0,19.85
20353,1,0,1,0,85.02
20354,0,0,1,0,182.78
20355,1,1,1,0,2.02
20356,0,0,0,0,44.55
20357,1,1,1,0,53.42
20358,1,1,0,0,99.06
20359,0,0,0,0,143.21
20360,0,0,0,0,0.0
20361,0,1,1,0,158.26
20362,0,0,1,0,29.0
20363,0,0,0,0,73.26
20364,0,0,0,0,165.34
20365,0,1,1,0,93.45
20366,0,0,0,0,61.6
20367,0,0,0,0,68.81
20368,1,0,1,0,141.55
20369,1,1,0,0,47.5
20370,0,0,1,0,144.87
20371,0,0,1,0,98.55
20372,1,0,1,1,52.9
20373,1,0,0,0,140.72
20374,0,0,0,0,27.55
20375,0,0,1,0,38.8
20376,0,0,0,0,46.25
20377,0,0,1,0,0.0
20378,0,0,0,0,0.0
20379,1,0,1,0,31.28
20380,0,0,0,0,33.84
20381,0,0,1,0,36.91
20382,0,0,1,0,106.29
20383,0,0,0,0,13.44
20384,0,0,0,0,32.26
20385,1,0,1,0,20.59
20386,0,0,0,0,73.06
20387,1,0,1,0,186.75
20388,1,0,1,0,7.28
20389,0,0,0,0,145.59
20390,0,1,0,1,143.98
20391,0,0,1,0,116.62
20392,0,0,0,0,137.41
20393,1,0,0,0,25.98
20394,1,0,1,0,0.0
20395,0,1,0,0,174.18
20396,0,0,0,0,80.39
20397,0,1,0,0,3.72
20398,0,0,0,0,132.57
20399,1,1,0,0,84.82
20400,1,0,1,0,71.6
20401,0,0,0,0,69.4
20402,0,0,0,1,15.01
20403,0,1,1,0,113.45
20404,0,0,0,0,0.0
20405,0,0,0,0,0.0
20406,1,0,0,0,175.74
20407,1,1,0,0,28.61
20408,1,0,1,0,0.0
20409,0,0,0,0,70.04
20410,1,0,0,0,116.39
20411,1,0,0,0,59.02
20412,0,0,0,0,107.92
20413,0,0,0,0,26.54
20414,1,1,0,0,86.25
20415,1,1,0,0,0.0
20416,0,0,0,0,58.16
20417,0,0,0,0,123.89
20418,0,0,0,0,168.68
20419,1,0,1,0,138.85
20420,1,1,1,1,65.84
20421,0,0,1,0,0.19
20422,1,0,1,0,171.41
20423,0,1,1,0,124.69
20424,1,0,0,0,11.25
20425,1,0,1,0,147.89
20426,0,0,0,0,66.0
20427,0,0,0,0,98.14
20428,0,0,1,0,165.38
20429,1,0,1,0,147.45
20430,0,1,0,0,133.63
20431,0,0,1,0,186.03
20432,1,0,1,0,33.95
20433,0,0,0,0,0.0
20434,0,0,0,0,65.79
20435,0,0,0,0,0.0
20436,0,0,0,0,100.95
20437,0,1,1,0,0.0
20438,0,0,1,0,119.54
20439,1,0,0,0,62.37
20440,0,0,0,0,2.92
20441,0,0,0,0,77.51
20442,1,0,1,0,58.56
20443,0,0,0,0,47.74
20444,1,0,1,0,40.19
20445,1,0,0,0,28.28
20446,1,1,1,0,77.29
20447,1,0,0,0,151.09
20448,1,1,1,0,139.05
20449,1,0,0,0,91.29
20450,0,0,0,0,0.0
20451,0,0,0,0,193.51
20452,1,0,1,0,21.97
20453,0,1,0,0,111.72
20454,1,1,1,0,115.5
20455,0,0,0,0,22.62
20456,0,1,1,0,119.44
20457,1,0,0,0,33.01
20458,0,1,0,0,0.0
20459,1,1,0,0,81.68
20460,0,0,0,0,146.63
20461,0,1,0,0,91.39
20462,1,0,1,0,123.49
20463,0,0,1,0,0.0
20464,0,0,0,0,19.45
20465,0,0,0,0,48.0
20466,1,0,0,0,18.06
20467,1,0,0,0,11.62
20468,1,0,1,0,92.37
20469,0,0,0,0,105.21
20470,1,0,0,0,100.12
20471,0,0,0,0,32.05
20472,0,0,0,0,72.13
20473,1,0,1,0,115.51
20474,0,0,0,0,59.25
20475,1,1,1,0,127.91
20476,1,0,0,0,153.81
20477,0,0,0,0,86.45
20478,1,0,1,0,0.0
20479,0,0,0,0,41.86
20480,0,0,1,0,92.38
20481,1,0,1,0,18.23
20482,0,0,0,0,70.49
20483,0,0,0,0,0.0
20484,0,0,1,0,6.5
20485,0,1,0,1,114.33
20486,0,1,0,1,24.62
20487,0,0,0,0,23.54
20488,0,1,1,0,8.39
20489,1,0,0,1,82.16
20490,0,0,0,0,56.95
20491,0,0,1,1,124.01
20492,1,0,0,0,0.0
20493,1,0,1,0,0.0
20494,0,1,0,0,106.84
20495,0,0,1,0,51.87
20496,1,0,1,0,193.51
20497,0,0,1,0,100.1
20498,0,0,0,0,166.8
20499,1,0,0,0,60.62
20500,1,0,0,0,182.88
20501,0,0,1,0,116.09
20502,0,1,0,0,88.16
20503,1,0,1,0,0.0
20504,1,0,1,0,59.67
20505,0,0,0,0,74.1
20506,1,0,0,0,2.45
20507,1,0,0,0,132.9
20508,0,0,0,0,91.98
20509,1,0,1,0,83.96
20510,0,0,0,0,86.85
20511,0,0,1,1,65.62
20512,0,0,1,0,86.29
20513,1,1,1,0,148.76
20514,1,0,0,0,77.87
20515,0,0,0,0,114.6
20516,0,0,0,0,0.0
20517,1,0,1,0,48.41
20518,1,1,1,0,56.87
20519,0,0,1,0,18.64
20520,1,1,1,0,73.26
20521,0,0,0,1,60.5
20522,0,0,1,0,99.15
20523,0,0,0,0,0.0
20524,0,0,0,0,124.31
20525,1,1,1,0,76.52
20526,0,1,0,0,118.85
20527,1,0,0,0,11.53
20528,1,0,1,0,0.0
20529,0,0,0,0,70.48
20530,0,0,0,0,21.85
20531,0,0,0,0,42.13
20532,1,0,0,0,66.68
20533,1,0,0,0,47.14
20534,1,0,1,0,17.66
20535,0,1,1,0,23.13
20536,0,0,0,0,34.7
20537,0,0,0,0,58.53
20538,1,0,0,0,0.0
20539,1,1,1,0,180.43
20540,0,0,0,0,48.55
20541,0,0,0,0,14.04
20542,0,1,1,0,28.28
20543,1,0,1,1,89.45
20544,1,0,0,0,49.17
20545,1,1,1,0,77.89
20546,0,0,0,0,0.0
20547,1,0,1,0,68.59
20548,1,0,1,0,119.13
20549,0,0,0,0,29.21
20550,0,0,0,0,21.95
20551,1,0,1,1,100.55
20552,0,1,1,0,39.14
20553,0,0,0,0,106.38
20554,0,0,1,0,0.0
20555,0,0,0,0,0.0
20556,0,0,0,0,125.09
20557,0,0,0,0,124.04
20558,1,0,0,0,0.0
20559,1,0,1,0,0.0
20560,1,0,1,0,0.0
20561,1,0,1,0,71.63
20562,0,0,0,1,67.01
20563,0,0,0,0,4.88
20564,1,0,1,0,151.61
20565,1,0,0,0,55.2
20566,1,1,1,0,182.66
20567,0,0,1,0,71.32
20568,0,1,0,0,64.23
20569,0,0,0,0,0.0
20570,0,0,0,0,69.2
20571,1,0,1,1,0.0
20572,0,1,1,0,132.14
20573,1,0,0,0,59.39
20574,1,1,1,1,143.0
20575,0,1,0,0,76.45
20576,1,0,1,1,70.36
20577,0,0,0,0,121.34
20578,1,1,1,0,145.6
20579,0,0,1,0,0.0
20580,1,0,0,0,0.0
20581,0,0,0,0,124.24
20582,1,0,1,1,111.59
20583,0,0,0,0,30.71
20584,1,0,1,0,66.39
20585,0,0,0,0,83.01
20586,1,1,1,0,53.42
20587,0,0,1,0,42.19
20588,1,0,1,1,76.35
20589,1,1,0,0,40.17
20590,1,1,1,0,110.75
20591,0,1,1,0,104.71
20592,1,1,0,0,44.56
20593,0,0,1,0,79.19
20594,0,0,1,0,0.0
20595,0,0,0,0,49.77
20596,0,0,1,0,127.83
20597,0,0,1,0,91.2
20598,1,0,1,0,80.81
20599,1,0,0,0,79.75
20600,0,1,1,0,95.71
20601,0,1,0,0,140.41
20602,1,0,1,0,99.01
20603,1,0,0,0,93.32
20604,1,0,1,0,128.86
20605,0,0,0,0,18.37
20606,1,0,1,0,136.88
20607,0,0,1,0,46.38
20608,0,0,0,0,72.64
20609,0,0,1,0,57.94
20610,1,0,0,0,60.63
20611,1,0,0,0,69.77
20612,1,0,1,0,108.34
20613,1,0,0,0,28.98
20614,1,0,0,0,76.7
20615,1,0,0,0,49.26
20616,0,1,0,0,50.69
20617,0,0,1,0,4.96
20618,1,0,1,0,0.0
20619,0,0,0,0,85.37
20620,0,0,0,0,0.0
20621,1,1,0,0,90.91
20622,1,0,0,0,66.08
20623,1,0,1,0,99.02
20624,0,0,0,0,47.28
20625,0,1,0,0,0.0
20626,0,0,0,0,0.0
20627,0,0,0,0,102.78
20628,1,0,0,0,140.73
20629,0,0,1,0,65.37
20630,0,0,0,0,1.52
20631,1,0,0,0,90.6
20632,0,0,0,0,8.98
20633,0,0,0,0,80.35
20634,0,0,1,0,0.0
20635,0,0,0,0,237.88
20636,1,0,0,0,112.83
20637,0,1,1,0,172.93
20638,1,0,0,0,16.67
20639,0,0,0,0,117.05
20640,0,0,1,0,39.22
20641,0,0,0,0,35.44
20642,0,1,0,0,0.0
20643,0,0,1,0,126.62
20644,0,0,1,0,182.06
20645,1,0,1,0,83.01
20646,0,1,0,1,141.8
20647,0,0,0,0,98.04
20648,1,0,0,0,0.0
20649,1,0,0,0,106.85
20650,0,1,0,0,39.31
20651,0,0,0,0,150.41
20652,0,0,1,0,85.18
20653,1,0,0,0,0.0
20654,0,0,0,0,81.41
20655,0,1,0,0,0.0
20656,1,1,0,1,165.87
20657,0,0,1,0,100.14
20658,0,0,0,0,27.85
20659,0,1,0,0,7.93
20660,0,1,1,1,155.97
20661,1,0,1,1,35.93
20662,1,1,1,0,21.55
20663,0,0,1,0,80.91
20664,0,0,0,0,35.51
20665,0,0,0,0,0.0
20666,0,0,1,0,0.0
20667,0,0,1,0,39.16
20668,0,0,0,0,83.99
20669,1,0,0,1,53.81
20670,0,0,1,0,74.68
20671,1,0,0,0,140.13
20672,1,1,1,0,94.7
20673,1,0,0,0,99.01
20674,0,0,0,0,41.96
20675,1,0,1,1,97.19
20676,0,1,0,0,0.0
20677,0,0,0,0,0.0
20678,0,0,1,1,0.0
20679,1,0,0,0,79.71
20680,1,0,1,0,113.7
20681,1,0,1,0,41.4
20682,0,0,0,1,61.95
20683,1,0,1,0,63.42
20684,1,0,1,0,19.76
20685,0,0,1,0,27.33
20686,0,1,1,0,95.47
20687,0,0,0,1,132.3
20688,1,1,1,0,0.0
20689,0,0,0,0,30.63
20690,0,0,1,0,0.0
20691,0,0,0,0,41.11
20692,0,0,1,0,137.89
20693,0,1,1,1,69.98
20694,1,0,0,0,75.8
20695,1,0,0,0,128.55
20696,0,0,0,0,18.8
20697,0,0,1,0,64.23
20698,0,0,0,0,25.02
20699,0,0,1,0,68.46
20700,0,0,0,1,0.0
20701,0,0,1,0,38.65
20702,0,0,0,0,0.0
20703,1,1,1,0,123.84
20704,0,0,0,0,77.17
20705,0,0,0,0,99.08
20706,0,1,0,0,79.36
20707,1,0,0,0,82.05
20708,0,0,1,0,135.98
20709,0,0,0,0,20.98
20710,0,1,0,0,21.3
20711,1,1,1,1,59.29
20712,0,1,0,0,43.03
20713,0,0,0,0,108.62
20714,0,0,0,1,68.21
20715,1,0,0,0,0.0
20716,1,1,1,0,113.75
20717,0,0,0,1,118.65
20718,0,0,0,0,104.17
20719,0,0,0,0,13.96
20720,0,0,1,0,0.0
20721,0,0,1,0,13.14
20722,1,0,0,1,26.22
20723,0,0,1,0,123.69
20724,1,0,1,0,68.92
20725,1,0,1,0,200.91
20726,0,0,0,0,18.99
20727,1,1,1,1,96.47
20728,1,0,0,1,96.35
20729,1,0,0,0,69.43
20730,0,0,0,0,12.64
20731,1,0,0,0,53.57
20732,1,0,0,1,50.85
20733,0,1,0,0,10.99
20734,0,0,0,0,119.45
20735,0,0,0,1,30.7
20736,0,1,1,0,185.5
20737,1,0,0,0,8.13
20738,0,0,0,1,108.88
20739,0,0,0,0,69.99
20740,0,0,0,0,61.61
20741,0,0,1,0,137.42
20742,0,0,1,0,86.31
20743,1,0,0,0,94.51
20744,1,1,1,0,0.0
20745,1,1,1,0,130.74
20746,1,1,1,0,27.02
20747,1,0,1,0,212.2
20748,0,0,0,0,69.61
20749,0,0,1,0,15.42
20750,0,0,1,0,22.08
20751,0,0,0,0,16.73
20752,1,0,0,0,80.48
20753,0,1,1,1,89.72
20754,0,0,1,0,117.37
20755,1,0,0,0,112.63
20756,0,1,0,0,142.54
20757,0,1,0,0,1.06
20758,1,1,0,0,43.82
20759,1,0,0,0,70.24
20760,0,0,0,0,155.02
20761,0,1,0,0,27.98
20762,0,1,1,0,66.2
20763,1,0,0,0,99.86
20764,1,0,0,0,18.38
20765,1,0,1,0,87.24
20766,1,0,1,0,78.18
20767,1,0,1,1,44.94
20768,0,0,1,0,31.67
20769,0,1,0,0,108.81
20770,0,0,0,0,68.91
20771,0,0,0,0,53.42
20772,0,0,1,0,146.27
20773,1,0,0,0,59.84
20774,0,1,0,1,100.01
20775,0,0,1,0,157.46
20776,0,0,1,0,96.09
20777,0,1,1,0,66.64
20778,0,0,0,0,70.79
20779,0,0,1,0,120.39
20780,0,1,1,0,160.04
20781,1,1,1,0,125.95
20782,0,0,0,0,66.82
20783,1,0,0,0,3.25
20784,0,0,0,0,0.0
20785,0,0,0,0,92.4
20786,0,0,0,0,31.56
20787,0,0,0,0,44.68
20788,1,0,0,0,55.95
20789,1,1,1,0,112.27
20790,1,0,1,0,82.67
20791,1,0,0,0,68.87
20792,0,0,1,1,149.2
20793,0,0,0,0,11.58
20794,0,1,0,1,92.37
20795,0,0,1,0,50.18
20796,0,0,0,0,10.7
20797,1,1,1,1,184.02
20798,1,0,0,0,103.58
20799,0,0,0,0,0.0
20800,0,0,1,0,0.0
20801,0,0,1,0,5.19
20802,0,0,0,0,87.81
20803,0,1,1,0,82.3
20804,1,1,1,0,0.0
20805,1,0,1,0,101.42
20806,0,0,0,0,0.0
20807,0,0,0,0,27.54
20808,0,0,0,0,159.96
20809,1,0,0,0,113.64
20810,0,0,0,0,82.05
20811,1,0,1,0,29.7
20812,1,0,1,0,213.54
20813,0,0,1,0,141.88
20814,0,0,1,0,80.06
20815,1,1,1,0,134.58
20816,0,0,0,0,66.67
20817,0,0,0,0,128.42
20818,0,1,0,0,87.22
20819,0,1,0,0,56.4
20820,1,0,1,0,71.82
20821,0,0,1,1,41.72
20822,0,0,1,0,49.89
20823,0,0,1,1,223.69
20824,1,0,0,0,99.78
20825,1,1,1,0,139.67
20826,0,0,0,0,122.87
20827,0,1,1,0,63.47
20828,0,0,0,0,5.79
20829,0,0,0,0,122.64
20830,0,0,0,0,32.17
20831,0,0,0,0,192.28
20832,1,0,1,0,7.61
20833,0,0,0,0,34.29
20834,1,0,1,0,200.19
20835,1,0,1,0,115.55
20836,0,0,0,0,99.17
20837,1,0,1,0,57.39
20838,0,0,1,0,121.42
20839,0,1,0,1,21.18
20840,0,0,0,0,123.1
20841,0,0,0,0,135.01
20842,1,1,0,0,160.58
20843,0,0,0,0,71.7
20844,0,0,0,0,60.06
20845,1,1,0,0,66.97
20846,0,0,0,0,125.17
20847,1,0,0,0,109.32
20848,0,0,0,0,0.0
20849,0,0,1,0,21.97
20850,1,0,0,1,0.0
20851,1,1,0,0,49.5
20852,0,0,0,0,0.0
20853,0,1,1,0,133.32
20854,1,1,1,1,7.47
20855,1,1,0,0,4.63
20856,1,0,0,0,67.84
20857,1,1,1,1,61.41
20858,0,0,0,0,82.0
20859,0,0,0,0,76.75
20860,0,0,0,0,73.55
20861,1,0,0,0,98.09
20862,0,0,1,0,121.32
20863,0,0,1,0,85.04
20864,1,1,0,0,121.73
20865,0,0,0,1,44.35
20866,1,1,1,0,104.71
20867,1,0,1,1,65.04
20868,0,1,1,0,175.39
20869,0,0,1,0,150.22
20870,0,0,0,0,28.72
20871,0,0,0,0,143.47
20872,1,0,1,0,80.84
20873,0,0,0,0,85.31
20874,0,0,0,1,55.94
20875,0,0,0,0,0.0
20876,0,0,0,0,27.94
20877,0,0,0,0,96.67
20878,0,0,0,0,53.07
20879,0,0,0,0,0.0
20880,1,0,1,0,64.82
20881,0,0,0,1,120.24
20882,0,0,0,0,6.12
20883,1,0,1,1,16.42
20884,0,0,1,0,60.56
20885,1,1,1,0,166.38
20886,0,0,0,0,47.29
20887,0,0,1,0,0.0
20888,0,0,1,0,96.79
20889,0,0,1,0,155.12
20890,0,0,0,0,103.47
20891,0,0,0,0,17.78
20892,0,0,1,0,68.61
20893,0,0,0,0,24.6
20894,0,1,0,0,48.93
20895,0,0,0,0,61.88
20896,0,0,0,0,74.42
20897,1,0,0,0,56.7
20898,1,0,0,1,115.8
20899,0,0,0,0,64.74
20900,0,0,0,0,97.25
20901,0,0,0,0,69.74
20902,0,0,0,0,24.57
20903,0,0,0,0,0.0
20904,0,0,1,0,79.25
20905,1,0,1,0,50.49
20906,1,0,0,0,92.24
20907,0,0,0,0,86.48
20908,0,0,0,0,57.88
20909,1,0,0,0,94.08
20910,1,0,0,0,130.85
20911,1,1,0,1,0.0
20912,0,0,0,0,40.38
20913,0,0,0,0,131.6
20914,1,1,0,0,0.6
20915,0,0,0,0,0.0
20916,0,0,0,0,37.61
20917,0,0,0,0,0.0
20918,1,0,0,0,141.63
20919,0,0,0,0,18.54
20920,0,0,0,1,19.63
20921,0,0,0,0,24.69
20922,1,1,1,1,25.27
20923,1,1,1,0,134.03
20924,1,0,1,0,50.32
20925,0,1,1,0,128.31
20926,0,0,0,0,9.24
20927,0,0,0,0,8.32
20928,0,0,0,0,5.99
20929,0,0,0,0,141.64
20930,0,0,1,0,0.0
20931,1,0,1,1,0.0
20932,1,1,1,0,46.38
20933,0,0,0,1,55.28
20934,0,0,0,1,66.8
20935,1,0,0,0,3.36
20936,0,0,0,1,16.24
20937,1,0,0,0,30.4
20938,0,0,0,0,0.0
20939,1,0,1,0,55.03
20940,1,1,0,0,189.56
20941,0,0,0,1,0.0
20942,0,0,1,0,30.13
20943,0,0,0,0,46.77
20944,1,0,0,0,58.23
20945,0,0,1,0,87.3
20946,0,0,0,0,9.85
20947,0,0,0,0,14.66
20948,0,0,1,0,0.0
20949,0,0,0,0,0.0
20950,1,0,0,0,7.4
20951,0,1,0,0,22.03
20952,1,0,0,0,127.42
20953,0,1,0,0,88.35
20954,0,0,0,0,96.34
20955,0,0,0,0,77.67
20956,0,0,0,0,0.0
20957,1,0,1,0,57.85
20958,0,0,0,0,131.77
20959,0,0,0,0,6.3
20960,1,0,0,0,25.57
20961,1,0,0,0,95.53
20962,0,0,0,0,25.08
20963,0,0,0,1,114.92
20964,0,1,0,0,53.07
20965,0,0,0,0,60.35
20966,0,0,0,0,79.9
20967,0,0,1,0,61.58
20968,1,0,0,0,18.38
20969,0,0,0,1,54.79
20970,1,0,0,0,5.56
20971,0,1,1,0,99.12
20972,1,0,1,0,0.0
20973,0,0,0,0,44.2
20974,0,1,1,0,142.58
20975,0,0,1,0,110.82
20976,1,1,0,0,88.08
20977,1,1,1,0,0.0
20978,0,0,0,0,5.2
20979,1,1,0,0,101.66
20980,1,1,1,0,74.5
20981,0,0,0,0,25.83
20982,0,0,0,0,0.0
20983,0,1,0,0,0.0
20984,1,0,1,0,35.68
20985,0,0,1,0,41.03
20986,0,1,1,0,6.87
20987,0,1,0,0,18.95
20988,1,0,1,0,5.71
20989,1,0,0,0,0.0
20990,0,0,0,0,148.75
20991,0,0,1,0,191.45
20992,0,0,0,0,85.3
20993,0,0,0,0,61.54
20994,0,1,0,0,43.06
20995,1,0,0,0,124.82
20996,0,0,0,0,107.19
20997,0,0,0,0,56.58
20998,1,0,1,0,31.14
20999,1,0,0,0,98.9
21000,0,0,0,0,106.61
21001,0,1,0,1,2.1
21002,0,0,0,0,0.0
21003,1,0,1,1,148.67
21004,1,1,0,0,102.87
21005,1,0,1,0,79.09
21006,1,1,1,0,238.33
21007,0,1,1,0,98.69
21008,0,0,0,0,155.77
21009,0,1,1,0,73.85
21010,0,0,0,0,112.12
21011,1,0,1,0,126.96
21012,0,0,0,0,89.31
21013,1,0,1,0,38.26
21014,1,1,1,0,114.52
21015,1,0,0,0,96.78
21016,1,0,0,0,0.0
21017,0,0,0,0,56.68
21018,0,1,1,0,42.06
21019,0,0,0,0,38.82
21020,0,0,0,0,9.52
21021,1,1,1,0,130.0
21022,0,0,0,0,90.17
21023,1,0,1,0,149.8
21024,0,0,1,0,51.39
21025,0,0,0,0,100.07
21026,1,0,1,0,67.64
21027,0,0,0,0,0.0
21028,1,0,1,0,0.0
21029,1,0,0,0,56.25
21030,1,0,0,0,0.0
21031,1,0,1,0,94.87
21032,0,0,1,0,51.19
21033,0,0,0,0,34.92
21034,1,0,1,0,67.74
21035,0,0,1,1,223.79
21036,1,0,1,1,0.0
21037,0,0,0,0,23.13
21038,0,0,0,0,111.91
21039,0,0,1,0,98.52
21040,1,1,0,0,0.0
21041,1,0,1,1,35.63
21042,0,0,0,0,102.3
21043,0,0,0,1,0.0
21044,1,0,0,0,0.0
21045,0,0,0,0,28.41
21046,1,1,1,0,0.0
21047,0,0,0,1,5.1
21048,0,0,0,0,62.34
21049,0,0,0,0,2.95
21050,0,0,0,0,74.32
21051,1,0,1,0,60.02
21052,0,0,0,0,0.0
21053,0,0,0,1,115.77
21054,1,1,1,0,135.29
21055,0,0,0,1,34.19
21056,0,0,1,0,103.33
21057,1,0,1,0,153.05
21058,1,0,0,0,83.0
21059,0,0,0,0,35.08
21060,1,0,0,0,89.04
21061,1,1,1,0,134.22
21062,0,0,0,0,112.08
21063,1,0,0,0,75.16
21064,1,0,1,0,82.38
21065,0,0,0,0,166.51
21066,0,0,0,0,137.54
21067,1,1,1,0,199.67
21068,0,0,0,1,34.1
21069,0,0,0,0,0.0
21070,1,1,1,0,166.97
21071,0,0,0,0,108.05
21072,1,0,0,0,15.69
21073,1,0,0,0,83.98
21074,1,1,0,0,29.16
21075,1,1,1,1,99.45
21076,0,0,1,0,26.32
21077,0,0,0,0,127.98
21078,0,0,1,0,83.75
21079,0,0,1,0,61.8
21080,0,0,0,1,0.0
21081,0,0,1,0,105.35
21082,1,0,1,0,91.23
21083,1,0,0,0,91.52
21084,1,0,0,0,155.56
21085,0,0,0,0,0.0
21086,0,0,1,0,74.03
21087,0,0,1,0,34.94
21088,1,0,1,1,137.73
21089,1,0,0,0,162.52
21090,0,1,0,0,94.69
21091,0,0,1,0,27.24
21092,1,0,1,0,63.01
21093,1,1,1,1,124.35
21094,1,1,1,0,61.58
21095,1,1,1,0,113.36
21096,0,0,0,0,49.46
21097,0,0,0,0,0.0
21098,1,1,1,0,113.67
21099,0,0,0,0,57.08
21100,1,0,1,0,118.7
21101,0,0,0,0,88.21
21102,0,0,0,0,48.91
21103,0,1,0,0,55.65
21104,1,0,0,0,124.4
21105,1,0,1,0,225.07
21106,0,0,0,0,109.18
21107,0,0,0,0,29.86
21108,1,0,0,0,125.39
21109,1,0,0,1,55.66
21110,1,0,1,0,109.61
21111,1,0,0,0,36.04
21112,0,0,1,0,98.86
21113,0,0,0,0,121.63
21114,0,0,1,0,0.0
21115,0,0,0,1,155.95
21116,0,0,0,0,65.58
21117,0,0,0,0,90.27
21118,0,0,0,0,163.37
21119,0,0,0,0,108.97
21120,0,1,0,0,0.0
21121,0,0,0,0,56.38
21122,0,0,0,0,31.14
21123,1,1,1,1,90.1
21124,0,0,0,0,31.04
21125,0,0,0,0,23.71
21126,0,0,0,1,39.08
21127,1,0,1,0,17.48
21128,0,0,0,0,0.0
21129,0,0,1,0,0.0
21130,0,1,0,0,81.44
21131,0,0,0,1,60.67
21132,1,0,0,1,48.76
21133,1,0,1,0,46.4
21134,0,0,0,0,0.0
21135,0,0,0,0,0.0
21136,0,0,1,1,16.77
21137,1,1,1,0,138.66
21138,0,0,1,0,82.23
21139,0,0,0,0,0.0
21140,1,0,1,0,0.0
21141,1,1,1,1,50.77
21142,0,0,0,0,26.57
21143,1,0,1,0,0.0
21144,1,1,1,0,136.71
21145,1,0,0,0,32.48
21146,0,1,0,0,46.13
21147,0,1,0,1,157.86
21148,1,0,0,0,152.76
21149,0,0,1,0,24.91
21150,1,0,1,0,185.51
21151,0,0,0,1,43.7
21152,1,1,1,0,76.24
21153,1,0,1,0,6.25
21154,1,0,1,0,13.59
21155,0,0,0,0,8.66
21156,1,0,1,0,96.2
21157,0,1,1,0,5.11
21158,0,0,0,0,0.96
21159,1,0,1,0,0.0
21160,1,0,1,0,0.0
21161,1,1,1,0,164.57
21162,1,0,0,0,30.71
21163,0,1,1,0,72.21
21164,0,0,0,1,0.0
21165,0,0,0,0,29.25
21166,0,1,0,0,42.56
21167,0,1,0,0,9.58
21168,0,0,0,0,0.0
21169,0,0,0,0,28.19
21170,0,0,0,0,0.0
21171,0,0,0,0,79.52
21172,0,0,0,0,62.23
21173,0,0,0,0,129.68
21174,0,0,1,0,68.74
21175,0,0,1,0,77.28
21176,1,0,1,0,29.97
21177,1,0,1,0,143.29
21178,1,1,1,0,56.38
21179,0,0,0,0,135.01
21180,0,0,0,0,112.45
21181,0,0,1,0,57.71
21182,0,0,0,0,81.59
21183,0,0,0,0,19.29
21184,0,0,0,0,116.86
21185,0,1,1,0,180.1
21186,1,1,1,0,124.59
21187,0,0,0,0,0.0
21188,0,0,1,0,121.21
21189,0,0,0,0,53.19
21190,1,0,1,0,110.04
21191,1,0,0,0,104.21
21192,1,0,0,0,166.09
21193,1,0,0,0,93.22
21194,1,0,1,0,105.04
21195,0,0,1,1,38.89
21196,0,0,0,0,61.91
21197,0,0,0,0,51.4
21198,0,0,1,0,112.62
21199,0,0,0,0,84.54
21200,1,0,0,0,112.01
21201,0,0,1,1,16.32
21202,0,0,0,1,45.31
21203,0,0,0,0,31.62
21204,0,0,0,0,146.39
21205,0,0,0,0,33.25
21206,0,1,1,0,44.22
21207,0,0,1,0,42.01
21208,0,0,0,0,39.05
21209,0,1,0,0,85.68
21210,1,0,0,1,52.34
21211,0,0,0,0,148.1
21212,0,0,0,0,17.94
21213,1,1,1,0,141.19
21214,1,1,1,0,118.2
21215,1,1,0,0,90.73
21216,0,0,0,0,90.62
21217,1,0,1,0,78.69
21218,0,0,0,0,0.0
21219,1,0,1,0,66.29
21220,0,0,1,0,48.25
21221,1,0,0,0,180.87
21222,0,0,0,0,66.6
21223,0,0,0,0,0.0
21224,0,0,0,0,0.0
21225,1,1,1,0,33.36
21226,1,0,1,0,124.69
21227,0,0,1,0,57.11
21228,0,0,0,0,27.42
21229,0,0,1,0,36.46
21230,1,0,1,0,45.97
21231,0,0,0,0,84.79
21232,0,0,0,0,54.27
21233,0,0,1,0,159.42
21234,1,1,1,1,110.84
21235,0,1,0,0,96.34
21236,0,0,0,1,21.74
21237,0,0,0,0,0.48
21238,1,0,1,0,13.92
21239,1,1,1,0,133.96
21240,0,0,1,0,0.0
21241,1,1,1,0,46.07
21242,0,0,0,0,104.48
21243,0,0,1,0,12.4
21244,0,0,0,0,56.3
21245,1,1,1,0,63.29
21246,0,0,0,0,80.55
21247,0,0,0,1,113.42
21248,1,1,1,0,0.0
21249,1,1,1,0,78.6
21250,0,0,0,0,78.5
21251,0,0,0,0,36.2
21252,1,0,0,0,111.51
21253,1,0,0,0,65.45
21254,0,0,1,0,95.88
21255,1,1,1,1,99.06
21256,1,0,1,0,95.98
21257,1,1,1,0,51.89
21258,0,1,0,0,75.09
21259,0,0,0,0,0.0
21260,1,0,1,0,24.08
21261,0,0,1,0,50.62
21262,0,1,1,0,151.49
21263,0,0,0,0,44.74
21264,1,0,1,0,42.13
21265,0,0,0,0,87.89
21266,0,0,0,0,63.77
21267,0,0,0,0,13.4
21268,0,0,0,0,48.61
21269,0,0,0,0,0.0
21270,0,0,0,0,74.93
21271,0,0,0,0,62.36
21272,0,0,0,1,0.0
21273,0,0,0,0,160.51
21274,1,0,1,0,49.51
21275,1,1,1,0,51.5
21276,0,0,0,0,93.53
21277,0,0,0,1,56.78
21278,0,1,1,0,62.77
21279,1,1,0,0,8.09
21280,1,0,1,1,24.16
21281,1,0,1,0,102.19
21282,0,0,1,0,129.52
21283,0,0,0,0,57.81
21284,1,0,1,0,99.72
21285,0,0,0,0,98.64
21286,0,0,0,0,91.94
21287,1,1,0,0,33.24
21288,0,0,0,0,0.0
21289,0,0,0,0,55.51
21290,0,0,0,0,0.0
21291,1,0,0,0,57.99
21292,1,0,0,0,41.62
21293,0,0,1,0,46.71
21294,0,0,0,0,39.75
21295,1,1,0,0,65.89
21296,0,0,0,0,31.42
21297,1,0,0,0,23.11
21298,1,0,1,0,0.0
21299,1,0,1,0,25.63
21300,1,0,1,1,0.0
21301,1,0,1,0,78.49
21302,0,0,0,0,57.37
21303,1,0,0,0,0.0
21304,0,0,0,0,0.0
21305,0,0,0,0,36.61
21306,1,0,0,0,128.51
21307,0,0,0,0,91.13
21308,0,1,1,0,195.3
21309,1,0,1,0,96.23
21310,1,0,1,0,20.83
21311,1,0,0,0,155.93
21312,1,0,1,0,55.37
21313,0,1,0,0,80.54
21314,1,0,1,0,74.37
21315,0,0,0,0,32.33
21316,0,0,1,0,29.27
21317,0,0,1,0,117.69
21318,1,0,0,0,100.04
21319,0,0,1,0,97.54
21320,0,0,0,0,2.59
21321,1,0,0,0,96.87
21322,0,1,1,0,142.82
21323,0,0,0,0,78.2
21324,0,0,1,0,66.79
21325,0,0,1,1,0.0
21326,0,0,1,0,41.17
21327,0,0,1,0,79.97
21328,0,0,1,0,147.81
21329,1,1,1,1,74.82
21330,1,0,1,0,55.82
21331,1,1,1,0,102.32
21332,0,0,0,0,119.16
21333,0,0,0,0,22.14
21334,1,1,0,0,87.49
21335,0,0,0,0,74.37
21336,0,1,0,0,141.62
21337,0,0,1,0,92.4
21338,0,0,0,0,82.29
21339,0,0,0,0,0.0
21340,1,1,1,0,120.3
21341,0,0,1,0,113.64
21342,0,0,1,0,175.71
21343,1,0,1,0,127.22
21344,0,0,0,0,0.0
21345,0,0,0,0,262.16
21346,1,1,1,1,78.4
21347,0,1,0,0,8.64
21348,0,0,1,0,2.65
21349,0,0,1,0,159.2
21350,1,0,1,0,119.87
21351,0,0,0,0,106.35
21352,0,0,0,0,111.46
21353,0,0,0,0,13.99
21354,0,0,0,0,50.84
21355,0,0,0,0,96.29
21356,0,0,0,0,0.0
21357,0,0,1,0,24.27
21358,0,1,1,0,89.31
21359,0,1,1,0,67.26
21360,0,0,1,1,17.44
21361,0,1,1,0,119.26
21362,0,0,1,0,0.19
21363,0,0,1,0,0.0
21364,1,0,0,0,87.54
21365,0,0,0,0,83.68
21366,0,0,0,0,68.13
21367,0,0,0,0,107.16
21368,1,0,1,0,148.03
21369,0,0,0,1,1.56
21370,1,1,1,0,50.11
21371,0,0,1,0,47.84
21372,1,0,1,0,50.7
21373,1,0,0,0,113.36
21374,1,0,0,0,70.99
21375,1,1,1,0,0.0
21376,1,0,0,0,32.4
21377,0,0,0,0,21.33
21378,1,1,1,0,120.02
21379,0,0,1,0,122.74
21380,1,0,1,0,45.68
21381,0,0,0,0,0.0
21382,0,1,1,0,108.03
21383,0,0,1,0,0.0
21384,1,1,0,0,0.0
21385,0,0,1,0,19.46
21386,0,0,0,0,43.58
21387,0,1,1,0,82.34
21388,1,0,1,0,66.91
21389,0,0,0,0,84.97
21390,0,0,0,0,101.22
21391,0,1,0,1,60.13
21392,1,0,1,1,33.52
21393,0,0,1,0,177.04
21394,0,0,1,0,124.12
21395,0,0,0,0,50.42
21396,1,0,0,0,118.1
21397,1,0,0,0,39.69
21398,1,0,0,0,0.0
21399,1,0,0,0,65.88
21400,1,0,1,0,73.45
21401,0,1,0,0,16.35
21402,0,1,0,0,160.71
21403,1,0,0,0,107.91
21404,1,0,0,0,141.65
21405,1,0,1,0,19.25
21406,0,0,0,0,2.2
21407,1,0,0,0,150.76
21408,0,0,0,0,75.32
21409,1,0,1,1,65.46
21410,0,0,0,0,53.56
21411,1,0,0,1,79.37
21412,0,0,0,0,2.36
21413,1,0,0,0,51.47
21414,0,0,0,0,147.84
21415,0,0,1,0,19.47
21416,0,0,0,0,36.05
21417,0,0,0,0,41.42
21418,0,0,0,0,21.23
21419,1,0,0,0,22.46
21420,0,1,0,1,53.48
21421,0,0,1,0,48.35
21422,1,1,0,0,38.74
21423,0,0,0,0,139.28
21424,0,0,0,0,40.34
21425,0,0,1,0,0.0
21426,0,0,0,0,53.58
21427,0,0,0,0,27.17
21428,1,1,1,1,237.54
21429,1,0,1,0,55.19
21430,0,1,1,0,94.88
21431,1,0,0,0,0.0
21432,0,0,1,0,0.0
21433,1,0,1,0,90.29
21434,1,1,1,0,20.74
21435,0,0,1,0,149.56
21436,1,0,1,1,27.78
21437,0,0,0,0,49.81
21438,1,0,0,0,106.77
21439,0,0,0,0,106.33
21440,1,0,0,0,69.11
21441,0,0,1,1,79.99
21442,1,0,1,0,63.56
21443,0,0,0,0,91.33
21444,0,0,0,0,9.76
21445,0,0,0,0,61.93
21446,0,0,0,0,34.74
21447,1,1,1,0,61.47
21448,0,0,0,0,57.93
21449,0,0,0,0,179.01
21450,0,0,1,0,76.96
21451,1,0,0,0,0.0
21452,0,0,1,0,61.52
21453,0,0,0,0,54.58
21454,0,0,1,0,48.54
21455,0,0,0,0,0.0
21456,1,0,1,0,0.0
21457,0,0,0,0,156.62
21458,0,0,0,0,40.29
21459,0,1,1,0,88.05
21460,0,0,0,0,28.17
21461,0,0,0,0,7.46
21462,1,0,1,0,21.42
21463,1,0,0,0,51.1
21464,0,0,0,0,62.52
21465,1,0,1,0,95.69
21466,1,0,1,0,125.0
21467,1,0,1,0,94.75
21468,1,0,1,0,56.33
21469,0,0,1,0,112.22
21470,0,1,0,0,95.39
21471,0,0,0,0,124.16
21472,0,0,0,0,107.64
21473,0,0,1,0,52.1
21474,0,0,0,0,161.65
21475,1,0,0,0,70.88
21476,1,0,0,0,53.23
21477,0,1,1,0,77.72
21478,0,0,0,0,90.35
21479,0,0,0,0,30.3
21480,0,0,1,1,21.87
21481,0,0,0,0,0.0
21482,0,1,0,0,51.12
21483,0,0,0,0,137.01
21484,1,0,1,0,52.7
21485,0,0,0,0,0.0
21486,0,0,0,0,12.23
21487,0,0,0,0,0.0
21488,0,0,0,0,2.77
21489,1,0,1,0,27.7
21490,0,1,1,1,6.6
21491,1,0,0,0,149.99
21492,1,0,1,0,60.79
21493,0,1,0,0,144.46
21494,0,0,0,0,102.28
21495,1,1,1,0,0.0
21496,0,1,0,0,91.39
21497,0,0,0,0,34.06
21498,1,0,1,0,95.96
21499,0,0,0,0,121.55
21500,1,0,0,0,213.85
21501,0,0,0,0,127.57
21502,0,0,0,0,0.0
21503,1,1,1,0,0.0
21504,1,0,0,0,80.75
21505,1,0,0,0,0.0
21506,0,0,1,0,73.23
21507,0,0,0,0,57.84
21508,1,0,1,0,105.23
21509,0,0,0,0,3.94
21510,0,0,0,0,81.35
21511,0,0,1,0,111.59
21512,0,1,1,0,165.15
21513,0,0,0,0,29.4
21514,1,1,1,0,160.4
21515,1,1,0,0,75.55
21516,1,0,1,0,186.99
21517,1,0,0,0,61.36
21518,1,1,1,0,210.35
21519,1,0,1,0,105.72
21520,1,0,1,1,181.2
21521,1,1,1,0,40.45
21522,0,1,0,0,47.03
21523,0,0,1,0,49.45
21524,0,0,0,0,69.63
21525,0,1,1,0,7.08
21526,0,0,0,1,130.47
21527,1,0,1,0,62.34
21528,0,0,0,0,122.94
21529,0,0,0,0,0.0
21530,0,1,1,0,96.31
21531,1,0,0,0,40.1
21532,1,0,0,0,44.18
21533,0,0,0,0,24.76
21534,1,0,0,1,41.15
21535,0,0,0,0,2.29
21536,0,1,1,0,152.38
21537,0,0,1,0,80.63
21538,0,0,1,0,150.0
21539,0,0,0,0,93.29
21540,0,0,0,0,35.1
21541,1,1,0,0,96.71
21542,1,0,1,0,113.72
21543,0,0,0,0,3.77
21544,0,0,0,0,96.36
21545,0,0,0,0,39.44
21546,1,0,1,0,61.08
21547,0,1,1,0,0.0
21548,0,0,0,0,67.72
21549,0,0,1,1,97.68
21550,1,0,1,0,114.23
21551,1,1,1,0,153.27
21552,0,1,0,0,0.0
21553,1,0,0,0,116.61
21554,0,0,0,0,55.85
21555,1,0,1,0,68.41
21556,0,0,0,0,54.19
21557,1,1,1,0,125.84
21558,1,0,0,0,27.1
21559,0,0,1,0,101.31
21560,0,0,0,0,84.38
21561,1,0,1,0,125.11
21562,0,0,1,0,90.12
21563,0,0,0,0,38.72
21564,0,0,0,0,126.1
21565,0,0,1,1,168.02
21566,0,1,1,0,150.38
21567,0,1,0,0,83.8
21568,0,0,1,0,144.87
21569,0,0,0,0,0.0
21570,1,1,1,0,156.64
21571,1,0,0,0,128.62
21572,1,0,0,0,59.52
21573,1,0,1,0,50.36
21574,1,0,0,0,0.0
21575,1,0,1,0,0.0
21576,0,0,1,0,37.43
21577,0,0,0,0,0.0
21578,0,1,1,0,31.81
21579,1,0,1,0,95.81
21580,1,0,0,0,27.21
21581,0,1,1,0,0.0
21582,0,0,0,0,52.34
21583,0,1,0,0,26.71
21584,1,0,0,1,80.03
21585,0,0,1,0,18.83
21586,0,0,0,0,128.85
21587,0,0,0,0,83.83
21588,0,0,1,0,162.79
21589,0,0,0,0,30.23
21590,0,0,0,0,0.0
21591,0,0,1,0,93.61
21592,0,1,1,0,56.38
21593,0,0,0,0,16.38
21594,0,0,0,0,146.57
21595,0,0,0,0,0.0
21596,0,0,0,0,16.31
21597,1,1,1,1,17.28
21598,0,1,0,0,90.77
21599,0,0,1,1,38.21
21600,0,0,0,0,0.0
21601,0,0,0,0,19.08
21602,0,0,0,0,77.8
21603,1,0,0,0,45.99
21604,0,0,0,0,162.99
21605,1,0,1,0,3.56
21606,0,0,1,0,65.04
21607,1,0,0,0,134.76
21608,0,0,0,0,111.24
21609,0,0,0,0,105.85
21610,0,0,1,0,144.09
21611,1,0,0,0,66.47
21612,1,0,1,0,8.34
21613,0,1,0,0,137.92
21614,0,0,0,1,79.6
21615,0,0,0,0,47.43
21616,1,0,0,1,93.02
21617,0,0,0,0,92.1
21618,1,1,1,0,39.5
21619,0,0,1,0,125.06
21620,1,0,1,0,43.14
21621,1,1,0,0,125.46
21622,0,0,1,0,50.62
21623,0,0,1,0,53.22
21624,1,1,1,0,31.98
21625,0,0,0,0,108.83
21626,1,0,1,0,93.54
21627,0,0,0,0,29.07
21628,1,0,1,0,192.25
21629,0,0,0,0,82.55
21630,1,0,1,1,26.52
21631,0,1,0,0,91.95
21632,0,1,0,1,103.68
21633,1,1,1,0,30.5
21634,0,1,0,0,159.33
21635,0,0,0,0,78.18
21636,0,0,0,0,0.0
21637,0,0,1,1,161.26
21638,0,0,0,0,15.15
21639,0,1,0,0,35.67
21640,1,0,1,0,0.08
21641,0,0,0,0,103.95
21642,1,0,0,0,93.61
21643,0,0,0,0,70.19
21644,1,0,0,1,117.77
21645,0,0,0,0,49.2
21646,1,1,1,1,155.71
21647,0,0,1,0,93.99
21648,0,0,0,0,12.86
21649,0,0,0,0,87.54
21650,1,0,1,0,182.88
21651,0,0,0,1,0.0
21652,1,0,0,0,134.55
21653,0,0,0,1,33.21
21654,1,0,1,0,152.9
21655,0,0,0,0,104.75
21656,0,0,0,0,20.77
21657,1,0,0,0,44.83
21658,0,1,0,0,46.98
21659,1,0,1,1,166.84
21660,1,0,1,0,80.07
21661,0,1,0,0,106.26
21662,0,0,0,0,99.63
21663,0,1,1,0,57.05
21664,0,0,0,0,0.0
21665,0,0,1,0,80.1
21666,1,0,0,0,39.86
21667,0,0,1,0,59.17
21668,0,0,0,0,0.0
21669,0,1,0,1,0.0
21670,0,0,0,0,163.01
21671,1,0,1,0,99.35
21672,0,0,1,0,97.47
21673,0,0,1,0,60.52
21674,1,0,1,0,103.88
21675,0,0,0,1,102.96
21676,0,0,0,0,89.67
21677,1,0,1,0,110.87
21678,1,1,1,0,36.62
21679,0,0,1,0,29.81
21680,1,0,1,0,31.93
21681,0,0,0,0,52.7
21682,1,0,1,0,26.95
21683,1,0,1,0,0.0
21684,0,0,1,0,115.26
21685,0,0,1,0,0.0
21686,0,0,0,0,27.95
21687,0,0,0,0,0.0
21688,1,0,0,0,100.0
21689,0,0,0,0,93.16
21690,0,0,0,0,3.7
21691,0,0,1,0,182.91
21692,1,0,0,1,25.78
21693,0,0,0,0,0.0
21694,0,0,0,0,73.34
21695,1,0,1,0,36.82
21696,0,0,0,0,166.63
21697,0,0,0,1,60.12
21698,0,1,0,0,12.35
21699,0,0,0,0,137.21
21700,0,0,0,0,19.37
21701,0,0,0,0,31.01
21702,0,0,0,0,147.01
21703,1,0,0,0,111.22
21704,0,0,1,0,158.01
21705,0,0,0,0,35.22
21706,0,0,0,0,31.0
21707,0,0,0,0,117.36
21708,0,0,0,1,63.16
21709,0,1,0,0,69.89
21710,1,1,1,0,79.13
21711,1,0,1,0,44.64
21712,0,0,0,0,0.0
21713,0,0,0,0,65.58
21714,1,0,1,1,147.18
21715,0,0,0,0,142.01
21716,0,0,0,0,139.24
21717,1,1,0,0,93.88
21718,0,0,0,1,62.96
21719,0,0,0,0,119.44
21720,0,0,1,0,17.98
21721,1,0,1,0,88.6
21722,0,0,0,0,89.33
21723,0,0,1,0,0.0
21724,0,0,0,0,9.92
21725,0,0,1,0,0.0
21726,1,1,1,0,146.61
21727,0,0,0,0,65.54
21728,0,0,0,0,31.27
21729,1,1,1,0,94.33
21730,0,0,0,0,166.23
21731,0,0,0,1,13.8
21732,0,0,0,0,55.77
21733,0,0,1,0,151.55
21734,1,0,1,0,34.96
21735,1,0,0,0,90.57
21736,0,0,0,0,166.46
21737,0,0,0,0,123.04
21738,1,0,1,0,117.05
21739,0,0,0,1,54.52
21740,1,0,1,0,2.16
21741,0,0,1,0,116.44
21742,0,0,0,1,103.49
21743,0,0,0,0,0.0
21744,0,0,0,0,129.17
21745,0,0,1,0,67.47
21746,0,0,1,0,145.78
21747,0,0,0,0,54.74
21748,0,1,0,0,61.84
21749,0,0,1,0,60.94
21750,0,0,0,0,87.72
21751,1,0,0,0,143.77
21752,0,0,0,0,6.4
21753,0,0,0,0,128.22
21754,1,0,1,0,60.22
21755,1,0,1,0,64.03
21756,1,0,0,0,10.92
21757,1,1,1,0,91.05
21758,1,0,1,0,135.83
21759,0,0,0,0,63.34
21760,0,0,0,0,0.0
21761,0,1,0,0,85.23
21762,1,0,0,0,120.98
21763,0,1,0,1,70.52
21764,0,1,0,0,47.06
21765,0,0,0,0,1.31
21766,0,0,0,0,9.8
21767,0,0,0,0,138.1
21768,0,0,1,0,0.0
21769,0,0,0,1,20.19
21770,1,0,0,0,0.0
21771,1,0,1,0,150.07
21772,0,0,0,0,157.74
21773,1,0,0,0,166.86
21774,1,0,1,0,0.0
21775,0,0,1,0,31.48
21776,1,0,1,0,111.52
21777,1,1,0,1,0.0
21778,0,1,1,0,116.41
21779,0,0,0,1,75.17
21780,0,0,0,0,35.56
21781,1,0,1,0,94.82
21782,1,0,0,0,132.96
21783,0,0,0,0,58.99
21784,0,0,0,1,45.11
21785,1,0,0,0,134.34
21786,0,1,1,0,113.89
21787,1,1,0,0,75.52
21788,1,0,1,0,80.14
21789,0,0,0,0,18.23
21790,0,0,0,0,88.79
21791,0,1,0,0,99.5
21792,1,1,1,0,113.92
21793,0,0,0,0,28.87
21794,1,1,1,0,123.78
21795,1,0,1,0,116.98
21796,0,0,1,0,38.62
21797,0,0,0,1,32.03
21798,0,0,0,0,60.53
21799,0,0,0,0,4.77
21800,0,0,1,0,62.05
21801,0,1,0,0,57.42
21802,0,0,1,0,21.2
21803,0,0,0,0,64.62
21804,1,0,1,0,41.29
21805,0,0,0,0,148.41
21806,0,0,0,0,104.1
21807,0,0,0,0,0.0
21808,0,0,0,0,94.58
21809,1,0,1,1,2.37
21810,1,0,1,0,100.1
21811,1,0,1,0,52.66
21812,0,1,0,0,81.08
21813,0,1,0,0,0.0
21814,1,0,1,0,0.0
21815,0,1,1,0,129.63
21816,0,0,1,0,63.54
21817,0,0,0,1,89.79
21818,1,0,1,0,104.13
21819,0,1,0,0,124.37
21820,0,1,0,1,66.37
21821,1,1,1,0,0.0
21822,1,0,1,0,50.92
21823,0,0,0,0,115.24
21824,1,0,0,0,0.0
21825,0,0,1,0,69.58
21826,0,0,1,0,0.0
21827,0,0,1,0,36.9
21828,0,1,0,0,0.0
21829,1,0,1,0,68.44
21830,0,0,0,0,101.59
21831,0,0,1,0,93.36
21832,0,1,0,0,65.2
21833,1,1,1,0,158.07
21834,0,0,0,0,0.0
21835,0,0,0,0,145.04
21836,0,0,1,0,20.34
21837,1,0,1,0,0.0
21838,1,1,1,0,181.6
21839,1,0,0,0,41.52
21840,0,0,1,0,105.21
21841,1,0,0,0,0.0
21842,0,0,1,0,96.31
21843,0,0,0,0,238.29
21844,1,0,0,0,61.97
21845,0,0,1,0,132.67
21846,1,0,0,0,107.5
21847,1,1,0,0,0.0
21848,1,0,0,1,31.91
21849,0,0,0,0,92.76
21850,0,0,1,0,0.0
21851,1,0,1,0,120.77
21852,0,1,1,0,37.89
21853,1,0,1,0,173.6
21854,0,0,1,0,0.11
21855,1,0,0,1,41.23
21856,0,0,0,0,11.67
21857,1,0,0,0,62.64
21858,0,0,0,0,137.22
21859,1,0,1,0,18.34
21860,1,1,1,0,42.53
21861,0,1,0,0,107.93
21862,1,1,1,0,61.03
21863,0,0,0,0,32.38
21864,0,0,0,0,36.94
21865,0,0,1,0,28.25
21866,1,1,1,0,40.37
21867,0,0,0,0,91.21
21868,1,0,0,0,43.05
21869,0,1,0,0,169.85
21870,1,1,0,0,82.94
21871,0,0,0,0,24.0
21872,1,0,0,1,98.73
21873,0,0,1,0,128.67
21874,0,0,1,0,26.22
21875,0,0,0,0,53.46
21876,1,1,1,0,68.56
21877,1,1,1,0,74.62
21878,1,0,1,0,21.34
21879,0,0,0,0,71.6
21880,1,0,1,1,99.54
21881,0,0,0,0,51.15
21882,1,0,1,0,0.0
21883,1,1,1,1,79.57
21884,1,0,0,0,62.76
21885,0,1,0,0,78.9
21886,1,1,1,0,104.97
21887,1,0,0,0,101.83
21888,1,1,0,0,64.16
21889,0,0,0,0,16.47
21890,0,1,0,0,61.87
21891,0,0,0,0,162.1
21892,1,0,1,0,83.86
21893,0,0,1,0,98.07
21894,0,0,0,0,0.0
21895,0,0,0,0,82.14
21896,0,0,0,0,195.43
21897,1,0,1,0,83.34
21898,1,1,1,0,151.52
21899,0,0,0,0,137.59
21900,1,0,1,0,73.52
21901,0,0,0,0,28.9
21902,1,0,0,0,15.74
21903,1,1,1,0,192.76
21904,0,1,0,0,157.86
21905,0,0,0,0,69.84
21906,1,0,1,0,136.11
21907,0,0,0,0,29.14
21908,1,0,0,0,58.39
21909,0,0,0,0,86.72
21910,0,0,1,1,27.73
21911,0,0,1,0,27.24
21912,0,0,0,0,53.91
21913,0,0,0,0,0.0
21914,1,0,0,0,56.01
21915,1,0,1,0,160.35
21916,0,0,0,0,0.0
21917,0,0,1,0,196.26
21918,1,0,1,0,76.83
21919,1,0,0,0,154.71
21920,1,0,0,0,0.0
21921,1,0,1,0,29.25
21922,0,0,0,0,128.67
21923,0,0,0,0,98.95
21924,1,0,0,0,133.1
21925,0,0,0,0,52.98
21926,0,1,0,0,55.74
21927,0,0,0,0,75.8
21928,1,0,1,1,125.56
21929,0,0,0,0,88.05
21930,0,0,0,0,111.6
21931,0,0,0,1,47.64
21932,0,0,0,0,155.2
21933,0,0,0,0,1.02
21934,1,0,0,0,16.3
21935,0,0,0,0,101.9
21936,0,1,0,0,58.37
21937,1,0,0,0,0.0
21938,0,0,0,0,0.0
21939,0,0,0,0,0.0
21940,1,1,1,0,144.47
21941,0,0,0,1,92.35
21942,0,0,0,0,6.97
21943,1,0,1,0,46.55
21944,0,0,1,0,93.08
21945,0,0,0,0,33.58
21946,1,0,1,0,133.93
21947,1,1,0,1,30.24
21948,0,0,1,0,17.96
21949,0,0,0,0,0.0
21950,0,0,0,0,1.07
21951,0,0,1,0,70.14
21952,1,0,1,0,0.0
21953,1,0,0,1,117.87
21954,1,0,0,1,1.96
21955,1,1,1,0,133.85
21956,0,1,0,0,144.16
21957,1,0,1,0,83.26
21958,1,0,1,0,105.75
21959,1,0,1,0,96.95
21960,0,0,0,1,43.64
21961,1,0,0,0,110.6
21962,1,0,1,0,122.86
21963,0,0,1,0,53.44
21964,0,1,1,0,117.65
21965,0,0,0,0,94.86
21966,1,0,1,1,117.17
21967,0,0,0,0,68.56
21968,0,0,0,0,101.71
21969,0,0,1,0,191.97
21970,0,1,0,0,150.71
21971,1,1,0,0,37.92
21972,1,1,1,0,100.05
21973,0,0,0,0,45.98
21974,1,0,0,0,99.22
21975,0,1,0,0,12.69
21976,0,1,0,0,0.0
21977,0,0,0,1,0.0
21978,0,1,1,0,94.29
21979,0,0,0,0,113.85
21980,0,0,0,0,44.95
21981,0,0,1,0,9.06
21982,0,0,0,0,113.23
21983,1,0,1,0,101.11
21984,1,0,1,0,121.57
21985,0,0,1,0,204.78
21986,1,0,1,1,62.14
21987,0,0,0,0,87.3
21988,0,0,0,0,0.0
21989,0,0,0,0,1.44
21990,0,0,1,0,0.0
21991,0,0,1,0,38.08
21992,1,0,1,0,18.2
21993,0,0,0,1,47.58
21994,0,1,1,0,96.5
21995,1,0,0,0,50.53
21996,0,0,1,0,11.64
21997,0,0,0,1,93.85
21998,1,0,1,0,173.17
21999,0,0,1,0,122.98
22000,1,1,0,0,100.71
22001,0,0,0,0,96.32
22002,0,0,1,0,36.54
22003,0,0,0,0,44.96
22004,0,0,0,1,0.0
22005,0,0,0,0,30.72
22006,1,1,1,0,224.52
22007,0,1,1,0,103.21
22008,1,0,0,0,54.11
22009,1,1,1,1,139.58
22010,0,0,0,0,0.0
22011,0,0,0,0,86.43
22012,1,0,0,0,140.26
22013,0,1,1,1,17.84
22014,0,0,0,0,73.76
22015,1,1,0,1,162.87
22016,0,0,0,0,29.83
22017,0,0,0,1,35.76
22018,1,0,0,0,48.96
22019,1,0,0,0,63.45
22020,1,0,0,0,84.96
22021,1,1,0,0,62.75
22022,0,0,0,0,0.0
22023,0,1,0,0,37.38
22024,0,0,0,0,39.66
22025,1,0,0,0,0.0
22026,1,0,1,0,142.85
22027,0,0,1,1,143.0
22028,0,1,1,0,114.82
22029,0,1,1,0,32.8
22030,0,0,0,0,152.67
22031,0,0,0,0,172.37
22032,1,0,1,0,85.18
22033,0,0,0,0,39.16
22034,0,0,0,0,82.78
22035,1,0,0,0,124.61
22036,0,0,0,0,159.87
22037,0,0,0,0,0.0
22038,1,1,0,0,14.09
22039,0,1,0,0,94.42
22040,0,0,0,0,0.0
22041,0,0,0,0,74.46
22042,0,0,0,0,99.74
22043,0,0,0,0,72.53
22044,0,0,0,1,58.65
22045,1,0,0,0,0.0
22046,0,0,1,0,45.58
22047,1,0,0,0,64.27
22048,1,0,1,1,74.58
22049,1,0,0,0,8.95
22050,0,0,0,0,36.16
22051,1,1,1,1,50.7
22052,0,0,0,0,96.96
22053,1,0,0,0,22.77
22054,1,0,0,0,147.25
22055,1,0,1,0,27.41
22056,1,1,0,0,94.61
22057,0,0,1,0,63.91
22058,0,0,1,0,95.31
22059,0,0,0,0,125.31
22060,0,0,0,0,35.73
22061,0,0,1,0,100.73
22062,0,0,0,1,0.0
22063,0,1,0,0,124.28
22064,0,0,0,0,0.0
22065,1,1,1,0,123.84
22066,0,0,0,0,94.52
22067,0,0,0,0,82.25
22068,0,0,0,0,2.41
22069,0,0,0,0,81.19
22070,1,0,0,0,90.57
22071,1,0,1,1,42.52
22072,1,1,1,0,71.02
22073,0,0,0,0,9.78
22074,1,0,1,0,16.54
22075,0,0,0,0,84.3
22076,0,0,0,0,69.11
22077,0,0,1,0,111.57
22078,0,0,0,0,46.73
22079,1,1,1,0,117.96
22080,0,0,0,0,76.82
22081,0,0,1,0,0.0
22082,1,0,0,0,0.0
22083,0,0,0,0,75.11
22084,1,0,1,0,81.16
22085,0,0,0,0,83.73
22086,0,0,1,0,130.66
22087,0,0,0,0,49.52
22088,1,0,0,0,106.77
22089,0,0,1,0,62.17
22090,0,0,0,0,73.98
22091,0,0,0,0,117.33
22092,0,0,0,1,46.66
22093,0,0,0,0,76.84
22094,0,0,0,0,79.22
22095,0,0,0,0,102.43
22096,0,0,0,0,158.53
22097,0,0,0,0,33.94
22098,0,0,1,0,176.14
22099,0,0,0,0,108.29
22100,0,0,0,0,104.26
22101,0,1,1,0,33.99
22102,0,0,1,0,73.76
22103,0,0,0,1,31.8
22104,0,0,0,0,94.17
22105,1,1,0,0,0.0
22106,0,1,0,0,203.51
22107,0,0,1,0,120.97
22108,0,0,0,0,141.63
22109,0,0,0,1,48.68
22110,0,0,0,1,0.0
22111,0,1,1,0,38.89
22112,0,1,0,0,74.82
22113,0,1,0,1,62.32
22114,1,0,0,0,152.76
22115,0,0,0,0,45.08
22116,0,0,1,0,91.65
22117,1,1,1,0,158.25
22118,1,0,0,0,26.17
22119,0,0,0,0,53.32
22120,0,0,1,0,78.53
22121,0,1,0,0,0.0
22122,0,0,0,0,0.0
22123,0,0,0,0,164.72
22124,0,0,1,0,79.65
22125,1,0,0,0,41.69
22126,1,0,0,0,0.0
22127,0,0,0,1,34.42
22128,1,0,1,0,99.99
22129,0,0,0,0,60.06
22130,0,0,0,0,57.85
22131,0,1,0,0,70.07
22132,0,0,0,0,65.56
22133,1,1,0,0,113.94
22134,1,0,0,0,94.86
22135,0,0,0,1,42.39
22136,0,0,0,1,67.0
22137,0,0,0,0,37.39
22138,1,0,1,0,110.53
22139,1,1,0,0,47.59
22140,0,1,0,0,43.85
22141,0,0,0,0,0.0
22142,0,1,1,0,58.71
22143,1,0,0,0,83.77
22144,0,0,0,0,74.74
22145,1,1,0,0,0.0
22146,1,1,1,0,0.0
22147,0,0,0,0,88.89
22148,1,0,1,0,70.7
22149,0,0,0,0,0.0
22150,1,0,0,1,0.0
22151,1,0,1,0,45.53
22152,1,0,1,0,99.71
22153,1,0,0,0,0.0
22154,1,1,1,0,68.87
22155,0,0,0,0,77.56
22156,1,1,1,0,72.76
22157,0,0,1,0,41.9
22158,1,0,1,0,0.0
22159,0,1,0,0,75.41
22160,1,1,0,0,15.59
22161,1,0,0,0,103.6
22162,1,1,0,1,106.0
22163,0,1,0,0,147.12
22164,0,0,0,0,10.66
22165,1,0,1,0,155.44
22166,0,0,0,0,0.0
22167,0,0,0,0,92.5
22168,1,0,0,0,67.09
22169,0,0,0,0,63.56
22170,0,0,0,1,119.01
22171,0,0,0,0,131.26
22172,0,0,0,1,92.39
22173,0,1,1,0,0.0
22174,1,0,1,0,116.41
22175,1,1,1,0,49.94
22176,0,0,1,0,141.78
22177,0,0,0,0,135.87
22178,0,0,0,0,49.77
22179,0,0,0,0,172.08
22180,0,0,0,0,22.01
22181,0,0,0,0,11.75
22182,1,0,1,0,84.25
22183,1,0,0,0,143.88
22184,1,0,1,1,72.98
22185,0,0,0,0,20.75
22186,1,1,0,0,103.49
22187,0,0,0,0,16.25
22188,0,0,0,0,18.39
22189,0,0,0,0,66.35
22190,0,1,1,0,26.27
22191,1,0,0,1,65.83
22192,0,1,0,0,46.18
22193,0,0,0,0,123.61
22194,0,1,1,0,0.0
22195,1,0,0,0,105.07
22196,0,0,0,0,67.91
22197,1,0,1,0,0.0
22198,0,0,0,0,114.29
22199,1,0,1,0,216.03
22200,0,0,0,0,37.24
22201,0,1,0,0,142.01
22202,0,1,0,0,37.2
22203,0,1,0,0,95.85
22204,1,0,1,0,0.0
22205,0,0,0,0,38.63
22206,1,0,0,0,23.51
22207,1,0,1,0,54.86
22208,0,0,0,1,80.32
22209,1,0,0,0,94.0
22210,1,0,0,0,74.59
22211,1,1,1,0,0.0
22212,0,0,0,0,99.38
22213,0,0,0,0,0.0
22214,0,0,1,0,0.0
22215,0,0,0,0,102.64
22216,0,0,1,0,47.18
22217,0,0,1,1,115.97
22218,0,1,0,0,164.13
22219,1,0,0,0,25.88
22220,0,0,0,0,98.23
22221,1,0,1,0,87.54
22222,0,0,1,0,34.37
22223,0,0,1,0,9.23
22224,0,1,1,0,145.66
22225,0,1,0,0,2.01
22226,0,0,1,1,133.97
22227,1,0,1,0,107.82
22228,1,0,0,0,28.53
22229,0,0,1,1,61.31
22230,1,0,0,0,86.52
22231,0,0,0,0,87.97
22232,0,0,1,1,13.69
22233,1,0,1,0,70.67
22234,0,0,0,0,15.14
22235,1,1,0,0,85.98
22236,0,1,1,0,167.81
22237,0,0,1,0,91.56
22238,1,0,1,0,185.61
22239,0,1,0,0,48.42
22240,1,1,1,0,177.0
22241,0,0,0,0,0.0
22242,1,1,1,1,97.4
22243,1,0,1,0,95.05
22244,1,0,1,0,70.51
22245,1,0,1,0,51.85
22246,0,0,1,0,91.48
22247,0,0,0,1,88.24
22248,0,0,0,0,15.7
22249,0,0,0,1,39.82
22250,0,0,0,0,67.7
22251,1,0,1,0,1.28
22252,0,0,0,0,84.65
22253,0,0,0,1,34.99
22254,0,0,0,0,40.36
22255,1,0,1,0,156.54
22256,0,0,0,0,41.38
22257,0,0,0,0,25.05
22258,0,0,1,0,44.85
22259,0,0,1,0,0.0
22260,1,0,0,0,33.97
22261,0,0,0,1,0.0
22262,0,0,0,0,105.01
22263,0,0,1,1,69.58
22264,0,0,0,0,22.98
22265,0,1,1,0,0.0
22266,0,0,0,0,6.27
22267,0,1,0,0,21.16
22268,1,0,0,0,59.91
22269,0,0,0,0,41.29
22270,0,0,0,0,50.99
22271,1,0,0,0,0.0
22272,1,0,0,0,0.0
22273,0,0,0,0,36.21
22274,1,1,1,0,191.29
22275,1,0,0,0,0.0
22276,0,0,0,0,119.14
22277,1,1,1,0,8.89
22278,1,0,1,0,59.78
22279,0,0,0,0,123.7
22280,1,0,1,0,16.19
22281,0,0,0,0,15.82
22282,0,0,0,0,40.07
22283,0,0,0,0,13.88
22284,1,0,0,0,76.85
22285,1,0,1,0,90.35
22286,1,0,1,0,159.58
22287,1,0,0,0,0.0
22288,1,1,1,0,118.63
22289,1,0,0,0,77.63
22290,1,1,0,0,41.17
22291,1,1,1,0,6.8
22292,0,0,1,0,105.81
22293,1,0,0,0,47.83
22294,0,1,0,0,63.96
22295,0,0,0,0,109.8
22296,0,0,1,1,141.84
22297,0,1,0,0,42.71
22298,0,0,0,0,73.54
22299,0,0,1,0,115.96
22300,1,0,0,0,123.42
22301,1,0,0,0,39.38
22302,0,0,0,0,103.7
22303,0,0,0,0,136.96
22304,1,1,1,0,29.13
22305,0,0,0,0,94.91
22306,0,0,0,0,0.0
22307,0,0,0,0,0.0
22308,1,1,0,0,149.16
22309,0,0,0,0,120.76
22310,0,0,0,0,121.18
22311,0,0,0,0,0.0
22312,1,0,0,0,25.08
22313,0,0,0,0,111.71
22314,1,0,0,0,78.68
22315,0,0,1,0,120.95
22316,0,1,1,0,76.57
22317,0,0,0,0,91.13
22318,1,1,1,0,152.5
22319,0,0,0,0,0.0
22320,0,0,1,0,33.51
22321,0,0,0,0,10.84
22322,1,0,0,1,95.93
22323,0,0,0,0,114.36
22324,1,1,1,0,106.36
22325,0,0,1,0,107.4
22326,1,0,1,0,0.0
22327,0,0,1,0,0.0
22328,1,1,1,0,45.37
22329,0,0,0,0,71.65
22330,0,0,0,0,55.84
22331,0,0,0,0,106.9
22332,1,0,0,1,101.09
22333,1,0,0,0,9.69
22334,0,0,0,0,79.91
22335,1,0,1,0,83.99
22336,0,0,0,0,117.44
22337,1,0,0,0,97.64
22338,1,0,1,0,208.4
22339,1,0,1,0,124.63
22340,0,1,0,0,70.63
22341,1,0,1,0,87.9
22342,0,1,1,0,141.33
22343,1,0,0,0,29.99
22344,1,0,1,0,153.76
22345,0,0,0,1,4.97
22346,1,1,1,0,120.95
22347,1,0,0,0,96.8
22348,0,0,0,0,138.62
22349,0,0,0,0,109.48
22350,1,1,1,0,0.0
22351,1,0,1,0,50.63
22352,0,0,1,0,23.47
22353,0,0,1,0,111.11
22354,1,0,0,0,74.31
22355,0,0,1,0,0.0
22356,0,0,1,0,142.74
22357,0,0,0,0,5.26
22358,0,0,1,0,53.89
22359,0,0,0,0,106.74
22360,0,0,0,0,0.0
22361,0,0,0,0,169.32
22362,0,0,1,1,75.47
22363,1,0,1,0,32.69
22364,0,0,0,0,117.47
22365,0,1,0,0,99.57
22366,0,0,0,0,22.46
22367,0,0,1,1,19.6
22368,0,0,0,0,150.44
22369,0,0,0,0,120.32
22370,0,0,0,0,108.78
22371,0,0,1,0,18.7
22372,1,0,1,0,77.28
22373,1,1,1,1,52.89
22374,1,0,0,0,79.24
22375,0,0,0,0,26.51
22376,1,0,0,0,33.17
22377,1,0,0,0,66.62
22378,1,0,0,0,34.76
22379,0,1,1,0,120.41
22380,0,0,1,0,67.16
22381,0,0,0,0,123.36
22382,0,0,0,0,94.19
22383,0,0,0,0,94.08
22384,0,0,0,0,127.8
22385,0,0,0,0,39.63
22386,0,0,0,0,129.02
22387,0,0,0,0,92.9
22388,1,1,1,0,73.92
22389,1,1,0,0,67.78
22390,0,1,0,1,103.94
22391,1,0,0,0,22.03
22392,0,0,0,0,54.33
22393,0,1,0,1,63.18
22394,0,0,0,0,120.12
22395,0,0,0,0,30.67
22396,0,0,0,0,0.0
22397,0,0,0,0,158.32
22398,1,0,0,0,119.42
22399,0,0,0,0,52.82
22400,0,0,1,0,122.89
22401,1,0,0,0,98.96
22402,0,0,0,0,59.99
22403,0,0,0,0,72.95
22404,0,0,1,0,19.09
22405,0,1,0,0,0.0
22406,0,1,0,1,107.0
22407,0,0,0,0,103.55
22408,0,0,0,0,48.35
22409,0,0,1,1,170.83
22410,1,0,1,0,94.6
22411,0,0,0,0,102.0
22412,1,0,1,0,143.58
22413,0,0,0,0,91.24
22414,0,0,0,0,44.96
22415,1,0,1,1,120.95
22416,0,0,1,0,91.81
22417,1,0,1,0,52.04
22418,1,0,1,0,63.71
22419,1,1,0,0,93.38
22420,0,0,0,0,139.75
22421,1,0,0,0,115.1
22422,1,0,1,0,16.67
22423,0,0,1,0,92.02
22424,1,1,1,0,101.89
22425,0,0,0,0,76.06
22426,0,0,1,0,113.59
22427,0,0,0,0,126.03
22428,0,0,0,0,52.78
22429,0,0,1,0,4.91
22430,0,0,0,0,144.28
22431,0,0,0,0,96.42
22432,1,0,0,0,81.9
22433,0,0,0,0,78.4
22434,0,1,0,0,37.33
22435,0,0,1,0,21.86
22436,0,0,0,0,91.33
22437,0,0,1,0,80.63
22438,1,0,1,0,86.59
22439,1,1,1,0,0.0
22440,0,1,0,1,112.78
22441,0,0,1,0,22.14
22442,0,0,0,0,3.77
22443,0,1,1,0,116.5
22444,0,0,0,0,161.97
22445,0,0,0,0,8.93
22446,1,0,0,0,89.2
22447,0,0,0,0,205.31
22448,0,0,0,0,76.92
22449,0,0,0,0,28.68
22450,0,0,1,0,73.75
22451,1,0,0,0,0.0
22452,1,0,0,0,21.56
22453,1,0,1,0,102.2
22454,0,0,1,1,27.66
22455,0,0,0,0,61.69
22456,0,0,1,0,0.0
22457,0,0,1,0,21.04
22458,0,0,0,0,19.48
22459,1,0,0,0,23.7
22460,1,0,1,0,87.28
22461,0,0,0,0,0.0
22462,1,0,1,0,10.31
22463,0,0,0,0,57.88
22464,0,1,1,0,137.62
22465,1,0,0,1,107.08
22466,0,0,1,0,65.1
22467,0,0,0,0,107.82
22468,0,0,0,0,58.72
22469,1,1,0,0,0.0
22470,1,0,1,0,0.0
22471,0,1,1,0,168.55
22472,0,0,0,0,60.43
22473,1,0,0,1,62.56
22474,0,0,0,0,100.14
22475,0,0,0,0,79.47
22476,0,0,0,0,1.91
22477,0,0,0,0,96.02
22478,0,0,1,0,77.76
22479,0,0,0,0,115.45
22480,0,0,1,0,76.44
22481,0,0,0,0,0.0
22482,1,1,0,1,0.0
22483,0,1,0,0,129.7
22484,0,0,1,0,34.42
22485,0,0,0,0,60.22
22486,0,0,1,0,22.5
22487,0,0,0,1,0.0
22488,1,1,1,0,0.0
22489,0,0,0,0,18.43
22490,0,0,0,0,141.24
22491,0,0,0,0,0.0
22492,0,1,1,1,125.11
22493,1,1,0,0,0.0
22494,0,0,1,0,120.28
22495,0,0,0,0,0.0
22496,1,1,0,0,154.94
22497,0,0,0,0,64.39
22498,1,0,1,0,81.24
22499,1,0,0,1,0.0
22500,1,0,0,0,9.43
22501,0,1,0,0,55.39
22502,0,0,0,1,104.05
22503,1,1,1,1,99.43
22504,1,0,0,1,69.11
22505,0,0,0,1,0.0
22506,0,0,0,0,43.82
22507,0,0,0,0,101.35
22508,1,1,1,0,105.06
22509,0,0,0,0,0.0
22510,0,0,0,0,156.8
22511,1,0,0,0,0.0
22512,0,0,0,0,54.52
22513,1,0,1,0,63.04
22514,0,0,0,0,13.39
22515,1,0,0,0,151.59
22516,0,0,0,0,28.51
22517,1,0,1,0,35.69
22518,1,0,1,0,117.3
22519,1,0,1,0,232.5
22520,1,1,1,1,182.63
22521,0,0,0,0,122.08
22522,1,1,1,0,0.0
22523,0,0,0,0,57.92
22524,0,0,0,0,45.52
22525,1,0,1,0,0.0
22526,1,0,0,0,9.89
22527,1,0,0,0,58.39
22528,1,0,1,0,66.41
22529,1,1,0,0,99.69
22530,0,0,0,0,124.89
22531,1,0,0,0,96.38
22532,0,0,0,0,25.2
22533,0,0,1,1,22.43
22534,0,1,1,0,92.45
22535,1,0,1,1,8.89
22536,1,0,0,0,78.37
22537,0,0,0,0,9.95
22538,1,0,1,0,143.21
22539,1,0,1,0,73.54
22540,0,0,0,0,5.68
22541,1,0,0,0,167.64
22542,0,0,1,0,59.3
22543,0,0,0,0,93.17
22544,0,0,0,1,0.0
22545,1,1,1,1,32.13
22546,0,1,1,0,88.81
22547,1,1,1,0,90.33
22548,1,0,1,0,0.0
22549,1,0,0,1,0.0
22550,0,1,1,1,41.76
22551,0,0,0,0,150.38
22552,0,1,1,0,62.2
22553,0,1,0,0,56.74
22554,1,0,1,0,28.9
22555,0,0,0,0,107.67
22556,0,0,0,0,0.0
22557,0,0,0,0,0.0
22558,1,0,0,1,96.28
22559,0,0,0,0,83.82
22560,0,0,0,0,21.35
22561,0,0,0,0,34.0
22562,1,1,1,0,303.04
22563,1,0,1,0,24.89
22564,1,1,1,0,103.94
22565,1,1,1,0,62.73
22566,0,0,0,1,99.91
22567,0,0,1,0,39.18
22568,1,0,1,0,48.91
22569,0,0,0,1,110.96
22570,0,1,1,0,93.25
22571,1,1,0,0,1.21
22572,1,0,1,0,119.9
22573,0,0,0,0,0.0
22574,0,0,0,0,112.67
22575,0,0,0,0,94.45
22576,1,0,1,0,97.67
22577,0,1,0,1,118.2
22578,0,0,0,1,19.9
22579,1,0,1,0,102.45
22580,1,0,0,0,27.44
22581,0,0,1,0,177.77
22582,1,0,0,0,123.98
22583,0,0,0,0,0.0
22584,1,0,0,0,38.38
22585,0,0,1,0,186.66
22586,1,0,1,0,13.04
22587,0,0,1,0,84.15
22588,1,0,1,0,82.83
22589,1,0,1,0,0.0
22590,0,0,0,0,0.0
22591,0,0,1,0,32.1
22592,1,1,1,0,0.0
22593,1,0,0,0,0.0
22594,0,0,0,0,45.68
22595,0,0,0,1,151.92
22596,1,0,0,0,135.1
22597,0,0,0,0,87.59
22598,1,1,0,0,85.6
22599,0,0,0,0,114.07
22600,1,0,1,0,218.79
22601,0,0,0,0,69.66
22602,0,1,0,0,115.48
22603,0,0,0,0,86.55
22604,0,0,1,0,0.0
22605,0,0,0,0,102.84
22606,0,0,1,0,45.47
22607,0,0,0,0,65.25
22608,0,0,1,1,65.01
22609,0,0,1,0,32.87
22610,1,0,1,0,65.94
22611,0,0,0,0,0.0
22612,1,1,1,0,96.34
22613,1,0,0,0,123.61
22614,0,1,0,1,64.26
22615,1,0,1,0,71.21
22616,0,0,0,0,0.0
22617,0,1,1,1,71.52
22618,0,0,0,0,54.57
22619,0,1,1,0,102.81
22620,0,0,0,1,77.42
22621,0,0,0,0,0.0
22622,0,0,1,0,137.9
22623,0,0,1,0,62.94
22624,0,1,0,0,41.05
22625,1,0,0,0,6.35
22626,0,0,1,0,70.69
22627,1,0,1,1,0.0
22628,1,0,1,0,77.13
22629,0,0,0,0,37.69
22630,0,0,1,0,63.84
22631,1,0,0,0,0.0
22632,1,0,0,0,53.1
22633,0,0,0,0,59.23
22634,1,1,0,0,67.36
22635,0,0,1,0,103.11
22636,0,1,1,0,0.0
22637,0,0,1,0,117.86
22638,1,1,0,0,86.04
22639,1,0,0,0,101.49
22640,1,0,1,0,32.32
22641,0,0,1,0,133.49
22642,0,0,0,0,134.88
22643,1,1,1,0,2.86
22644,1,0,0,1,105.91
22645,0,0,1,0,0.0
22646,0,0,0,0,0.0
22647,1,1,0,0,110.32
22648,1,0,0,0,23.3
22649,0,1,1,0,140.83
22650,1,0,1,0,68.84
22651,1,1,0,0,0.0
22652,1,0,1,0,49.0
22653,1,0,1,0,103.99
22654,0,0,0,1,91.43
22655,0,0,0,1,108.11
22656,0,0,0,1,29.09
22657,0,1,0,0,102.7
22658,1,0,0,0,40.06
22659,0,0,1,1,81.48
22660,1,0,0,0,142.77
22661,0,0,1,0,135.23
22662,0,0,1,0,7.59
22663,0,0,0,0,0.98
22664,0,0,1,0,151.49
22665,0,1,0,0,100.65
22666,0,0,1,0,75.72
22667,0,1,0,0,74.65
22668,0,1,0,0,48.92
22669,1,0,1,0,17.3
22670,0,0,0,0,57.09
22671,1,0,1,0,52.84
22672,0,0,0,1,19.03
22673,0,0,0,0,0.0
22674,1,0,0,0,30.0
22675,1,1,1,0,119.13
22676,1,0,1,0,91.84
22677,0,0,0,0,114.58
22678,0,0,0,0,72.18
22679,0,0,1,0,48.41
22680,0,0,0,0,0.0
22681,1,1,0,0,73.49
22682,0,0,0,0,84.04
22683,1,0,1,0,29.18
22684,1,0,0,0,18.66
22685,1,0,1,0,60.72
22686,1,0,0,0,151.44
22687,0,0,0,0,24.41
22688,0,1,1,0,66.11
22689,1,1,1,0,148.9
22690,0,0,0,0,96.36
22691,1,0,0,1,104.19
22692,1,0,1,0,0.0
22693,0,0,0,0,76.35
22694,0,0,1,0,125.58
22695,0,0,0,0,105.78
22696,0,0,0,0,77.74
22697,1,1,1,0,61.18
22698,1,0,0,0,0.0
22699,0,1,1,0,109.25
22700,0,1,1,0,72.35
22701,0,1,1,0,87.74
22702,0,0,1,0,0.0
22703,0,1,1,1,0.0
22704,1,0,1,0,150.77
22705,0,0,0,0,15.5
22706,1,0,0,0,56.45
22707,0,0,1,0,61.45
22708,0,0,0,0,43.67
22709,0,0,1,0,164.19
22710,0,0,0,0,0.0
22711,0,0,0,0,109.42
22712,1,0,1,0,83.94
22713,1,1,0,0,93.06
22714,1,0,0,0,76.05
22715,0,0,0,0,100.35
22716,0,1,0,0,92.41
22717,1,0,1,0,24.18
22718,1,1,1,0,101.62
22719,0,0,0,0,5.76
22720,0,1,0,0,25.85
22721,0,0,0,0,73.82
22722,0,0,1,0,70.88
22723,1,0,1,1,48.2
22724,1,0,1,0,52.65
22725,0,0,1,0,0.0
22726,0,0,0,0,69.13
22727,0,0,0,0,23.34
22728,0,0,1,1,103.93
22729,1,0,1,0,65.89
22730,0,0,0,0,76.95
22731,0,0,0,0,101.6
22732,0,0,1,0,120.97
22733,0,0,0,0,93.85
22734,1,0,0,0,16.43
22735,1,0,0,0,102.32
22736,0,0,1,0,91.6
22737,0,0,0,0,46.57
22738,0,1,0,0,99.23
22739,0,0,0,0,96.8
22740,0,0,0,0,0.0
22741,1,0,0,0,0.0
22742,1,0,1,0,93.36
22743,1,0,0,0,57.21
22744,0,0,1,0,124.3
22745,1,0,0,0,35.63
22746,1,0,0,0,105.46
22747,0,1,1,0,0.0
22748,0,0,0,0,118.83
22749,0,0,0,0,88.73
22750,1,0,0,0,49.61
22751,1,0,1,0,12.16
22752,0,0,1,0,0.0
22753,0,0,0,0,0.0
22754,1,0,1,0,80.1
22755,0,0,0,0,43.01
22756,1,1,1,0,19.46
22757,1,0,1,0,134.82
22758,1,1,1,0,55.62
22759,1,0,1,0,0.0
22760,1,0,0,0,71.95
22761,1,0,0,0,0.0
22762,0,0,0,0,43.68
22763,1,0,1,0,106.96
22764,0,0,0,0,134.75
22765,0,0,0,0,53.0
22766,1,0,0,0,63.25
22767,1,0,1,0,102.16
22768,0,0,0,0,79.44
22769,0,1,0,0,196.61
22770,1,0,0,0,3.53
22771,0,0,1,1,78.43
22772,0,0,0,0,85.83
22773,1,0,1,0,51.92
22774,0,1,1,0,224.39
22775,1,0,0,0,98.23
22776,1,1,1,0,49.42
22777,1,0,1,0,164.43
22778,1,0,1,0,145.83
22779,0,1,1,0,62.01
22780,0,0,1,0,78.38
22781,1,1,1,0,26.49
22782,0,0,1,0,0.0
22783,0,1,1,0,13.94
22784,1,0,0,0,115.63
22785,0,0,0,0,75.38
22786,0,1,0,1,96.21
22787,0,0,0,0,55.39
22788,1,0,0,1,58.31
22789,1,0,1,0,125.28
22790,1,0,0,1,124.2
22791,0,0,0,0,65.73
22792,1,0,0,0,64.67
22793,0,0,1,0,93.52
22794,0,0,1,0,104.72
22795,1,0,0,0,0.0
22796,0,0,0,0,0.0
22797,0,0,0,0,115.52
22798,1,0,0,0,125.86
22799,1,0,0,0,35.67
22800,1,0,1,0,0.0
22801,0,0,0,0,49.83
22802,1,0,1,0,115.63
22803,0,0,0,0,115.56
22804,1,0,1,0,109.25
22805,1,1,1,0,136.36
22806,1,0,0,0,176.04
22807,1,0,0,0,130.13
22808,0,0,0,0,0.25
22809,1,0,0,0,81.26
22810,0,0,0,0,58.73
22811,0,1,1,0,98.08
22812,1,0,1,0,148.14
22813,0,1,0,0,118.87
22814,1,0,0,0,38.76
22815,0,0,1,1,130.54
22816,1,0,0,0,0.0
22817,1,0,0,0,150.76
22818,0,0,1,1,94.43
22819,0,0,0,0,83.63
22820,1,1,1,0,154.33
22821,0,1,1,0,0.0
22822,0,1,0,0,69.7
22823,0,0,0,0,85.44
22824,0,0,1,0,34.02
22825,0,0,0,0,24.78
22826,1,0,1,0,0.0
22827,0,0,0,0,0.0
22828,0,0,0,0,78.44
22829,0,1,0,0,50.1
22830,1,0,1,0,77.03
22831,0,0,0,0,156.0
22832,1,0,1,0,0.0
22833,0,0,0,0,8.14
22834,1,0,1,0,213.54
22835,1,0,1,0,79.67
22836,0,0,1,1,123.29
22837,0,0,1,0,90.35
22838,0,0,1,1,68.5
22839,1,0,1,0,124.7
22840,0,0,1,0,0.0
22841,0,0,0,0,6.28
22842,1,0,1,0,94.65
22843,0,1,0,0,108.91
22844,0,1,1,0,6.99
22845,1,0,0,0,267.64
22846,0,0,0,1,0.0
22847,1,1,1,1,115.78
22848,0,1,0,1,134.87
22849,0,1,0,0,59.04
22850,0,0,0,0,96.62
22851,0,0,0,0,0.0
22852,1,0,1,0,164.03
22853,0,0,0,0,36.26
22854,1,0,1,0,195.26
22855,0,0,0,0,68.55
22856,0,0,0,0,0.0
22857,0,0,0,0,145.1
22858,0,0,0,0,0.0
22859,0,0,0,1,26.2
22860,1,0,0,0,93.84
22861,1,0,0,0,68.66
22862,0,0,0,0,0.0
22863,1,0,0,0,0.0
22864,1,1,1,0,89.16
22865,1,0,0,0,89.85
22866,0,0,0,0,13.31
22867,0,0,0,0,40.45
22868,1,1,1,1,99.31
22869,1,0,0,0,0.0
22870,0,1,0,0,41.4
22871,1,0,1,0,97.84
22872,0,0,0,0,109.82
22873,0,0,0,0,171.19
22874,0,0,1,0,87.04
22875,0,1,0,0,167.01
22876,0,0,0,1,53.96
22877,1,0,1,0,125.26
22878,0,0,1,0,56.47
22879,0,0,0,0,0.0
22880,0,0,0,0,70.05
22881,0,0,0,0,51.1
22882,0,0,0,0,31.6
22883,0,0,0,0,86.52
22884,0,0,1,0,52.65
22885,0,0,0,0,86.51
22886,1,0,0,0,16.55
22887,0,1,1,1,168.98
22888,0,0,1,0,29.63
22889,1,0,0,1,121.33
22890,0,0,0,0,58.78
22891,1,0,1,0,138.89
22892,0,1,0,1,133.59
22893,0,0,1,0,170.56
22894,1,0,0,0,51.9
22895,0,1,0,1,0.0
22896,1,0,1,0,0.0
22897,0,0,0,1,26.91
22898,0,0,0,0,24.52
22899,1,0,0,0,10.78
22900,1,0,1,0,132.02
22901,1,0,1,1,99.58
22902,0,0,0,0,137.45
22903,1,0,1,1,130.53
22904,0,0,0,0,58.24
22905,0,0,1,0,88.44
22906,0,1,1,0,22.34
22907,1,0,0,0,61.14
22908,0,0,0,0,74.25
22909,1,0,0,0,18.49
22910,0,0,1,0,75.46
22911,0,0,0,0,130.44
22912,0,0,0,0,47.17
22913,0,0,0,0,60.39
22914,1,1,0,0,16.09
22915,0,0,0,0,0.0
22916,0,0,0,1,93.78
22917,1,1,1,0,133.61
22918,1,1,1,0,111.14
22919,0,0,0,0,31.16
22920,0,0,1,0,63.79
22921,0,1,1,1,56.87
22922,1,0,1,0,105.39
22923,1,0,1,0,35.88
22924,0,0,1,0,130.61
22925,0,0,0,0,50.41
22926,1,0,0,1,91.47
22927,0,0,0,0,0.0
22928,1,0,1,0,61.74
22929,0,0,0,0,187.38
22930,1,1,1,0,0.0
22931,0,0,0,0,0.0
22932,0,0,1,0,115.75
22933,1,0,1,1,83.18
22934,0,1,1,0,89.25
22935,0,0,0,0,34.3
22936,0,0,1,0,143.99
22937,0,0,0,1,91.38
22938,1,0,1,0,14.39
22939,0,0,0,0,47.42
22940,0,0,0,0,90.22
22941,0,0,1,0,88.04
22942,1,0,1,1,50.72
22943,0,0,1,1,57.07
22944,0,0,1,0,41.31
22945,0,1,1,0,95.98
22946,0,0,1,1,29.19
22947,0,1,1,0,23.23
22948,1,0,0,0,116.56
22949,0,0,1,1,184.93
22950,0,0,0,0,13.06
22951,0,0,0,0,92.76
22952,0,0,0,0,12.37
22953,1,0,1,0,101.82
22954,0,0,0,0,98.46
22955,0,0,1,0,0.0
22956,0,0,1,0,40.36
22957,0,0,1,0,205.07
22958,0,0,0,0,0.0
22959,0,0,1,0,0.0
22960,0,0,0,0,62.58
22961,0,1,0,0,59.93
22962,1,1,1,0,110.08
22963,0,0,0,0,67.85
22964,1,1,0,0,98.23
22965,1,0,1,0,143.99
22966,0,0,0,0,3.23
22967,1,0,1,0,38.06
22968,1,0,1,0,81.87
22969,1,0,0,0,0.0
22970,0,0,0,0,2.81
22971,0,0,0,0,21.46
22972,0,0,1,0,64.94
22973,1,1,1,0,0.0
22974,0,0,1,0,156.78
22975,1,0,1,0,91.2
22976,0,0,0,0,8.67
22977,0,0,1,1,37.52
22978,0,1,0,0,0.0
22979,0,0,1,0,143.22
22980,1,0,0,0,108.9
22981,0,0,0,0,104.67
22982,1,0,1,0,229.58
22983,0,0,1,0,65.33
22984,1,0,1,0,4.53
22985,0,0,0,0,0.0
22986,0,1,0,0,0.0
22987,0,0,0,0,103.95
22988,1,0,1,0,72.9
22989,1,0,1,0,78.72
22990,1,0,0,0,123.6
22991,0,0,1,0,145.76
22992,0,1,0,0,121.98
22993,0,1,1,0,89.09
22994,0,1,1,0,114.09
22995,1,0,1,0,61.16
22996,0,0,0,0,42.21
22997,0,0,0,0,0.0
22998,0,1,0,0,0.0
22999,0,0,0,0,0.0
23000,1,0,1,1,196.44
23001,0,0,0,0,11.24
23002,1,1,0,0,107.69
23003,0,0,1,0,221.87
23004,1,1,1,0,57.72
23005,0,0,0,0,144.37
23006,0,0,0,0,30.59
23007,0,0,1,0,49.17
23008,0,0,0,0,0.0
23009,0,0,0,0,27.72
23010,1,0,0,0,34.83
23011,0,0,0,0,65.47
23012,0,0,0,0,130.0
23013,0,0,0,0,102.47
23014,1,0,0,0,60.82
23015,1,0,1,0,110.65
23016,1,0,1,0,40.87
23017,1,0,0,0,45.56
23018,1,1,1,0,139.27
23019,0,1,1,0,91.42
23020,1,0,1,0,0.0
23021,0,0,1,0,33.09
23022,1,0,1,0,104.36
23023,0,0,1,0,16.65
23024,0,1,1,0,102.09
23025,0,1,1,0,129.4
23026,0,0,0,0,115.88
23027,0,0,0,0,26.1
23028,0,1,0,0,126.46
23029,0,1,0,0,134.11
23030,1,0,0,0,0.0
23031,0,1,1,0,76.23
23032,1,0,0,0,68.67
23033,0,1,0,0,90.21
23034,0,0,0,0,8.72
23035,0,0,1,0,65.57
23036,0,0,0,0,29.31
23037,0,0,0,0,136.57
23038,0,0,1,0,0.0
23039,1,0,1,0,93.9
23040,0,0,0,0,66.46
23041,0,0,1,0,86.77
23042,1,0,0,0,127.15
23043,1,0,1,0,17.77
23044,0,0,0,1,42.68
23045,0,0,1,0,86.55
23046,0,0,0,0,0.0
23047,1,1,1,0,56.19
23048,0,0,1,0,0.0
23049,0,0,0,0,0.0
23050,0,1,1,0,44.58
23051,0,0,0,0,11.0
23052,0,0,0,0,90.04
23053,1,0,0,0,67.27
23054,0,0,0,0,98.77
23055,1,0,1,0,93.28
23056,0,0,0,0,103.7
23057,0,1,0,0,87.25
23058,0,0,0,0,26.65
23059,0,1,1,0,119.03
23060,1,0,1,0,81.94
23061,0,0,1,0,73.37
23062,1,0,1,0,111.4
23063,0,0,1,0,92.97
23064,1,0,0,0,37.21
23065,0,0,0,0,49.22
23066,1,0,1,0,80.46
23067,0,1,1,0,52.81
23068,1,0,1,0,6.22
23069,0,0,0,0,78.69
23070,1,0,1,0,104.33
23071,1,1,0,0,88.75
23072,0,1,1,0,84.29
23073,0,1,1,0,50.86
23074,1,0,0,0,96.99
23075,1,0,1,0,123.0
23076,0,0,0,0,105.26
23077,0,0,0,0,123.15
23078,0,0,0,0,13.71
23079,1,0,0,0,93.99
23080,1,1,1,0,84.77
23081,0,0,0,0,45.83
23082,0,0,0,0,106.46
23083,0,0,0,0,122.93
23084,0,1,1,0,28.59
23085,1,0,1,0,92.69
23086,0,0,0,0,64.31
23087,0,0,0,1,115.58
23088,1,0,1,0,0.0
23089,1,0,1,0,96.76
23090,0,0,1,0,110.58
23091,1,0,1,0,81.31
23092,1,1,0,0,95.87
23093,1,0,0,0,9.98
23094,0,1,0,0,92.85
23095,1,0,1,0,165.38
23096,1,0,0,0,134.15
23097,0,0,0,0,16.58
23098,0,0,0,0,209.55
23099,0,0,0,0,66.33
23100,1,1,1,0,99.3
23101,1,0,1,0,0.0
23102,1,1,1,0,106.53
23103,0,0,0,0,86.12
23104,1,0,0,0,77.07
23105,1,0,1,0,5.06
23106,0,1,1,0,75.46
23107,0,0,0,0,23.34
23108,0,1,0,0,26.83
23109,1,0,0,0,4.05
23110,0,0,0,0,0.0
23111,1,0,1,0,62.48
23112,1,0,1,0,34.94
23113,0,1,0,0,16.83
23114,0,1,0,1,36.86
23115,0,0,0,0,38.17
23116,0,0,1,0,16.25
23117,0,1,1,0,117.43
23118,0,0,0,0,0.0
23119,0,0,0,0,0.0
23120,0,0,0,0,58.08
23121,0,1,0,0,179.04
23122,0,0,0,0,123.85
23123,0,0,0,0,115.16
23124,1,0,1,0,33.33
23125,1,0,1,0,133.33
23126,0,0,0,0,0.0
23127,1,0,1,0,73.33
23128,1,0,0,1,82.3
23129,0,0,0,0,0.0
23130,0,0,0,0,13.09
23131,1,0,0,0,20.22
23132,0,0,0,0,44.03
23133,1,0,1,0,51.97
23134,0,0,0,0,21.31
23135,1,1,1,0,0.0
23136,0,1,0,0,111.47
23137,1,1,1,0,26.41
23138,0,1,0,0,56.61
23139,1,1,0,1,99.75
23140,1,0,1,1,74.62
23141,0,0,1,0,0.0
23142,1,1,1,0,0.0
23143,0,0,0,0,146.87
23144,0,0,1,0,31.75
23145,0,0,0,0,79.65
23146,1,0,0,0,61.51
23147,1,0,0,0,95.27
23148,1,0,1,0,30.88
23149,0,0,1,0,16.91
23150,0,0,1,0,89.69
23151,0,0,0,0,35.69
23152,0,1,0,1,0.0
23153,0,0,0,0,57.01
23154,1,0,1,0,66.87
23155,1,0,1,0,97.82
23156,1,0,1,0,56.22
23157,0,0,0,0,70.63
23158,0,0,0,0,14.14
23159,0,0,0,0,70.57
23160,1,0,0,0,38.66
23161,1,0,0,0,64.09
23162,0,0,0,0,55.81
23163,1,1,1,0,72.36
23164,0,0,0,0,71.36
23165,0,0,0,0,100.22
23166,0,0,1,1,93.97
23167,0,0,0,0,184.17
23168,0,0,0,0,0.0
23169,0,0,1,0,0.0
23170,0,1,0,0,123.67
23171,0,1,0,1,80.73
23172,1,1,0,0,154.72
23173,1,0,0,0,0.71
23174,0,0,0,0,73.51
23175,0,1,0,0,204.67
23176,0,0,0,0,134.71
23177,0,0,0,0,119.6
23178,0,0,0,0,0.0
23179,0,0,1,0,120.18
23180,0,0,0,0,134.61
23181,1,1,1,0,101.42
23182,0,0,0,0,18.07
23183,0,0,0,0,0.0
23184,0,0,1,0,27.53
23185,1,0,0,0,54.91
23186,0,0,0,0,97.21
23187,1,1,1,0,29.97
23188,1,0,0,0,0.0
23189,0,0,0,0,15.42
23190,1,0,1,0,8.34
23191,1,1,0,1,180.23
23192,0,0,0,0,86.65
23193,1,0,1,0,196.42
23194,1,1,0,0,104.32
23195,0,0,0,0,5.04
23196,0,0,0,0,51.98
23197,0,0,0,0,15.52
23198,0,0,0,0,99.61
23199,0,0,1,0,20.87
23200,1,0,0,0,25.34
23201,0,0,0,0,75.13
23202,0,0,1,0,116.25
23203,0,0,0,0,33.05
23204,0,0,0,0,61.98
23205,0,0,1,0,0.0
23206,1,0,0,0,11.05
23207,0,0,0,0,70.02
23208,0,0,1,0,106.07
23209,1,0,0,0,0.0
23210,1,1,0,1,79.91
23211,0,0,0,0,24.44
23212,1,1,1,0,151.7
23213,0,1,0,0,103.74
23214,1,0,0,0,95.65
23215,1,0,0,0,62.54
23216,0,0,0,0,97.03
23217,0,0,1,1,17.64
23218,0,0,0,0,15.27
23219,1,1,0,0,116.24
23220,0,0,1,0,45.86
23221,0,0,0,0,0.0
23222,1,0,1,0,88.1
23223,1,0,1,0,169.28
23224,1,0,1,0,145.82
23225,0,1,1,0,137.45
23226,0,1,1,0,0.0
23227,0,0,0,0,91.61
23228,1,0,1,1,118.93
23229,0,0,0,0,87.22
23230,0,0,1,0,43.04
23231,0,0,0,0,112.68
23232,1,0,1,0,0.0
23233,1,0,0,0,44.72
23234,1,0,1,0,140.22
23235,1,0,0,0,46.95
23236,1,0,1,0,93.7
23237,0,0,0,0,21.47
23238,1,1,0,0,46.44
23239,0,1,1,0,12.47
23240,0,0,1,0,144.99
23241,1,0,0,1,64.9
23242,0,0,0,0,76.5
23243,0,0,1,0,126.84
23244,0,0,0,0,101.81
23245,0,0,0,0,90.95
23246,0,0,0,0,78.1
23247,0,0,0,0,22.82
23248,0,1,0,0,43.23
23249,1,0,0,0,126.56
23250,0,1,1,0,50.99
23251,0,0,1,0,70.22
23252,0,1,0,0,96.8
23253,0,0,1,0,0.0
23254,1,0,0,0,27.98
23255,0,0,0,0,42.06
23256,1,0,0,0,165.03
23257,1,0,1,0,182.75
23258,0,1,1,0,155.67
23259,0,1,1,0,0.0
23260,1,0,0,0,81.36
23261,1,0,1,0,61.15
23262,1,0,1,0,84.88
23263,0,0,0,0,120.16
23264,0,0,0,0,84.38
23265,0,0,1,0,41.61
23266,0,1,1,0,162.82
23267,0,1,1,0,151.64
23268,1,0,1,0,14.39
23269,0,0,1,0,96.69
23270,1,1,1,0,186.38
23271,0,0,0,0,69.99
23272,0,0,0,0,39.4
23273,0,1,0,0,42.13
23274,0,0,0,0,70.46
23275,0,0,0,0,167.46
23276,1,0,1,0,39.35
23277,0,1,0,0,102.25
23278,0,1,0,0,129.63
23279,0,0,1,0,60.95
23280,0,0,0,0,13.33
23281,1,0,0,0,36.27
23282,0,0,0,0,16.57
23283,0,0,0,0,4.76
23284,1,0,0,1,20.1
23285,0,0,0,0,43.37
23286,1,1,1,0,131.56
23287,0,1,0,0,75.64
23288,1,1,0,0,49.89
23289,0,0,0,0,86.18
23290,1,0,0,0,133.78
23291,0,0,0,0,81.7
23292,1,0,1,0,87.94
23293,0,0,1,1,76.53
23294,0,0,0,0,4.94
23295,0,0,0,1,98.54
23296,0,0,0,0,109.95
23297,0,0,0,0,224.05
23298,1,1,1,0,32.37
23299,0,1,1,0,70.47
23300,1,0,1,0,16.69
23301,0,0,0,0,33.98
23302,1,0,0,0,111.64
23303,0,1,0,0,60.32
23304,0,0,0,0,30.5
23305,0,0,0,0,151.36
23306,1,1,1,0,77.7
23307,0,0,0,0,77.48
23308,0,0,0,0,0.0
23309,1,0,1,0,0.0
23310,1,0,0,0,0.0
23311,0,1,1,1,107.45
23312,0,0,0,0,51.69
23313,0,0,0,0,81.52
23314,0,0,0,0,154.97
23315,1,0,1,0,76.56
23316,0,0,0,0,44.44
23317,0,1,0,0,117.46
23318,0,1,0,0,91.55
23319,0,0,0,0,135.27
23320,0,1,1,0,98.1
23321,1,0,0,0,65.37
23322,0,1,0,0,24.95
23323,1,0,0,0,45.11
23324,0,0,1,0,0.0
23325,0,0,0,0,125.54
23326,1,1,1,0,124.64
23327,1,0,1,0,87.65
23328,1,1,1,0,139.95
23329,0,0,0,0,3.7
23330,0,0,1,1,24.63
23331,1,0,0,0,17.13
23332,1,0,1,0,119.53
23333,0,1,1,0,24.8
23334,1,0,1,0,73.16
23335,0,0,1,0,0.0
23336,0,0,1,0,79.48
23337,0,1,1,0,14.22
23338,0,1,0,0,63.12
23339,0,0,0,0,13.88
23340,0,1,1,0,163.04
23341,1,0,0,0,110.72
23342,0,0,0,0,83.15
23343,0,0,0,0,0.0
23344,0,0,0,0,42.99
23345,0,0,0,0,2.99
23346,0,0,0,0,137.95
23347,1,0,1,0,46.03
23348,0,0,0,0,32.55
23349,0,0,1,0,95.84
23350,0,0,1,0,115.49
23351,0,1,1,0,84.74
23352,0,1,0,0,0.0
23353,1,0,0,0,71.09
23354,0,0,1,0,27.66
23355,1,0,1,0,113.84
23356,0,0,0,0,152.81
23357,1,0,1,0,222.37
23358,1,0,1,0,45.84
23359,0,1,0,0,139.28
23360,0,0,0,0,36.77
23361,0,0,0,0,97.6
23362,0,0,0,0,6.39
23363,0,0,0,0,20.33
23364,1,0,1,0,16.1
23365,1,1,1,0,21.12
23366,1,0,1,0,0.0
23367,1,0,1,0,0.0
23368,0,0,1,1,0.0
23369,1,0,1,0,92.62
23370,0,0,0,0,0.0
23371,1,0,0,0,55.43
23372,1,0,0,1,104.79
23373,0,0,0,0,57.41
23374,1,0,0,0,138.47
23375,0,1,1,0,67.55
23376,0,1,1,0,128.26
23377,0,0,0,1,2.21
23378,0,0,0,0,33.89
23379,0,0,0,1,40.92
23380,0,1,0,1,23.87
23381,0,1,0,1,0.0
23382,1,0,1,0,103.22
23383,0,1,1,0,63.68
23384,0,0,0,1,18.78
23385,0,0,1,0,45.74
23386,0,0,1,0,34.7
23387,0,0,0,0,23.4
23388,0,1,1,0,176.06
23389,0,0,1,0,30.39
23390,0,0,0,0,13.49
23391,1,0,0,0,160.41
23392,0,0,0,1,24.43
23393,0,0,0,0,0.0
23394,0,0,0,0,82.42
23395,0,0,0,0,107.22
23396,1,1,0,0,62.86
23397,1,0,1,0,102.07
23398,0,0,0,0,0.0
23399,0,0,0,0,152.67
23400,0,1,0,0,32.12
23401,1,0,0,0,29.28
23402,0,0,0,0,73.02
23403,0,0,0,0,73.93
23404,0,1,1,0,42.3
23405,0,0,0,0,0.0
23406,1,0,1,0,0.0
23407,0,0,1,0,137.75
23408,1,0,0,0,131.99
23409,0,0,0,0,83.0
23410,1,1,1,0,119.46
23411,0,0,1,1,49.37
23412,0,0,1,0,72.58
23413,1,1,1,1,57.13
23414,1,0,0,1,0.0
23415,1,0,0,0,12.35
23416,1,0,0,0,43.78
23417,0,0,0,0,122.76
23418,0,0,0,0,226.01
23419,1,1,1,0,159.8
23420,0,0,0,0,0.0
23421,1,0,1,0,103.54
23422,1,0,0,0,159.97
23423,1,0,1,0,20.84
23424,0,0,0,0,0.0
23425,0,0,0,0,30.67
23426,1,0,0,0,0.0
23427,0,0,1,0,135.66
23428,1,0,1,0,89.93
23429,0,0,1,0,97.14
23430,0,1,0,0,97.24
23431,0,0,0,0,85.76
23432,0,1,0,0,66.82
23433,0,0,0,0,38.81
23434,0,0,1,0,0.0
23435,0,0,0,0,77.97
23436,1,1,1,1,44.28
23437,1,0,0,0,22.72
23438,1,0,0,0,33.88
23439,1,0,0,0,0.0
23440,1,0,0,0,0.0
23441,1,0,0,0,124.07
23442,0,0,0,0,3.63
23443,0,0,1,0,146.03
23444,1,0,1,0,68.82
23445,1,0,0,0,37.19
23446,0,0,0,0,22.9
23447,0,0,0,0,20.71
23448,1,0,0,0,126.5
23449,0,0,1,0,52.92
23450,0,0,1,0,105.67
23451,1,0,1,0,113.38
23452,0,0,0,0,10.05
23453,0,0,0,0,126.44
23454,0,0,0,0,105.78
23455,0,1,0,1,43.87
23456,0,0,1,0,33.42
23457,0,0,0,0,0.0
23458,0,0,0,0,105.52
23459,0,0,0,0,68.87
23460,1,0,0,0,20.91
23461,0,0,0,0,86.82
23462,0,1,1,1,10.03
23463,0,0,0,0,0.0
23464,0,0,1,0,15.67
23465,0,0,1,0,63.34
23466,0,0,0,0,128.67
23467,0,0,0,0,20.31
23468,0,0,0,0,5.26
23469,0,0,0,0,43.09
23470,1,1,0,1,0.0
23471,0,1,0,0,3.63
23472,0,0,1,0,94.23
23473,0,0,0,0,43.27
23474,1,0,1,0,138.43
23475,0,0,1,0,66.84
23476,0,0,0,0,77.8
23477,0,0,1,0,48.48
23478,0,0,0,0,9.47
23479,1,1,1,0,160.96
23480,0,0,0,1,40.3
23481,1,0,1,1,90.82
23482,0,0,1,0,100.6
23483,0,0,0,0,72.04
23484,0,0,1,0,111.22
23485,1,1,1,1,225.43
23486,1,0,0,0,26.86
23487,0,0,0,0,19.45
23488,0,0,1,0,122.97
23489,0,0,1,0,52.57
23490,0,0,0,0,55.81
23491,0,0,1,0,144.7
23492,0,0,0,0,65.95
23493,0,0,0,0,84.58
23494,1,1,1,0,117.56
23495,0,0,1,0,116.59
23496,1,0,0,0,0.0
23497,0,0,0,0,57.76
23498,1,0,0,0,60.97
23499,0,0,0,0,42.59
23500,0,0,0,0,40.92
23501,0,0,0,0,121.41
23502,0,0,0,0,55.42
23503,0,0,0,0,0.0
23504,1,0,1,0,0.0
23505,0,0,1,0,139.56
23506,0,0,0,0,0.0
23507,1,0,0,0,100.31
23508,0,0,0,0,42.15
23509,0,0,0,0,91.68
23510,0,0,0,0,0.0
23511,1,1,0,0,9.21
23512,1,0,0,0,89.38
23513,0,1,1,0,35.89
23514,1,0,0,0,91.78
23515,1,1,1,0,0.0
23516,0,0,0,0,10.4
23517,1,1,1,0,2.97
23518,1,1,0,0,133.88
23519,0,1,0,0,27.86
23520,1,1,1,0,51.45
23521,0,0,0,1,78.62
23522,0,1,0,0,10.94
23523,0,0,0,0,35.38
23524,0,0,1,1,23.07
23525,1,1,1,0,25.97
23526,1,0,0,0,73.88
23527,0,0,1,1,16.42
23528,0,0,1,0,4.28
23529,0,0,0,1,59.64
23530,0,0,0,0,89.35
23531,1,0,1,0,0.0
23532,1,0,0,1,94.92
23533,0,0,0,0,0.0
23534,1,0,1,1,117.76
23535,0,0,0,0,106.55
23536,1,0,0,0,38.52
23537,0,1,1,0,75.15
23538,0,0,0,0,0.0
23539,0,0,0,0,87.42
23540,1,0,1,0,11.31
23541,0,0,1,0,77.91
23542,1,1,1,0,283.48
23543,0,0,1,0,64.31
23544,0,0,0,1,59.77
23545,0,0,0,0,0.0
23546,0,0,0,0,67.17
23547,0,0,0,0,80.69
23548,0,0,0,0,0.0
23549,1,1,1,1,112.28
23550,0,0,1,0,9.42
23551,0,0,0,1,0.0
23552,0,0,0,1,84.15
23553,1,0,1,0,79.09
23554,0,0,1,0,28.92
23555,0,0,0,0,0.0
23556,0,0,0,0,126.0
23557,0,0,0,1,133.95
23558,1,0,0,0,112.27
23559,0,1,0,0,13.94
23560,0,1,0,0,57.4
23561,1,0,1,0,59.31
23562,0,0,0,0,139.96
23563,0,1,1,0,52.76
23564,0,1,0,0,149.87
23565,1,0,1,0,81.83
23566,1,0,0,0,148.83
23567,0,0,0,0,42.64
23568,0,0,0,0,92.33
23569,1,1,0,0,45.9
23570,1,0,0,0,83.01
23571,1,0,0,0,38.16
23572,1,1,1,0,0.9
23573,0,0,0,1,132.19
23574,1,0,0,0,21.06
23575,0,1,1,0,52.05
23576,0,0,0,0,92.23
23577,1,0,0,0,0.18
23578,1,0,1,0,38.3
23579,0,0,0,1,51.43
23580,1,0,0,0,185.5
23581,0,0,1,0,153.57
23582,1,0,0,0,85.73
23583,0,0,0,0,6.61
23584,1,1,1,0,111.66
23585,1,1,1,0,73.98
23586,0,0,1,0,0.0
23587,0,0,0,1,84.69
23588,0,0,0,0,100.4
23589,1,1,1,0,115.27
23590,0,1,0,0,92.68
23591,0,1,1,0,75.55
23592,1,0,1,0,19.42
23593,0,0,0,0,66.49
23594,0,0,0,0,3.78
23595,0,0,1,0,73.04
23596,0,0,1,0,111.58
23597,1,0,1,0,32.21
23598,1,1,1,0,150.73
23599,1,0,1,0,63.5
23600,1,0,1,0,91.98
23601,1,0,0,0,58.63
23602,1,0,1,0,163.03
23603,0,1,0,0,0.0
23604,0,0,1,0,76.37
23605,0,0,1,0,105.73
23606,0,0,0,0,13.28
23607,0,1,0,0,80.52
23608,1,0,1,0,0.0
23609,0,0,1,0,130.87
23610,0,0,0,0,0.0
23611,1,0,0,0,79.3
23612,1,0,1,0,162.8
23613,0,0,0,0,98.28
23614,0,0,0,0,195.81
23615,1,0,1,0,122.19
23616,0,0,0,0,9.63
23617,1,0,1,0,54.51
23618,0,0,0,0,51.44
23619,1,0,1,0,129.3
23620,0,0,0,0,0.0
23621,0,0,0,0,113.96
23622,0,0,0,1,0.0
23623,0,0,0,0,85.09
23624,0,0,0,0,0.0
23625,0,0,1,1,99.43
23626,0,1,0,0,81.22
23627,0,0,0,0,64.19
23628,0,0,0,0,125.8
23629,0,0,0,0,38.49
23630,0,0,0,0,19.5
23631,0,0,1,1,123.47
23632,1,0,0,0,0.0
23633,1,0,1,0,91.12
23634,0,0,0,0,0.0
23635,0,0,0,0,66.02
23636,1,0,0,0,124.89
23637,0,1,1,0,16.28
23638,0,1,1,0,122.55
23639,0,0,1,0,175.34
23640,1,0,0,0,114.48
23641,1,0,0,0,0.0
23642,1,1,1,0,160.8
23643,0,0,0,0,0.0
23644,0,0,0,0,89.6
23645,0,0,0,1,34.66
23646,0,0,0,0,42.84
23647,0,0,0,0,62.64
23648,0,0,0,0,107.35
23649,1,0,0,0,92.83
23650,1,0,0,0,0.0
23651,0,0,0,0,74.09
23652,0,0,1,0,97.5
23653,0,1,0,0,134.41
23654,0,1,1,0,85.19
23655,0,1,1,0,108.29
23656,0,0,0,0,85.56
23657,0,1,1,0,122.42
23658,0,0,0,0,54.93
23659,1,0,1,0,19.7
23660,0,0,1,0,9.12
23661,1,0,1,0,5.77
23662,1,0,1,0,86.55
23663,1,0,0,0,91.17
23664,1,0,0,0,104.51
23665,1,0,0,0,65.66
23666,1,0,1,0,122.66
23667,1,1,1,0,113.65
23668,0,1,0,0,23.21
23669,1,0,0,0,38.46
23670,0,0,0,0,46.59
23671,0,0,1,0,0.0
23672,0,0,0,0,105.73
23673,0,0,0,0,91.98
23674,0,0,1,0,26.56
23675,1,0,0,0,134.99
23676,0,0,1,0,0.0
23677,1,0,1,1,171.16
23678,0,0,0,1,12.16
23679,0,0,0,0,79.48
23680,1,0,1,1,230.67
23681,0,0,1,0,3.06
23682,0,0,0,0,111.56
23683,0,1,0,0,22.74
23684,1,1,1,0,41.4
23685,0,0,0,0,132.67
23686,1,1,0,0,41.33
23687,1,0,1,0,104.45
23688,0,0,0,0,30.84
23689,1,1,1,0,144.02
23690,0,0,0,0,62.23
23691,1,0,1,1,176.67
23692,1,0,0,0,41.27
23693,0,0,1,0,0.0
23694,0,0,0,0,8.31
23695,0,1,1,0,109.7
23696,0,0,0,0,99.74
23697,1,0,1,0,186.93
23698,0,1,0,0,0.0
23699,0,1,1,0,90.13
23700,0,0,1,0,62.66
23701,1,0,1,0,0.0
23702,1,0,0,0,81.95
23703,0,0,0,0,0.0
23704,1,0,0,0,71.35
23705,0,0,0,0,68.27
23706,1,0,0,0,37.63
23707,0,0,0,0,69.09
23708,0,1,0,0,55.5
23709,0,0,0,0,81.27
23710,0,0,0,0,61.64
23711,0,0,0,0,50.98
23712,1,1,1,0,105.25
23713,0,0,0,0,0.0
23714,0,0,1,0,84.69
23715,1,0,0,0,0.75
23716,0,0,1,1,28.4
23717,1,1,1,0,78.4
23718,0,0,0,1,166.1
23719,0,0,0,0,79.24
23720,0,0,1,0,149.61
23721,0,0,0,0,46.91
23722,0,1,1,0,27.82
23723,0,0,0,0,35.96
23724,1,1,1,0,141.97
23725,0,0,0,0,79.5
23726,0,0,1,0,77.85
23727,0,0,0,0,7.78
23728,1,0,1,0,0.0
23729,0,0,0,0,87.4
23730,0,0,0,0,103.99
23731,1,0,0,0,121.08
23732,0,0,1,0,63.35
23733,0,0,1,0,66.57
23734,0,0,1,0,100.76
23735,0,0,0,0,88.1
23736,1,1,1,0,92.62
23737,0,0,0,0,118.04
23738,0,0,0,0,0.0
23739,0,0,0,0,20.48
23740,0,0,0,0,149.28
23741,0,0,1,1,39.36
23742,0,0,0,0,24.51
23743,1,0,1,0,20.7
23744,0,0,0,1,149.97
23745,1,0,0,0,0.0
23746,1,0,0,0,151.79
23747,0,0,0,0,143.51
23748,1,0,1,0,133.42
23749,0,0,1,0,80.33
23750,0,0,0,0,76.38
23751,1,0,0,0,0.0
23752,0,0,0,0,129.08
23753,1,0,0,0,0.0
23754,0,1,0,1,83.22
23755,0,0,0,0,86.35
23756,1,0,0,0,0.0
23757,1,0,0,0,0.0
23758,0,0,0,0,0.0
23759,0,0,1,0,24.47
23760,0,0,0,0,5.45
23761,0,0,0,0,141.13
23762,1,0,1,0,18.26
23763,1,1,1,1,136.86
23764,0,0,0,0,0.0
23765,0,0,0,0,10.15
23766,1,0,1,0,91.89
23767,1,0,1,0,22.83
23768,1,0,1,0,42.45
23769,1,1,1,0,65.16
23770,0,0,1,1,69.96
23771,1,0,0,0,0.0
23772,1,0,0,0,152.68
23773,1,0,1,0,189.7
23774,0,0,0,0,48.14
23775,0,1,1,0,26.02
23776,1,0,1,0,118.7
23777,0,1,0,0,79.38
23778,1,0,1,0,31.84
23779,0,1,1,0,3.39
23780,1,0,1,0,116.84
23781,0,0,0,1,0.0
23782,1,0,0,0,142.76
23783,0,0,0,0,0.0
23784,0,0,0,0,51.53
23785,0,0,0,0,68.68
23786,0,0,1,0,122.65
23787,0,0,0,0,46.7
23788,1,0,0,0,0.0
23789,1,1,1,1,25.1
23790,0,0,0,0,104.02
23791,0,0,1,0,117.32
23792,0,0,0,0,80.04
23793,0,0,1,0,179.42
23794,0,0,0,0,105.87
23795,0,0,1,0,29.36
23796,1,0,0,0,34.04
23797,0,0,1,0,72.2
23798,0,0,0,0,40.02
23799,0,1,0,1,73.58
23800,1,0,0,0,110.05
23801,1,0,1,0,110.63
23802,0,0,0,1,71.18
23803,0,0,0,1,135.59
23804,0,0,1,0,56.27
23805,0,0,0,0,0.0
23806,0,0,0,0,19.97
23807,1,0,0,0,16.3
23808,0,0,0,0,0.0
23809,1,0,1,0,131.45
23810,0,0,0,0,109.02
23811,1,1,0,0,74.09
23812,0,0,1,0,16.36
23813,1,0,0,1,0.0
23814,1,0,1,0,190.3
23815,0,1,0,0,54.83
23816,0,0,1,0,36.89
23817,1,0,1,0,49.57
23818,0,0,1,0,77.86
23819,0,0,0,0,13.27
23820,1,0,0,1,93.53
23821,0,0,0,0,143.87
23822,1,1,0,0,68.9
23823,1,1,1,0,139.12
23824,0,0,0,0,119.28
23825,1,0,1,0,212.28
23826,1,1,1,0,0.0
23827,0,0,0,0,33.54
23828,0,0,0,0,98.74
23829,1,0,0,0,31.19
23830,1,1,0,0,130.62
23831,0,0,1,0,78.53
23832,0,0,1,0,7.98
23833,0,1,1,0,240.86
23834,0,1,0,0,0.0
23835,1,0,0,0,95.67
23836,0,0,1,0,75.56
23837,0,0,1,0,94.9
23838,0,0,0,0,89.83
23839,0,0,0,0,22.73
23840,0,0,0,1,0.0
23841,0,0,0,0,79.62
23842,1,1,0,0,97.45
23843,0,0,0,0,0.0
23844,0,0,0,0,15.61
23845,0,1,0,1,73.13
23846,1,0,0,0,76.75
23847,1,0,0,0,104.77
23848,0,0,0,0,0.0
23849,1,0,0,0,0.0
23850,0,1,0,1,36.41
23851,0,0,0,1,60.29
23852,0,0,1,0,79.79
23853,0,1,0,0,0.0
23854,0,0,1,0,107.48
23855,1,0,1,0,135.3
23856,0,0,0,0,62.62
23857,0,0,0,0,2.47
23858,0,0,1,0,106.52
23859,0,0,1,0,71.34
23860,0,0,1,0,173.89
23861,1,0,1,0,129.7
23862,0,0,0,1,0.0
23863,1,0,1,0,0.0
23864,0,0,0,0,103.94
23865,1,1,1,0,119.89
23866,0,0,0,0,14.03
23867,1,0,1,0,46.06
23868,1,1,0,0,14.4
23869,0,0,0,0,24.39
23870,0,0,0,0,11.84
23871,1,1,1,0,112.21
23872,1,0,1,0,96.15
23873,0,0,1,1,105.48
23874,0,0,0,0,118.7
23875,1,0,0,0,26.13
23876,1,1,1,0,130.81
23877,1,0,0,1,53.02
23878,1,0,0,0,0.0
23879,0,0,0,0,48.51
23880,1,0,0,1,39.74
23881,1,0,0,0,86.95
23882,1,1,1,1,145.76
23883,0,0,0,0,67.88
23884,0,1,1,0,54.31
23885,0,1,1,0,109.62
23886,1,1,0,0,66.66
23887,0,0,0,0,0.0
23888,1,0,1,0,86.14
23889,0,1,0,0,37.97
23890,0,1,0,1,81.91
23891,1,1,0,0,68.99
23892,0,0,0,0,80.96
23893,0,0,1,0,64.45
23894,0,1,0,0,67.98
23895,0,0,0,0,104.63
23896,0,0,0,0,211.73
23897,0,0,1,0,19.21
23898,0,0,1,0,141.4
23899,0,0,0,0,74.15
23900,0,0,0,0,5.98
23901,1,0,1,0,1.11
23902,0,0,1,0,28.33
23903,1,0,1,0,5.48
23904,0,0,1,0,60.7
23905,0,1,1,0,181.78
23906,0,0,0,0,0.0
23907,0,0,0,0,198.14
23908,0,0,1,0,0.0
23909,1,0,0,0,109.08
23910,1,0,0,0,63.24
23911,1,0,1,0,50.92
23912,0,0,0,0,104.63
23913,0,0,0,0,0.0
23914,1,0,1,0,67.11
23915,0,1,0,0,0.0
23916,1,0,1,0,178.78
23917,1,1,0,0,27.38
23918,1,1,0,0,112.7
23919,0,0,0,0,0.0
23920,0,0,1,0,163.46
23921,0,1,0,0,0.0
23922,0,0,0,0,50.93
23923,1,0,1,0,39.3
23924,1,1,0,0,36.23
23925,1,0,1,1,144.87
23926,1,0,1,0,151.24
23927,0,0,0,0,139.63
23928,0,0,1,0,0.0
23929,0,1,0,0,1.34
23930,0,0,0,1,57.02
23931,0,0,0,0,10.88
23932,0,0,0,0,85.74
23933,0,1,0,0,97.3
23934,0,0,0,0,0.0
23935,0,0,1,0,131.49
23936,1,1,1,1,89.66
23937,0,0,0,0,136.55
23938,0,1,0,0,45.52
23939,0,0,0,0,80.85
23940,0,0,0,0,24.58
23941,1,0,0,0,154.75
23942,0,0,1,0,193.38
23943,0,0,0,1,0.0
23944,1,0,1,0,159.6
23945,1,1,1,0,85.19
23946,1,0,0,0,110.39
23947,0,0,1,1,111.67
23948,1,1,1,0,0.0
23949,1,0,1,0,53.11
23950,0,0,0,0,29.09
23951,1,0,1,0,91.24
23952,1,1,1,0,30.49
23953,0,1,0,0,71.78
23954,1,1,0,1,87.32
23955,0,1,1,0,0.0
23956,1,1,1,0,125.69
23957,1,1,1,0,118.16
23958,0,0,0,1,18.89
23959,1,1,0,0,182.12
23960,0,1,0,0,72.38
23961,0,1,1,0,0.0
23962,0,1,1,0,77.93
23963,0,1,1,0,58.16
23964,0,0,0,0,127.16
23965,0,0,1,0,113.09
23966,0,0,0,0,41.17
23967,1,0,1,0,99.15
23968,0,0,1,0,79.33
23969,0,0,0,0,104.38
23970,0,0,0,0,25.85
23971,0,1,0,0,206.57
23972,0,1,1,0,28.94
23973,1,0,1,0,38.95
23974,0,0,1,0,100.68
23975,0,1,1,0,0.0
23976,1,0,0,0,65.9
23977,1,0,1,0,170.31
23978,1,0,1,0,110.55
23979,1,0,0,0,60.85
23980,0,0,0,0,135.69
23981,1,1,1,0,43.61
23982,0,0,0,0,28.74
23983,1,0,0,0,85.79
23984,1,0,1,0,57.66
23985,1,1,1,0,110.08
23986,0,0,0,0,85.01
23987,0,0,0,0,198.52
23988,0,1,0,0,31.61
23989,1,0,1,1,97.95
23990,1,0,0,0,14.89
23991,0,0,0,0,55.89
23992,1,1,0,0,122.37
23993,0,0,0,1,85.89
23994,1,0,1,0,58.93
23995,1,0,1,0,4.14
23996,0,0,0,0,73.36
23997,0,1,0,0,219.54
23998,1,0,0,0,117.05
23999,1,0,0,0,0.67
24000,1,0,0,0,208.16
24001,1,0,0,0,0.0
24002,1,1,0,0,185.0
24003,1,0,1,0,78.47
24004,0,0,1,0,84.33
24005,0,0,0,0,0.0
24006,0,0,0,1,58.21
24007,0,0,0,0,83.46
24008,0,0,0,0,0.0
24009,0,0,1,1,29.16
24010,0,1,0,0,96.24
24011,0,0,1,0,119.52
24012,0,0,0,0,60.84
24013,1,1,1,1,180.3
24014,1,0,1,0,68.83
24015,1,0,0,0,0.0
24016,0,0,0,0,32.41
24017,0,0,1,0,46.02
24018,1,1,1,0,101.89
24019,1,1,1,0,24.46
24020,0,1,0,0,115.71
24021,0,0,0,0,97.77
24022,1,0,1,0,98.13
24023,1,0,1,1,56.26
24024,0,1,1,0,29.41
24025,0,1,0,0,77.15
24026,0,0,1,0,117.58
24027,0,1,1,0,56.78
24028,1,0,1,0,60.1
24029,1,0,0,0,154.5
24030,0,0,1,0,11.4
24031,0,1,0,0,6.79
24032,0,0,0,0,208.02
24033,0,1,1,0,63.47
24034,0,0,0,0,0.0
24035,0,0,1,0,0.0
24036,0,0,0,0,72.64
24037,0,0,1,0,0.0
24038,1,0,1,0,118.74
24039,0,0,0,0,125.02
24040,0,0,0,1,59.98
24041,0,0,1,0,77.12
24042,0,0,1,0,0.0
24043,0,0,0,1,118.56
24044,0,0,0,0,53.94
24045,0,0,1,0,151.23
24046,1,1,1,1,61.62
24047,0,0,0,0,39.58
24048,0,0,0,0,29.1
24049,1,0,1,1,131.47
24050,1,0,1,0,117.72
24051,1,0,1,0,95.2
24052,0,0,0,0,135.84
24053,0,0,0,0,97.03
24054,1,0,0,0,0.0
24055,0,1,0,1,13.6
24056,0,0,0,0,34.91
24057,0,0,0,0,87.05
24058,0,0,1,0,165.19
24059,0,0,1,1,33.71
24060,0,1,0,0,165.43
24061,0,1,0,0,45.05
24062,0,0,0,0,82.49
24063,1,0,1,0,181.49
24064,0,0,0,0,163.59
24065,1,0,1,1,142.67
24066,0,0,0,0,85.41
24067,1,1,0,0,58.78
24068,1,0,0,0,0.0
24069,0,0,0,0,54.52
24070,1,0,1,0,48.21
24071,1,0,1,1,137.46
24072,1,1,1,0,122.73
24073,0,0,1,0,0.0
24074,0,0,0,0,76.91
24075,0,1,1,0,92.28
24076,0,0,1,0,119.3
24077,1,1,0,0,0.0
24078,1,0,1,0,110.29
24079,0,1,0,0,32.65
24080,0,0,0,0,48.62
24081,0,0,0,0,0.0
24082,0,0,0,0,98.1
24083,1,0,0,0,0.0
24084,0,1,0,0,0.0
24085,1,0,1,0,106.64
24086,0,1,1,0,80.82
24087,0,0,1,0,0.0
24088,1,1,1,1,114.39
24089,1,1,0,0,56.72
24090,0,0,1,0,152.91
24091,1,0,1,0,12.83
24092,0,0,0,0,19.62
24093,0,0,1,0,59.96
24094,1,0,0,0,117.43
24095,1,0,0,0,128.56
24096,0,1,1,0,100.82
24097,1,0,1,0,160.99
24098,0,0,0,0,109.51
24099,0,1,0,0,145.57
24100,0,0,1,0,111.0
24101,0,0,0,0,3.39
24102,0,0,1,0,104.99
24103,0,0,0,0,93.88
24104,0,0,1,0,196.7
24105,0,0,0,1,58.46
24106,0,0,0,0,58.77
24107,0,0,1,0,0.0
24108,0,0,1,0,89.39
24109,0,0,0,1,104.75
24110,0,0,1,1,76.36
24111,0,0,0,0,82.93
24112,1,0,1,0,0.0
24113,0,0,0,0,21.52
24114,1,0,0,0,115.88
24115,1,0,0,0,67.52
24116,1,0,0,1,117.98
24117,0,0,1,1,60.87
24118,1,0,1,0,41.26
24119,1,0,0,0,78.11
24120,0,0,1,0,93.41
24121,0,0,0,0,44.45
24122,0,0,0,0,53.71
24123,0,0,0,0,54.59
24124,1,1,1,1,9.45
24125,0,0,0,0,0.0
24126,0,0,0,0,160.99
24127,1,0,1,0,80.66
24128,0,0,0,0,90.49
24129,1,0,0,0,71.17
24130,1,0,1,0,27.47
24131,0,0,0,0,45.69
24132,1,1,1,0,71.54
24133,0,0,0,0,0.0
24134,0,0,0,0,121.27
24135,1,1,1,0,106.26
24136,0,0,0,0,98.16
24137,1,1,0,0,114.18
24138,0,0,0,0,209.51
24139,1,1,1,0,113.35
24140,0,0,0,0,44.12
24141,0,0,0,0,82.06
24142,1,0,0,0,105.72
24143,0,0,1,1,24.36
24144,0,1,0,0,10.14
24145,1,1,1,0,110.99
24146,0,0,1,0,5.0
24147,0,1,1,0,0.0
24148,0,0,0,0,106.97
24149,1,0,0,0,154.42
24150,0,0,0,0,0.24
24151,0,1,1,0,45.01
24152,0,0,0,0,86.24
24153,1,0,0,0,74.83
24154,1,0,1,1,0.0
24155,0,0,0,0,15.87
24156,0,1,1,1,182.05
24157,0,0,0,0,0.0
24158,1,0,0,0,0.0
24159,0,1,0,0,185.2
24160,0,0,0,0,77.03
24161,0,0,0,0,67.62
24162,0,0,0,0,19.73
24163,0,0,1,0,0.0
24164,0,0,1,0,184.69
24165,0,0,0,0,31.48
24166,0,0,0,0,93.09
24167,0,1,1,0,114.42
24168,0,1,1,0,66.84
24169,1,0,0,0,104.27
24170,0,0,0,0,49.03
24171,1,0,0,0,42.01
24172,0,0,0,0,100.49
24173,0,0,0,0,77.08
24174,0,0,0,0,155.99
24175,0,1,0,0,128.81
24176,1,0,1,0,19.69
24177,1,0,1,0,27.32
24178,1,0,1,1,138.58
24179,0,0,1,0,0.0
24180,0,1,0,0,53.62
24181,0,0,1,0,12.54
24182,1,0,1,0,106.28
24183,0,0,0,0,68.47
24184,0,0,0,1,35.71
24185,0,0,1,0,58.41
24186,0,0,0,0,105.97
24187,1,0,0,0,164.72
24188,1,1,1,0,71.78
24189,1,0,0,0,82.27
24190,0,0,1,0,114.8
24191,0,0,0,0,69.76
24192,1,0,1,0,17.5
24193,0,0,1,0,0.0
24194,1,0,1,0,123.31
24195,1,1,0,0,128.88
24196,0,0,0,0,0.0
24197,0,0,0,0,129.48
24198,0,0,0,0,34.36
24199,0,0,0,0,20.22
24200,1,0,0,0,88.44
24201,1,1,1,0,0.0
24202,1,1,1,0,0.07
24203,0,0,0,0,11.19
24204,0,1,0,0,88.95
24205,0,1,1,0,19.31
24206,0,0,0,0,197.96
24207,0,0,0,0,16.66
24208,0,0,1,1,92.66
24209,0,1,1,0,0.0
24210,0,0,1,0,127.29
24211,1,0,0,1,155.05
24212,0,0,0,0,91.0
24213,0,0,0,0,34.4
24214,1,1,1,0,48.46
24215,0,0,0,0,0.0
24216,0,0,0,0,47.16
24217,1,0,1,0,100.92
24218,0,0,0,0,102.3
24219,0,0,1,0,156.76
24220,1,0,0,0,62.04
24221,1,1,1,0,172.53
24222,0,0,0,0,142.78
24223,0,1,0,0,107.45
24224,0,0,1,0,41.22
24225,1,0,0,1,51.12
24226,0,1,1,0,132.96
24227,0,0,0,0,43.93
24228,0,0,0,0,69.11
24229,1,1,1,0,116.69
24230,0,0,0,1,81.98
24231,1,1,0,0,12.84
24232,1,0,0,0,4.46
24233,0,0,0,0,221.55
24234,1,1,1,0,9.77
24235,0,1,0,0,127.09
24236,0,0,0,0,63.92
24237,1,0,1,0,156.88
24238,0,0,1,0,67.51
24239,0,0,0,0,36.88
24240,0,0,1,0,0.0
24241,0,0,0,0,0.0
24242,0,0,1,0,9.98
24243,0,0,0,0,162.04
24244,1,1,0,0,100.83
24245,0,0,1,0,50.35
24246,0,0,0,1,97.99
24247,0,0,1,0,0.0
24248,0,0,0,0,40.03
24249,0,0,0,0,0.0
24250,1,1,1,0,100.87
24251,0,0,0,0,111.73
24252,1,1,0,0,69.86
24253,0,0,0,0,78.92
24254,1,0,0,0,75.56
24255,0,0,0,0,98.94
24256,1,0,1,0,117.64
24257,0,1,1,0,182.38
24258,1,0,1,0,40.29
24259,1,0,1,0,55.49
24260,0,0,0,1,40.49
24261,0,0,0,0,83.05
24262,1,0,1,0,6.04
24263,0,0,0,0,130.83
24264,0,1,1,0,0.0
24265,0,0,1,0,55.71
24266,0,0,0,0,55.73
24267,1,1,1,0,173.55
24268,0,0,1,0,78.58
24269,1,1,0,1,87.07
24270,1,0,1,0,67.74
24271,0,0,0,0,19.88
24272,1,0,0,0,51.59
24273,0,0,0,0,89.14
24274,1,0,1,0,66.94
24275,1,0,0,1,17.59
24276,0,0,0,1,51.29
24277,0,0,0,0,66.99
24278,0,0,0,1,79.4
24279,1,0,1,0,41.35
24280,1,0,0,1,76.06
24281,1,0,0,0,14.07
24282,1,0,1,1,213.43
24283,1,0,0,0,164.86
24284,1,0,0,0,28.19
24285,0,0,0,1,145.46
24286,0,0,1,0,74.77
24287,1,0,0,0,89.57
24288,0,0,1,0,0.0
24289,0,0,0,0,0.0
24290,0,0,1,0,47.35
24291,0,0,0,0,38.43
24292,1,0,1,0,51.96
24293,1,0,0,0,80.47
24294,0,0,1,1,76.91
24295,0,0,0,1,91.15
24296,0,0,0,0,67.7
24297,0,0,0,0,134.26
24298,0,1,1,0,22.82
24299,0,1,1,0,61.83
24300,1,0,1,0,125.02
24301,1,0,0,1,19.59
24302,0,1,1,0,63.7
24303,1,0,0,0,30.66
24304,0,1,1,1,111.28
24305,0,1,1,0,210.05
24306,0,1,0,1,105.01
24307,1,0,1,0,56.25
24308,1,0,0,0,61.09
24309,0,0,0,0,87.37
24310,1,0,1,0,68.33
24311,0,0,0,0,0.0
24312,0,0,0,0,0.0
24313,0,0,1,1,90.66
24314,1,0,0,0,140.03
24315,0,0,0,0,7.69
24316,0,1,0,0,0.0
24317,0,0,0,0,0.0
24318,1,1,1,0,50.44
24319,1,1,0,0,164.66
24320,0,0,0,0,40.36
24321,0,0,0,1,32.08
24322,0,0,1,1,0.0
24323,0,0,0,0,11.16
24324,0,0,0,0,71.67
24325,1,0,0,0,110.45
24326,0,0,0,0,0.0
24327,0,0,0,0,56.33
24328,0,0,1,0,75.18
24329,0,0,0,0,0.0
24330,0,0,0,0,171.26
24331,1,1,1,0,89.47
24332,0,0,0,1,85.58
24333,0,0,0,0,21.4
24334,0,0,1,0,71.32
24335,1,0,1,1,173.02
24336,0,0,0,0,101.39
24337,0,1,0,0,0.0
24338,0,0,0,0,45.05
24339,0,0,1,0,72.05
24340,0,0,1,1,157.29
24341,1,0,1,0,40.81
24342,0,0,0,0,70.02
24343,0,0,1,0,107.24
24344,0,0,0,0,67.41
24345,0,0,1,1,137.95
24346,1,0,1,0,71.22
24347,1,0,1,0,139.75
24348,0,0,0,0,93.99
24349,0,0,1,0,104.36
24350,1,0,0,0,64.75
24351,1,0,0,0,60.15
24352,0,0,1,0,54.23
24353,1,0,0,0,0.0
24354,1,1,0,1,61.77
24355,0,0,0,0,22.5
24356,1,1,0,0,39.73
24357,0,0,1,1,0.0
24358,1,1,1,1,123.14
24359,1,0,1,0,86.48
24360,0,1,0,0,126.87
24361,1,0,1,0,141.95
24362,1,0,0,1,0.0
24363,0,1,1,0,109.61
24364,1,1,0,0,40.26
24365,0,1,1,0,27.44
24366,0,0,0,1,6.48
24367,0,0,1,0,82.83
24368,1,0,1,0,0.0
24369,1,0,1,0,112.99
24370,0,0,1,0,31.14
24371,1,1,0,0,136.71
24372,0,0,0,0,0.0
24373,0,0,1,0,85.37
24374,1,1,1,1,61.94
24375,1,0,1,0,112.72
24376,0,0,0,0,14.06
24377,1,1,1,0,69.02
24378,0,0,0,1,68.05
24379,0,0,0,0,13.2
24380,1,1,1,0,104.18
24381,0,0,0,0,59.97
24382,0,0,0,0,12.84
24383,1,0,0,0,107.98
24384,0,0,0,0,39.1
24385,0,0,0,0,67.25
24386,0,0,0,0,0.0
24387,0,0,0,1,80.47
24388,0,1,0,0,20.6
24389,0,0,0,0,96.19
24390,0,0,0,0,37.58
24391,1,0,0,0,79.95
24392,1,1,0,1,83.8
24393,1,1,0,0,48.23
24394,0,0,0,0,44.44
24395,1,0,0,0,0.0
24396,1,0,0,1,0.0
24397,1,0,1,0,14.96
24398,0,1,0,0,50.94
24399,0,0,0,0,44.31
24400,0,1,1,0,129.51
24401,0,0,0,0,73.86
24402,1,1,1,0,126.25
24403,0,1,1,0,175.79
24404,0,0,0,0,36.75
24405,0,0,0,0,0.0
24406,0,0,0,0,18.19
24407,0,0,0,0,30.43
24408,1,0,0,0,0.0
24409,0,0,0,0,0.0
24410,1,0,0,0,90.94
24411,0,0,0,0,89.92
24412,0,0,0,0,88.05
24413,0,0,0,0,0.0
24414,0,0,0,0,25.95
24415,1,0,1,0,125.41
24416,0,0,0,0,0.0
24417,1,0,0,0,147.42
24418,1,1,1,0,54.48
24419,0,0,0,0,121.09
24420,0,0,1,0,130.49
24421,1,1,1,1,82.79
24422,1,1,1,0,76.7
24423,0,0,1,0,171.19
24424,0,1,0,0,28.13
24425,1,0,1,0,78.04
24426,0,1,0,0,130.13
24427,0,0,0,0,51.31
24428,0,0,0,1,176.83
24429,1,1,0,0,70.04
24430,1,0,1,0,119.0
24431,1,1,1,0,77.17
24432,0,0,0,0,72.97
24433,0,0,0,0,16.92
24434,0,0,0,0,100.01
24435,0,1,0,0,62.33
24436,1,1,1,1,0.0
24437,1,0,1,0,71.93
24438,1,1,1,0,91.86
24439,0,1,0,0,146.06
24440,1,0,0,0,71.41
24441,0,0,0,0,90.1
24442,1,1,0,0,46.37
24443,0,0,0,0,99.92
24444,1,1,0,0,95.38
24445,0,0,1,0,74.81
24446,1,0,1,0,0.0
24447,1,1,1,0,53.76
24448,0,0,1,0,74.75
24449,0,0,0,0,49.52
24450,1,0,1,0,10.44
24451,1,0,0,0,17.93
24452,0,0,0,0,70.58
24453,0,0,1,0,49.34
24454,0,1,0,0,14.85
24455,0,1,1,0,0.0
24456,0,1,1,0,43.59
24457,1,1,0,1,54.72
24458,1,0,1,0,170.16
24459,0,0,0,0,0.0
24460,1,0,0,0,0.0
24461,0,0,0,0,0.0
24462,1,0,0,0,116.18
24463,0,0,0,0,4.92
24464,0,1,1,0,57.94
24465,0,0,0,0,63.34
24466,1,1,1,0,0.87
24467,0,0,0,0,79.73
24468,0,1,0,0,167.51
24469,1,0,0,0,46.94
24470,0,1,0,0,114.27
24471,1,0,0,0,6.73
24472,1,1,1,0,160.03
24473,0,1,0,0,15.53
24474,1,0,1,0,41.99
24475,0,0,1,0,40.87
24476,0,0,0,0,49.23
24477,0,0,0,1,32.25
24478,0,1,1,0,0.0
24479,0,0,0,0,53.02
24480,0,0,0,0,175.5
24481,0,0,1,0,127.89
24482,0,0,0,0,163.75
24483,0,0,0,0,226.52
24484,0,0,1,0,12.83
24485,1,0,0,0,6.18
24486,1,0,0,0,152.74
24487,1,0,1,0,77.13
24488,0,1,1,0,16.68
24489,0,0,1,0,32.53
24490,0,0,0,0,60.76
24491,0,0,1,0,0.0
24492,0,0,1,0,0.0
24493,0,0,1,0,171.21
24494,1,0,1,0,64.73
24495,0,0,0,0,126.4
24496,1,0,1,0,0.0
24497,1,0,1,0,0.0
24498,0,0,0,0,153.73
24499,0,0,0,0,0.0
24500,1,0,1,0,61.65
24501,1,0,1,0,167.62
24502,1,0,1,0,74.04
24503,0,1,0,0,104.88
24504,0,0,0,0,86.48
24505,0,0,0,0,37.52
24506,0,0,0,0,93.87
24507,0,0,1,0,0.0
24508,1,0,1,0,111.41
24509,0,0,1,0,39.99
24510,0,0,1,0,192.04
24511,0,0,0,0,59.03
24512,1,0,0,1,38.25
24513,0,0,1,0,0.0
24514,0,0,0,0,98.66
24515,1,1,1,0,112.68
24516,0,0,1,0,109.78
24517,0,0,0,0,1.99
24518,0,1,1,0,75.49
24519,1,0,1,0,0.0
24520,0,0,1,0,106.0
24521,1,0,1,0,2.0
24522,0,0,0,0,83.93
24523,1,0,0,0,44.08
24524,0,0,1,0,102.2
24525,1,0,1,1,30.3
24526,1,0,1,0,94.7
24527,1,1,1,0,143.35
24528,1,0,1,0,79.03
24529,0,0,0,0,98.52
24530,0,0,0,0,0.0
24531,0,1,0,0,0.0
24532,1,0,0,0,9.98
24533,1,1,1,0,78.68
24534,1,1,1,0,117.65
24535,0,1,0,1,14.13
24536,1,1,1,0,143.91
24537,1,0,1,0,39.82
24538,0,1,1,0,70.69
24539,1,1,1,0,118.74
24540,0,1,1,0,120.91
24541,0,1,0,0,54.11
24542,0,0,0,0,7.44
24543,0,0,0,0,96.05
24544,1,1,1,0,63.81
24545,0,0,0,0,69.48
24546,0,0,0,0,40.59
24547,0,0,0,0,39.52
24548,0,0,0,0,75.93
24549,0,0,0,0,19.22
24550,1,0,0,1,67.26
24551,1,0,1,0,114.71
24552,1,1,1,0,180.93
24553,1,0,1,0,15.7
24554,0,0,1,0,75.85
24555,1,0,1,1,27.95
24556,1,0,1,0,110.22
24557,0,0,1,0,74.75
24558,0,1,0,0,33.44
24559,1,0,0,0,73.1
24560,1,0,0,0,26.89
24561,0,0,0,1,83.85
24562,1,0,1,0,35.08
24563,0,0,0,0,66.08
24564,0,0,0,0,108.34
24565,0,1,1,1,121.12
24566,1,0,0,0,35.0
24567,1,0,0,0,40.13
24568,0,0,0,0,0.0
24569,0,1,1,0,0.0
24570,0,0,0,0,72.45
24571,0,0,0,0,22.05
24572,0,0,0,1,87.76
24573,1,0,1,0,109.91
24574,1,1,1,0,71.2
24575,0,0,0,0,50.49
24576,1,0,0,0,90.02
24577,0,0,1,0,148.93
24578,0,1,1,0,78.15
24579,0,0,0,0,92.59
24580,0,0,1,0,42.27
24581,1,0,0,0,115.3
24582,0,0,0,0,32.06
24583,0,1,0,0,91.83
24584,1,0,1,0,0.0
24585,1,0,0,0,196.9
24586,1,0,1,0,40.47
24587,1,0,0,0,100.69
24588,0,1,0,0,170.22
24589,0,0,0,0,6.28
24590,0,0,1,0,58.11
24591,0,0,0,0,107.83
24592,1,1,1,0,0.0
24593,0,0,0,0,38.84
24594,0,0,0,0,0.0
24595,0,0,0,0,106.58
24596,1,0,1,0,63.58
24597,1,1,1,0,60.12
24598,0,1,1,0,78.59
24599,0,1,1,0,58.51
24600,1,1,1,0,153.09
24601,1,0,1,0,28.5
24602,1,0,0,0,25.98
24603,0,0,0,0,40.9
24604,1,0,1,0,0.0
24605,0,1,1,0,0.0
24606,0,0,0,0,86.76
24607,1,0,1,0,84.91
24608,0,0,0,0,104.52
24609,0,1,1,1,91.97
24610,0,0,0,0,32.35
24611,0,0,1,0,24.74
24612,0,0,0,0,66.3
24613,0,0,0,0,62.64
24614,1,0,1,0,87.45
24615,0,0,0,1,110.7
24616,1,0,0,0,0.0
24617,1,0,1,0,69.39
24618,0,0,1,0,98.22
24619,0,1,1,0,49.15
24620,1,1,1,0,117.97
24621,0,0,0,1,0.0
24622,0,0,1,0,131.99
24623,0,0,0,0,43.46
24624,0,0,0,0,56.62
24625,0,0,0,0,15.0
24626,1,1,1,0,97.29
24627,1,0,1,0,0.0
24628,0,0,0,0,45.03
24629,1,0,0,0,22.05
24630,0,0,0,0,89.88
24631,0,1,0,0,53.47
24632,0,0,0,0,0.0
24633,0,0,0,0,54.38
24634,0,0,0,0,28.27
24635,0,0,0,0,29.55
24636,0,0,0,0,38.74
24637,0,0,0,1,230.82
24638,0,0,1,0,87.1
24639,1,1,0,0,29.12
24640,1,1,1,1,103.6
24641,0,0,1,0,79.05
24642,1,0,1,0,0.0
24643,1,0,0,0,55.95
24644,1,0,1,0,144.41
24645,0,0,0,0,11.51
24646,0,1,0,0,98.02
24647,0,0,0,0,52.0
24648,1,0,1,0,26.57
24649,0,0,0,1,77.71
24650,1,0,1,0,121.76
24651,1,0,0,0,106.39
24652,0,0,1,0,95.85
24653,1,0,1,0,105.9
24654,1,0,0,0,73.95
24655,1,1,1,0,34.26
24656,0,0,0,1,55.92
24657,0,0,1,0,105.77
24658,0,0,0,0,41.86
24659,1,0,0,0,113.2
24660,1,0,0,0,140.84
24661,0,1,0,0,127.79
24662,0,1,0,0,0.0
24663,1,1,0,0,73.34
24664,1,1,1,0,21.89
24665,1,1,0,0,80.51
24666,0,0,0,0,0.0
24667,1,0,0,0,116.17
24668,1,0,0,0,9.5
24669,0,1,1,0,98.26
24670,1,0,0,0,49.1
24671,0,0,1,0,89.46
24672,1,0,1,0,79.59
24673,0,0,1,0,62.83
24674,0,0,0,0,0.0
24675,1,1,1,0,177.16
24676,0,1,0,0,85.96
24677,0,0,0,0,126.3
24678,0,0,1,0,82.64
24679,0,0,0,0,94.74
24680,0,1,1,0,28.95
24681,0,1,1,0,0.0
24682,0,1,1,0,88.84
24683,1,1,1,0,47.44
24684,1,1,1,0,43.81
24685,0,0,0,0,88.28
24686,0,0,0,0,50.22
24687,0,0,0,0,101.59
24688,1,1,1,0,181.12
24689,0,0,0,0,2.67
24690,1,1,1,0,238.5
24691,0,0,0,0,27.09
24692,0,0,0,1,64.47
24693,0,0,0,1,14.07
24694,1,0,1,0,130.07
24695,0,0,1,0,143.25
24696,1,1,1,0,130.52
24697,0,0,1,0,87.23
24698,0,0,0,0,16.89
24699,1,1,1,0,64.54
24700,0,0,1,0,64.4
24701,1,0,1,0,0.0
24702,0,0,1,0,0.0
24703,0,0,0,0,155.33
24704,0,1,1,0,153.71
24705,0,0,1,0,135.53
24706,0,0,1,0,54.34
24707,1,0,1,0,9.32
24708,0,0,1,0,133.74
24709,1,1,1,0,177.42
24710,0,0,0,0,98.22
24711,0,0,0,0,24.81
24712,0,0,1,0,112.02
24713,0,1,1,0,101.85
24714,0,0,0,0,0.0
24715,0,0,1,0,63.18
24716,0,0,0,1,208.13
24717,0,0,0,0,129.39
24718,1,1,1,0,89.23
24719,1,0,0,1,69.19
24720,0,0,0,0,61.18
24721,0,0,0,0,14.14
24722,0,0,0,0,0.0
24723,0,0,1,0,158.7
24724,0,1,0,0,58.55
24725,0,0,1,0,27.71
24726,0,0,0,0,14.93
24727,0,0,1,0,73.0
24728,0,0,0,0,68.38
24729,0,1,0,0,9.05
24730,1,0,0,0,109.66
24731,1,1,1,0,141.2
24732,1,0,0,0,94.37
24733,1,1,1,0,98.58
24734,0,0,0,1,26.11
24735,0,0,0,0,172.38
24736,0,0,0,0,23.18
24737,0,0,0,0,192.93
24738,1,0,0,0,11.11
24739,0,0,0,1,30.48
24740,0,0,1,0,0.0
24741,0,1,1,0,0.0
24742,0,1,0,0,73.89
24743,0,0,0,0,86.81
24744,0,0,0,0,67.77
24745,1,0,1,0,122.78
24746,1,1,1,0,180.72
24747,1,1,1,0,64.75
24748,1,0,0,0,56.38
24749,1,0,0,0,42.17
24750,0,0,0,0,9.59
24751,0,0,0,0,32.99
24752,0,0,1,0,139.13
24753,1,0,0,1,51.17
24754,0,0,1,0,35.16
24755,0,0,0,0,44.35
24756,0,0,1,0,91.2
24757,0,0,1,0,100.92
24758,0,0,0,0,94.52
24759,0,0,0,0,88.35
24760,0,0,0,0,135.14
24761,0,0,1,0,40.44
24762,1,0,0,0,39.51
24763,0,0,0,0,0.0
24764,0,1,0,0,63.32
24765,0,0,1,0,62.78
24766,0,0,0,0,0.0
24767,1,1,1,0,24.62
24768,1,1,1,0,64.24
24769,1,0,1,1,164.61
24770,0,0,1,0,85.05
24771,1,0,1,0,93.78
24772,0,0,0,0,85.9
24773,0,0,0,0,0.0
24774,0,1,1,0,71.05
24775,0,0,0,0,160.22
24776,1,0,0,0,29.3
24777,0,0,0,0,38.57
24778,0,0,1,0,111.43
24779,1,0,1,0,45.05
24780,1,0,0,0,161.0
24781,0,1,0,0,135.13
24782,1,0,0,0,129.58
24783,0,0,1,0,57.9
24784,1,0,0,0,73.35
24785,0,0,0,0,7.07
24786,0,0,1,0,112.29
24787,0,1,0,0,0.0
24788,1,1,1,0,199.39
24789,1,0,0,0,87.89
24790,0,0,1,0,16.36
24791,0,0,0,0,44.0
24792,0,0,1,0,121.79
24793,1,0,0,0,101.28
24794,1,1,0,0,0.0
24795,0,1,1,0,51.81
24796,1,0,0,0,17.09
24797,1,1,0,0,110.77
24798,0,0,1,0,112.72
24799,0,0,1,0,101.64
24800,1,0,0,0,132.62
24801,0,0,0,0,133.68
24802,0,0,1,1,0.0
24803,0,1,0,0,187.32
24804,1,0,0,0,62.88
24805,0,0,0,0,147.17
24806,1,0,0,0,4.43
24807,1,0,1,0,0.0
24808,1,0,0,0,73.93
24809,1,1,1,1,69.1
24810,0,0,0,0,0.0
24811,0,0,0,0,92.05
24812,0,0,0,0,69.34
24813,0,0,1,0,14.93
24814,1,0,0,1,70.91
24815,0,0,1,0,123.27
24816,0,0,0,0,58.35
24817,1,0,1,0,61.02
24818,0,0,1,0,0.0
24819,1,1,1,0,83.74
24820,0,0,1,0,33.51
24821,1,0,0,0,0.0
24822,0,0,1,0,145.81
24823,1,0,0,0,110.17
24824,1,0,1,1,85.06
24825,1,0,1,0,55.54
24826,0,0,0,1,83.68
24827,1,0,1,0,82.41
24828,0,0,0,0,79.69
24829,1,0,1,0,55.76
24830,0,0,0,0,94.8
24831,0,1,1,0,39.68
24832,0,0,0,0,66.83
24833,0,1,1,0,40.06
24834,1,0,1,0,60.05
24835,0,0,0,0,99.37
24836,1,0,0,0,133.02
24837,1,0,1,0,193.28
24838,0,1,0,0,77.67
24839,1,0,0,0,44.19
24840,0,0,1,1,59.69
24841,1,1,0,0,0.0
24842,1,1,1,0,78.55
24843,1,0,1,0,161.03
24844,0,0,0,0,37.99
24845,1,0,0,0,40.24
24846,0,0,0,0,115.54
24847,0,1,0,0,125.36
24848,1,0,1,0,120.61
24849,0,0,0,0,61.39
24850,0,0,0,0,0.0
24851,0,0,1,0,66.8
24852,0,0,0,0,11.26
24853,0,0,0,0,115.54
24854,0,0,0,0,122.47
24855,0,0,0,0,125.42
24856,1,0,0,0,47.53
24857,1,0,0,0,7.35
24858,0,0,1,0,0.0
24859,1,1,1,0,98.22
24860,0,0,0,0,60.99
24861,1,1,1,0,0.0
24862,0,0,0,0,48.91
24863,1,0,0,0,73.73
24864,0,0,0,1,75.66
24865,1,1,1,0,48.2
24866,0,0,0,0,159.84
24867,0,0,0,0,73.96
24868,0,0,0,1,0.0
24869,1,0,1,0,14.66
24870,1,0,1,0,170.56
24871,1,0,1,0,55.65
24872,0,0,0,0,175.12
24873,0,0,1,0,0.0
24874,0,0,0,1,81.06
24875,0,1,0,0,0.0
24876,0,0,0,0,0.0
24877,1,0,0,0,61.69
24878,0,0,0,0,0.0
24879,0,0,0,0,115.77
24880,0,0,0,0,0.0
24881,1,1,1,1,35.01
24882,1,0,0,0,41.13
24883,0,0,1,1,52.19
24884,0,0,0,0,16.32
24885,1,0,1,0,84.22
24886,0,0,0,0,32.36
24887,1,0,0,0,49.85
24888,0,0,0,0,150.22
24889,0,0,1,0,8.48
24890,1,0,1,0,24.24
24891,1,1,1,0,34.52
24892,1,1,1,0,42.11
24893,0,1,1,0,99.36
24894,0,1,1,0,164.67
24895,0,0,0,0,53.12
24896,1,0,1,0,57.81
24897,0,0,1,0,0.0
24898,1,0,1,0,0.0
24899,0,0,0,0,81.93
24900,0,0,0,0,87.27
24901,0,0,0,0,0.0
24902,1,0,1,0,29.63
24903,0,0,1,0,43.43
24904,0,0,0,0,0.0
24905,0,0,0,1,30.27
24906,1,1,1,1,72.17
24907,0,1,0,0,19.13
24908,1,1,1,0,182.08
24909,0,0,0,0,37.75
24910,0,0,0,0,68.33
24911,0,1,0,0,30.27
24912,0,1,1,0,107.31
24913,0,0,0,0,60.51
24914,0,0,1,0,121.86
24915,0,1,0,0,99.62
24916,0,0,0,0,110.19
24917,1,0,0,0,45.48
24918,0,0,0,0,62.54
24919,1,1,0,0,157.49
24920,0,0,1,0,74.92
24921,0,1,0,0,0.0
24922,0,0,0,0,56.62
24923,0,0,0,0,0.0
24924,1,0,0,0,106.33
24925,0,1,0,0,57.13
24926,0,0,0,0,31.3
24927,1,1,1,0,0.0
24928,0,0,0,0,218.19
24929,1,0,1,0,0.0
24930,0,0,0,0,35.64
24931,1,1,1,0,103.69
24932,0,0,1,0,0.0
24933,1,0,0,0,151.69
24934,1,0,0,0,49.94
24935,0,0,0,0,116.98
24936,0,0,0,0,88.62
24937,0,0,0,0,22.47
24938,0,1,0,0,42.86
24939,0,0,0,0,0.0
24940,0,0,1,0,146.83
24941,0,0,1,0,40.13
24942,0,0,1,1,26.16
24943,1,1,1,0,61.04
24944,1,0,1,1,260.28
24945,0,1,1,0,23.22
24946,1,1,0,0,90.15
24947,0,0,0,0,64.71
24948,0,0,1,1,96.34
24949,1,0,1,0,118.95
24950,0,0,1,1,13.4
24951,1,0,1,0,19.85
24952,1,0,0,0,59.73
24953,0,1,0,0,65.05
24954,1,0,1,0,37.71
24955,0,1,1,0,76.42
24956,0,0,0,0,158.45
24957,1,1,0,1,107.57
24958,0,1,1,0,292.08
24959,1,0,1,0,41.63
24960,1,0,0,0,82.48
24961,1,0,0,0,90.46
24962,0,1,1,0,0.0
24963,0,0,0,0,6.62
24964,0,0,1,0,0.0
24965,1,0,1,0,71.46
24966,0,0,0,0,45.28
24967,1,0,0,0,217.57
24968,1,0,0,0,95.52
24969,0,1,0,1,26.75
24970,0,1,1,0,79.34
24971,0,1,1,0,67.77
24972,1,0,1,0,137.83
24973,0,0,1,0,0.0
24974,1,0,1,0,91.29
24975,1,0,1,0,0.0
24976,0,0,0,0,56.8
24977,0,1,0,0,6.36
24978,0,0,0,0,0.0
24979,1,1,1,0,0.0
24980,0,0,0,0,0.0
24981,1,0,0,0,100.05
24982,0,0,0,0,76.72
24983,0,0,1,0,71.75
24984,1,0,0,0,45.99
24985,1,0,0,0,95.04
24986,1,0,0,0,0.0
24987,1,0,0,0,23.91
24988,1,0,1,0,190.3
24989,0,1,0,0,82.33
24990,0,0,0,0,18.18
24991,1,1,1,0,5.17
24992,1,0,1,1,121.3
24993,1,1,1,0,88.17
24994,0,0,0,0,51.77
24995,0,0,1,0,97.55
24996,1,0,1,0,0.0
24997,0,0,0,0,86.36
24998,0,0,1,0,86.69
24999,0,0,0,0,0.0
25000,1,0,0,0,103.2
25001,0,0,0,0,112.97
25002,0,0,1,0,0.0
25003,1,0,0,0,88.81
25004,0,0,0,1,99.39
25005,0,1,1,0,68.77
25006,0,0,0,0,49.76
25007,1,0,1,0,0.0
25008,0,0,0,0,54.28
25009,1,0,0,0,21.32
25010,0,0,0,0,110.99
25011,0,0,1,0,230.62
25012,0,0,0,0,20.19
25013,0,1,1,0,101.35
25014,0,0,0,0,50.33
25015,1,0,0,0,131.23
25016,0,0,0,0,51.7
25017,0,0,0,0,49.66
25018,0,0,0,0,5.47
25019,0,0,0,0,0.0
25020,0,0,0,0,58.71
25021,0,0,0,0,73.72
25022,1,0,1,0,79.22
25023,0,0,0,0,64.73
25024,1,0,1,1,135.63
25025,1,0,1,0,29.16
25026,1,0,1,0,92.79
25027,1,0,1,0,49.04
25028,1,0,1,0,28.53
25029,0,0,0,0,123.2
25030,1,0,1,0,147.68
25031,0,0,0,0,0.0
25032,0,1,0,1,52.84
25033,0,0,0,0,87.35
25034,0,0,1,0,10.95
25035,1,1,1,0,158.17
25036,1,0,1,0,21.03
25037,1,0,0,0,20.11
25038,0,1,0,0,0.0
25039,0,0,1,1,96.56
25040,0,0,0,0,49.63
25041,0,1,0,0,0.0
25042,0,0,0,0,0.0
25043,1,0,0,0,147.79
25044,0,0,0,0,0.0
25045,0,1,0,0,179.96
25046,1,1,1,0,40.52
25047,0,0,0,1,94.47
25048,0,0,1,0,136.21
25049,0,1,0,0,140.13
25050,1,0,1,0,5.41
25051,1,0,0,0,124.43
25052,0,0,0,0,0.0
25053,0,1,0,0,59.42
25054,0,0,0,0,59.14
25055,0,0,0,0,8.21
25056,0,0,0,1,9.77
25057,1,0,1,1,0.0
25058,0,0,0,0,41.17
25059,0,1,0,0,77.34
25060,1,1,0,0,50.51
25061,0,1,1,0,187.64
25062,1,0,1,0,0.0
25063,0,1,0,1,0.0
25064,1,0,0,0,55.19
25065,0,0,0,1,9.99
25066,0,0,1,1,146.46
25067,0,0,0,0,38.52
25068,0,0,0,0,27.11
25069,0,0,0,0,22.71
25070,0,0,0,0,75.46
25071,0,0,0,0,136.85
25072,0,1,0,0,85.03
25073,1,0,1,0,76.78
25074,0,0,0,0,128.66
25075,1,0,0,0,129.15
25076,1,0,0,0,71.01
25077,0,0,0,0,46.45
25078,1,0,0,0,149.15
25079,0,0,1,0,0.0
25080,1,0,0,0,75.39
25081,0,0,0,0,117.73
25082,0,0,0,1,0.0
25083,0,1,0,1,32.45
25084,1,0,1,0,78.96
25085,0,0,0,0,45.89
25086,0,1,0,0,75.06
25087,0,0,0,0,107.36
25088,0,0,0,1,83.33
25089,0,1,1,0,42.12
25090,0,1,0,0,94.28
25091,0,0,0,0,95.9
25092,0,0,1,0,45.76
25093,0,0,0,0,62.54
25094,0,0,0,0,37.16
25095,0,0,0,1,63.65
25096,1,0,0,0,0.0
25097,0,0,0,0,159.26
25098,0,0,1,0,23.6
25099,1,1,0,0,128.17
25100,0,0,0,1,4.14
25101,1,1,0,0,126.56
25102,0,1,0,0,92.92
25103,0,0,1,0,90.73
25104,1,0,0,0,189.68
25105,0,0,0,0,66.0
25106,1,0,0,0,36.03
25107,0,0,1,1,0.0
25108,1,1,0,0,54.21
25109,0,0,1,0,0.0
25110,0,0,0,0,46.05
25111,1,0,0,0,163.33
25112,1,1,1,0,102.31
25113,1,1,1,0,122.63
25114,0,0,0,0,107.78
25115,1,1,1,0,0.0
25116,0,0,0,0,142.62
25117,0,0,0,1,146.0
25118,1,0,1,1,32.49
25119,1,0,0,0,61.48
25120,0,0,0,0,148.01
25121,1,0,1,0,52.45
25122,1,1,1,0,84.01
25123,1,0,0,0,95.54
25124,1,1,0,0,42.75
25125,1,0,0,0,105.69
25126,1,0,1,0,136.43
25127,0,0,0,0,0.0
25128,1,0,1,0,48.01
25129,1,0,0,0,35.38
25130,0,0,0,0,5.95
25131,0,1,0,0,0.0
25132,0,1,1,0,132.42
25133,1,0,0,0,166.72
25134,1,1,1,0,265.32
25135,0,0,0,0,101.67
25136,0,1,1,0,40.57
25137,0,1,1,0,58.24
25138,0,0,1,0,0.0
25139,1,0,0,1,0.0
25140,1,0,1,0,128.72
25141,0,1,0,0,182.88
25142,1,0,0,0,47.66
25143,0,0,0,0,175.36
25144,0,0,0,0,40.93
25145,0,0,0,0,28.01
25146,1,1,1,0,131.82
25147,0,0,0,0,55.63
25148,0,0,0,0,170.14
25149,0,0,1,0,0.0
25150,0,0,0,0,72.11
25151,1,0,1,0,55.69
25152,1,0,1,0,147.19
25153,1,1,0,0,54.3
25154,0,1,0,0,49.58
25155,0,0,0,0,32.59
25156,1,0,0,0,0.0
25157,1,1,1,0,55.16
25158,0,0,0,0,0.0
25159,0,0,0,0,0.0
25160,1,0,1,0,81.96
25161,0,0,1,0,90.65
25162,0,0,0,1,13.02
25163,1,0,0,0,0.0
25164,1,0,1,0,0.0
25165,1,0,1,0,146.27
25166,0,0,1,0,103.11
25167,0,0,0,0,9.38
25168,0,0,0,0,0.0
25169,1,0,0,0,14.6
25170,0,1,0,0,13.65
25171,1,1,0,0,173.22
25172,1,0,1,0,142.81
25173,1,0,1,0,115.47
25174,0,0,0,0,39.95
25175,0,0,0,0,116.71
25176,0,0,1,0,65.87
25177,1,0,1,0,36.58
25178,1,0,0,0,33.95
25179,0,0,1,0,0.0
25180,1,0,1,1,118.74
25181,0,0,1,1,71.02
25182,0,0,0,0,140.38
25183,1,1,1,0,30.08
25184,0,0,0,0,114.37
25185,0,0,0,0,53.23
25186,0,0,0,0,20.44
25187,1,0,1,0,0.0
25188,0,0,0,1,119.01
25189,0,1,0,0,5.55
25190,0,0,0,0,108.03
25191,1,0,0,1,0.0
25192,0,1,1,0,38.56
25193,1,0,0,1,15.78
25194,0,0,0,0,41.47
25195,0,0,0,0,13.05
25196,0,0,0,0,0.0
25197,0,0,0,0,22.13
25198,0,0,0,0,125.95
25199,0,0,0,0,59.01
25200,1,0,0,0,20.48
25201,0,1,1,0,0.0
25202,0,0,1,0,148.44
25203,0,0,0,0,37.14
25204,1,0,1,0,288.62
25205,0,0,0,0,155.05
25206,0,0,0,0,86.07
25207,1,0,1,0,159.44
25208,1,0,1,0,40.67
25209,0,0,0,0,10.01
25210,0,0,0,0,10.19
25211,1,0,1,0,171.63
25212,0,0,0,0,116.48
25213,0,0,1,0,18.26
25214,0,1,0,0,165.95
25215,0,0,0,0,210.22
25216,0,0,0,0,112.22
25217,0,0,1,0,55.86
25218,0,0,0,1,40.5
25219,0,0,0,0,121.28
25220,1,0,0,0,0.0
25221,0,0,0,0,114.27
25222,0,0,0,0,65.41
25223,1,1,0,0,13.47
25224,0,0,1,0,19.67
25225,0,0,1,1,33.17
25226,1,0,1,1,134.69
25227,0,0,1,0,28.56
25228,1,0,0,0,47.23
25229,0,1,0,0,109.78
25230,0,0,1,0,34.56
25231,1,0,1,0,65.08
25232,0,0,1,0,20.1
25233,1,0,1,0,15.16
25234,0,0,0,0,148.19
25235,1,0,0,1,24.12
25236,1,0,1,0,116.77
25237,0,1,0,0,83.37
25238,0,0,1,0,56.85
25239,0,0,0,0,65.35
25240,0,0,0,0,239.92
25241,1,0,0,0,160.22
25242,0,0,0,0,137.67
25243,1,1,0,0,16.7
25244,0,0,1,0,0.0
25245,0,1,1,0,159.2
25246,1,0,0,0,190.45
25247,0,0,0,1,138.81
25248,1,0,0,0,20.49
25249,0,1,1,0,141.16
25250,1,0,0,0,70.3
25251,0,0,0,0,0.0
25252,0,0,1,0,64.43
25253,0,0,0,0,156.47
25254,0,0,0,0,79.46
25255,0,1,1,1,41.17
25256,0,0,0,0,134.53
25257,0,1,1,0,87.64
25258,1,1,1,0,0.0
25259,1,0,1,0,171.83
25260,0,0,0,0,96.08
25261,0,0,0,0,162.23
25262,0,0,0,0,62.02
25263,0,0,0,0,35.71
25264,1,1,0,0,46.62
25265,0,1,1,0,170.3
25266,0,1,0,0,13.06
25267,1,0,1,0,10.92
25268,1,0,0,0,84.81
25269,1,0,1,0,110.41
25270,0,0,1,0,24.34
25271,0,0,1,0,73.46
25272,1,0,1,0,81.61
25273,0,1,0,0,60.01
25274,1,0,1,1,134.79
25275,1,0,0,0,65.63
25276,1,0,1,0,135.66
25277,0,0,1,0,107.87
25278,0,0,0,0,53.61
25279,1,1,1,0,92.51
25280,1,1,1,0,10.9
25281,0,0,0,0,138.71
25282,1,1,1,0,36.95
25283,1,1,1,0,123.4
25284,1,0,1,0,19.57
25285,1,0,0,0,37.07
25286,0,0,0,0,35.11
25287,0,0,1,0,27.46
25288,1,1,1,0,229.75
25289,1,0,1,0,134.37
25290,1,0,0,0,36.31
25291,0,0,1,1,147.82
25292,0,0,0,0,38.02
25293,0,0,1,0,0.0
25294,0,0,0,0,108.93
25295,0,1,1,0,0.0
25296,0,0,1,0,126.24
25297,0,0,1,1,43.46
25298,0,0,0,0,39.11
25299,1,0,1,0,54.28
25300,0,0,1,0,19.4
25301,0,0,0,0,0.0
25302,0,1,0,0,152.23
25303,0,0,0,0,26.25
25304,0,0,0,0,126.23
25305,0,0,0,1,49.4
25306,0,0,0,0,54.0
25307,1,0,0,1,51.67
25308,1,0,1,0,61.14
25309,0,0,0,0,43.83
25310,0,0,1,0,82.19
25311,0,1,0,0,80.54
25312,1,0,1,0,102.83
25313,1,0,1,0,103.7
25314,0,0,0,0,50.44
25315,0,1,1,0,71.67
25316,0,0,1,0,110.56
25317,0,0,1,0,26.95
25318,0,1,0,0,268.04
25319,0,0,0,0,122.39
25320,1,0,1,0,62.03
25321,0,0,0,0,25.43
25322,1,0,1,0,26.85
25323,1,0,1,0,140.81
25324,0,0,0,0,0.0
25325,0,0,1,0,10.81
25326,1,0,0,0,166.6
25327,0,1,1,0,0.0
25328,0,0,0,0,87.72
25329,1,1,1,0,98.22
25330,0,0,0,1,62.71
25331,0,1,0,0,93.73
25332,0,0,1,0,85.68
25333,0,1,0,0,178.15
25334,1,0,1,0,136.3
25335,0,0,1,0,87.52
25336,0,0,0,1,27.8
25337,0,1,1,0,153.35
25338,0,0,1,0,83.84
25339,0,0,0,0,51.83
25340,0,0,1,0,0.0
25341,1,0,0,0,55.97
25342,1,0,0,0,153.73
25343,0,0,0,0,52.62
25344,0,1,0,0,109.16
25345,0,0,0,0,58.39
25346,1,1,0,0,98.43
25347,0,0,0,0,62.14
25348,0,0,0,0,39.18
25349,0,0,1,0,49.55
25350,0,0,1,0,0.0
25351,0,1,1,0,62.96
25352,1,1,1,0,37.57
25353,1,0,0,0,96.66
25354,0,0,0,0,0.0
25355,0,0,0,0,131.82
25356,0,1,1,0,13.78
25357,0,0,1,0,26.5
25358,0,1,1,0,65.71
25359,0,1,0,0,88.19
25360,1,1,1,0,47.59
25361,0,0,0,0,0.0
25362,1,0,1,0,189.21
25363,1,0,0,0,20.62
25364,0,0,0,0,90.72
25365,1,1,1,0,78.93
25366,0,1,0,0,17.51
25367,1,0,1,0,137.6
25368,1,1,1,0,68.91
25369,1,0,0,0,149.3
25370,0,1,0,0,11.05
25371,1,0,1,0,2.89
25372,1,0,1,0,156.24
25373,1,0,0,0,105.64
25374,0,0,0,0,44.47
25375,0,0,0,0,22.97
25376,0,1,0,0,79.03
25377,0,1,1,0,99.65
25378,1,1,0,0,60.75
25379,0,0,0,0,47.11
25380,1,0,1,0,112.3
25381,1,1,1,0,0.0
25382,0,0,1,0,22.54
25383,0,0,1,0,0.0
25384,0,0,0,0,19.99
25385,0,0,0,1,6.01
25386,0,1,0,1,24.89
25387,0,1,1,1,0.0
25388,0,0,0,0,108.47
25389,0,0,0,0,132.53
25390,0,0,0,0,17.05
25391,0,0,0,0,11.82
25392,0,0,0,0,149.42
25393,0,0,0,0,31.74
25394,0,0,0,0,0.0
25395,0,0,1,0,47.78
25396,1,1,1,0,127.22
25397,1,0,1,0,19.14
25398,0,0,0,0,187.24
25399,0,0,1,0,0.0
25400,0,0,1,0,148.54
25401,0,0,0,0,34.39
25402,0,0,0,1,40.08
25403,0,0,1,0,56.18
25404,1,0,1,0,97.52
25405,1,0,0,0,47.48
25406,0,0,0,0,102.86
25407,0,0,1,0,159.97
25408,0,0,1,0,0.0
25409,0,0,1,0,134.01
25410,1,0,0,0,17.37
25411,1,0,1,0,78.06
25412,0,0,0,0,38.33
25413,1,0,0,0,83.47
25414,0,0,0,0,90.78
25415,0,0,0,0,38.46
25416,0,1,0,0,5.34
25417,1,0,1,0,152.38
25418,1,0,1,0,0.0
25419,1,0,0,0,41.76
25420,1,0,1,0,167.58
25421,1,0,0,0,59.02
25422,0,0,0,1,183.42
25423,0,0,0,0,58.15
25424,0,0,1,0,87.36
25425,0,0,1,0,0.0
25426,1,1,0,0,0.0
25427,0,0,1,0,87.97
25428,0,0,0,1,165.73
25429,1,1,0,0,78.28
25430,0,0,0,0,79.55
25431,1,0,1,0,191.54
25432,1,0,0,0,96.39
25433,0,0,0,0,24.91
25434,1,0,0,0,69.02
25435,1,0,0,0,120.08
25436,0,0,0,0,102.63
25437,1,0,1,0,32.77
25438,0,0,0,0,154.73
25439,1,1,1,0,34.22
25440,0,0,0,0,101.2
25441,0,1,0,0,68.1
25442,0,0,0,1,106.64
25443,1,0,0,0,8.42
25444,0,0,1,0,0.0
25445,1,0,1,0,48.34
25446,0,1,0,0,105.64
25447,0,0,0,0,8.4
25448,0,0,0,0,153.87
25449,0,0,1,0,47.23
25450,1,0,0,0,81.33
25451,0,0,0,0,45.65
25452,1,0,0,0,83.65
25453,0,1,0,0,27.59
25454,0,1,1,1,185.11
25455,1,0,1,0,0.0
25456,1,0,1,1,42.6
25457,1,0,1,0,7.81
25458,0,0,0,0,65.18
25459,0,0,0,0,29.15
25460,0,1,1,0,20.07
25461,1,1,0,0,45.93
25462,0,0,0,1,72.71
25463,1,1,0,0,0.0
25464,0,1,1,0,62.03
25465,0,0,1,0,0.0
25466,0,0,0,0,62.93
25467,0,1,1,0,89.6
25468,0,1,0,0,0.0
25469,0,0,0,0,17.53
25470,1,0,1,0,80.55
25471,0,0,0,0,40.24
25472,1,1,1,1,124.0
25473,0,0,1,0,38.25
25474,1,0,1,0,181.66
25475,0,0,0,0,50.01
25476,1,1,1,0,153.2
25477,0,0,0,0,0.0
25478,1,1,0,0,50.89
25479,1,1,1,0,106.79
25480,0,1,1,0,59.34
25481,1,0,0,0,110.7
25482,0,0,1,0,0.0
25483,1,0,1,0,20.87
25484,0,0,0,0,103.26
25485,0,0,0,0,97.23
25486,0,1,0,0,69.71
25487,1,0,1,0,41.45
25488,1,0,1,0,126.97
25489,0,0,0,0,32.69
25490,1,0,0,0,118.04
25491,0,0,1,0,0.0
25492,0,0,1,0,70.64
25493,0,0,0,0,88.16
25494,1,0,0,0,0.0
25495,0,0,1,0,120.99
25496,1,0,1,0,124.53
25497,0,0,0,0,0.0
25498,1,0,0,1,56.0
25499,1,1,1,0,13.35
25500,0,0,0,0,39.84
25501,1,0,0,0,0.0
25502,1,0,1,0,0.0
25503,1,1,1,0,0.0
25504,1,1,1,0,11.68
25505,1,0,0,0,78.34
25506,1,1,1,0,280.16
25507,0,0,0,0,18.61
25508,0,0,0,1,1.02
25509,0,0,0,0,72.75
25510,0,0,1,1,0.0
25511,0,0,1,0,167.52
25512,0,0,0,0,138.74
25513,1,0,1,0,71.89
25514,1,1,0,1,60.32
25515,0,0,0,0,15.96
25516,0,0,1,0,62.12
25517,1,0,1,0,105.26
25518,0,0,0,0,102.49
25519,0,0,0,1,75.75
25520,1,1,1,0,104.26
25521,1,1,1,0,117.26
25522,0,0,0,0,97.4
25523,1,0,1,1,136.18
25524,0,0,0,0,0.0
25525,0,0,0,0,0.0
25526,1,0,1,0,54.57
25527,1,0,0,0,6.99
25528,1,0,1,0,15.59
25529,1,0,1,0,78.69
25530,1,0,1,0,84.81
25531,1,0,1,0,149.44
25532,0,0,0,1,68.79
25533,0,0,0,0,80.53
25534,0,0,0,0,91.24
25535,1,0,0,0,172.74
25536,0,0,1,0,97.02
25537,0,0,0,0,108.49
25538,0,0,0,1,42.36
25539,0,0,1,0,108.98
25540,1,1,1,0,131.81
25541,0,0,0,0,71.62
25542,1,0,0,0,191.07
25543,1,1,1,0,187.14
25544,1,1,1,0,0.0
25545,1,0,1,0,29.81
25546,0,0,1,1,68.44
25547,1,0,1,0,82.23
25548,0,0,0,0,77.01
25549,0,1,1,0,0.0
25550,1,1,1,0,142.14
25551,0,0,0,0,74.03
25552,1,0,0,0,95.77
25553,1,0,0,0,103.9
25554,1,0,0,1,99.61
25555,1,1,1,1,33.33
25556,0,0,0,0,116.5
25557,0,1,0,0,82.42
25558,0,0,0,0,34.68
25559,1,0,0,0,84.08
25560,0,0,0,0,166.46
25561,1,1,1,1,0.0
25562,0,0,0,0,94.89
25563,0,0,0,0,105.15
25564,1,0,1,1,53.97
25565,0,0,0,1,58.82
25566,0,0,0,0,18.63
25567,0,0,0,0,23.35
25568,0,0,0,1,37.71
25569,0,0,0,0,39.81
25570,0,0,1,0,95.35
25571,0,1,0,0,14.36
25572,0,0,0,0,44.56
25573,0,1,1,0,165.26
25574,1,0,0,0,75.52
25575,1,1,1,0,241.08
25576,0,0,1,0,37.4
25577,0,0,0,0,0.0
25578,0,0,1,1,60.14
25579,0,0,1,0,136.24
25580,1,1,0,0,43.5
25581,0,0,0,0,104.97
25582,0,0,0,0,93.1
25583,1,0,1,0,0.0
25584,0,0,0,0,17.12
25585,0,0,0,0,91.8
25586,0,0,0,0,0.0
25587,0,0,1,1,0.98
25588,0,0,0,0,46.6
25589,0,0,0,0,68.43
25590,0,0,0,0,52.93
25591,0,1,0,0,0.0
25592,0,0,0,0,69.66
25593,0,0,0,0,56.46
25594,1,1,0,0,170.17
25595,1,0,1,1,66.8
25596,1,1,1,0,51.67
25597,0,0,1,0,140.3
25598,1,0,1,0,110.25
25599,0,1,0,0,65.36
25600,0,0,0,0,51.79
25601,1,0,0,0,18.6
25602,0,1,1,0,68.92
25603,0,1,1,0,121.81
25604,0,0,0,1,189.93
25605,0,0,1,0,167.02
25606,0,0,1,0,18.95
25607,0,0,0,0,35.63
25608,0,0,0,0,199.42
25609,0,1,0,0,61.98
25610,1,0,1,0,135.61
25611,1,0,0,0,165.65
25612,0,0,0,0,0.0
25613,0,0,1,0,42.53
25614,0,0,0,0,35.56
25615,0,0,1,0,30.57
25616,0,0,0,0,152.75
25617,0,0,0,0,0.0
25618,0,0,1,0,117.72
25619,0,0,0,0,57.37
25620,0,1,1,0,207.69
25621,0,0,1,0,130.91
25622,1,0,0,0,0.04
25623,0,1,1,0,38.3
25624,0,0,0,1,146.43
25625,1,0,0,0,52.33
25626,1,0,0,0,0.0
25627,0,1,1,1,147.37
25628,0,0,1,0,126.34
25629,1,0,1,0,21.83
25630,0,0,0,0,0.0
25631,0,0,0,0,126.03
25632,0,0,1,0,21.84
25633,1,0,0,0,86.89
25634,0,0,0,0,31.99
25635,1,0,0,0,80.96
25636,0,0,1,1,2.94
25637,0,0,0,0,104.4
25638,1,0,0,0,2.44
25639,0,0,0,0,65.01
25640,0,0,1,0,125.25
25641,0,1,0,0,32.41
25642,1,1,0,0,16.77
25643,0,0,0,0,116.43
25644,1,0,1,0,198.27
25645,0,0,0,0,6.72
25646,1,0,0,0,125.81
25647,0,0,0,0,0.0
25648,1,0,1,0,136.14
25649,1,1,1,0,167.5
25650,1,0,1,0,198.03
25651,0,0,0,0,116.41
25652,0,0,0,0,142.22
25653,1,0,0,1,74.96
25654,0,0,0,0,99.69
25655,0,0,0,0,44.79
25656,0,0,0,0,36.18
25657,1,0,1,0,98.65
25658,1,0,1,0,54.83
25659,0,0,1,0,0.0
25660,0,0,1,0,120.21
25661,0,0,0,0,158.23
25662,0,0,0,0,67.93
25663,0,0,0,1,57.85
25664,1,0,1,0,137.99
25665,1,1,1,0,100.72
25666,0,0,0,1,2.76
25667,1,0,0,1,0.0
25668,1,1,1,0,0.0
25669,0,0,1,0,132.73
25670,0,0,0,0,0.0
25671,1,1,1,0,100.33
25672,0,1,0,0,91.97
25673,0,0,0,1,54.42
25674,0,0,0,0,122.93
25675,0,1,0,0,112.34
25676,0,0,0,0,11.36
25677,1,0,0,0,69.23
25678,1,0,0,1,0.0
25679,1,0,1,0,162.47
25680,0,0,1,0,142.08
25681,1,0,1,1,0.0
25682,0,0,0,0,0.0
25683,0,0,1,0,0.0
25684,1,0,1,0,54.4
25685,0,0,0,1,26.71
25686,1,0,1,0,56.73
25687,0,0,0,0,119.69
25688,1,0,1,0,210.6
25689,0,1,0,0,112.32
25690,0,0,0,0,91.86
25691,0,0,0,0,34.47
25692,0,0,0,0,16.37
25693,1,0,1,0,41.16
25694,1,0,1,1,0.0
25695,0,0,0,0,131.97
25696,0,0,0,1,118.32
25697,1,0,0,0,78.61
25698,0,0,0,0,83.81
25699,0,0,0,0,63.11
25700,1,0,0,0,39.26
25701,0,0,0,1,90.96
25702,0,1,1,0,2.33
25703,0,0,0,0,0.0
25704,1,0,1,1,0.0
25705,1,0,1,0,15.71
25706,0,1,1,1,0.0
25707,1,1,1,0,196.95
25708,1,1,1,1,125.65
25709,0,0,0,0,30.7
25710,0,1,0,0,173.14
25711,1,0,1,0,146.67
25712,0,0,1,0,128.1
25713,1,0,0,0,103.94
25714,0,0,1,0,98.91
25715,0,0,0,0,0.0
25716,0,0,0,0,18.01
25717,1,1,1,1,37.03
25718,0,0,1,0,4.48
25719,0,0,0,0,172.1
25720,0,0,0,0,70.65
25721,0,0,0,0,52.55
25722,1,1,1,0,86.31
25723,0,1,0,0,150.01
25724,0,1,0,0,88.08
25725,0,0,0,0,86.45
25726,1,0,1,0,29.21
25727,0,1,0,0,80.14
25728,1,0,1,1,28.64
25729,0,0,0,0,42.55
25730,1,1,0,0,171.75
25731,0,0,1,0,60.93
25732,0,0,0,0,57.13
25733,0,0,0,0,25.59
25734,0,0,0,1,21.53
25735,0,0,0,0,132.69
25736,0,1,0,0,97.49
25737,1,0,1,0,15.74
25738,0,0,0,0,49.75
25739,0,0,0,0,0.0
25740,0,0,1,0,80.8
25741,0,0,1,0,76.04
25742,0,0,1,0,183.18
25743,0,1,1,0,83.01
25744,0,0,0,0,0.0
25745,0,1,1,0,117.32
25746,0,0,0,0,106.04
25747,0,0,0,0,55.55
25748,1,0,0,0,105.38
25749,0,0,1,0,105.36
25750,0,0,1,0,115.1
25751,0,0,0,0,25.11
25752,1,1,1,1,112.94
25753,0,0,1,0,61.42
25754,0,1,0,0,41.79
25755,0,0,1,0,0.0
25756,1,0,0,0,18.34
25757,1,0,0,0,74.46
25758,0,0,0,0,10.28
25759,0,1,0,0,63.24
25760,1,0,1,0,136.96
25761,0,0,0,0,44.31
25762,0,0,0,0,3.56
25763,0,0,0,1,71.67
25764,0,0,0,0,109.99
25765,0,0,0,1,7.81
25766,0,0,1,0,50.29
25767,1,0,0,0,37.41
25768,0,0,0,0,140.43
25769,1,0,0,0,0.0
25770,0,0,1,0,123.64
25771,1,0,1,1,6.19
25772,1,0,0,0,0.0
25773,1,0,1,0,0.0
25774,1,0,0,1,89.42
25775,0,1,0,0,35.81
25776,0,0,0,0,65.51
25777,0,0,0,0,70.48
25778,1,0,1,1,113.78
25779,0,0,0,0,45.03
25780,0,0,0,0,62.8
25781,1,1,0,0,83.28
25782,0,0,1,0,112.68
25783,1,1,1,0,79.21
25784,0,1,0,0,39.88
25785,1,0,1,0,100.23
25786,0,0,0,0,0.0
25787,1,0,0,0,38.87
25788,0,0,1,0,43.24
25789,1,1,1,0,50.14
25790,1,0,0,0,86.93
25791,0,0,1,0,7.03
25792,1,0,1,0,121.77
25793,0,1,0,0,100.77
25794,1,1,1,0,205.25
25795,1,0,0,1,0.0
25796,0,0,1,0,12.43
25797,0,0,0,0,27.07
25798,0,0,0,0,0.0
25799,0,0,1,0,58.15
25800,1,0,1,0,184.08
25801,0,0,0,0,0.0
25802,0,0,0,0,212.07
25803,1,0,0,0,41.24
25804,0,1,0,0,0.0
25805,0,0,0,0,52.7
25806,0,0,0,0,0.0
25807,0,0,0,0,69.13
25808,1,0,1,0,17.64
25809,1,0,1,0,50.69
25810,1,0,0,0,67.66
25811,0,0,0,0,20.62
25812,0,0,0,0,5.65
25813,1,0,0,0,0.0
25814,0,0,0,0,66.78
25815,0,0,0,0,45.29
25816,1,0,0,0,104.58
25817,0,0,0,0,118.5
25818,0,0,1,0,0.0
25819,0,0,1,0,113.05
25820,0,0,0,1,12.56
25821,1,0,0,0,4.9
25822,0,0,0,0,91.15
25823,0,1,1,0,153.4
25824,1,0,1,0,137.95
25825,1,1,1,0,207.67
25826,1,1,1,0,133.54
25827,0,0,0,1,28.93
25828,0,0,1,0,26.34
25829,1,0,1,0,109.62
25830,0,0,1,0,0.0
25831,0,1,0,0,195.13
25832,0,0,0,0,0.0
25833,0,0,0,0,21.89
25834,0,0,0,0,0.0
25835,0,0,0,0,0.0
25836,0,0,0,0,26.85
25837,0,0,0,0,88.26
25838,0,0,0,0,37.53
25839,1,0,1,0,88.55
25840,0,0,1,0,69.86
25841,0,0,1,0,6.75
25842,0,0,1,0,89.17
25843,0,0,0,0,0.0
25844,0,0,0,0,49.65
25845,0,1,1,0,58.85
25846,1,0,0,0,111.38
25847,0,1,1,0,71.07
25848,1,0,1,0,14.69
25849,1,0,1,0,129.2
25850,1,1,1,1,138.56
25851,0,0,0,0,136.02
25852,0,0,0,0,11.6
25853,0,0,0,0,54.79
25854,0,0,1,0,48.75
25855,0,0,0,0,24.72
25856,0,0,0,0,52.59
25857,1,0,0,0,144.33
25858,1,0,0,0,0.0
25859,0,0,0,0,0.0
25860,1,1,0,0,63.18
25861,0,0,0,1,18.9
25862,1,0,1,0,119.66
25863,0,0,1,0,0.0
25864,0,0,0,0,127.86
25865,0,1,1,0,24.33
25866,0,0,0,0,0.0
25867,0,0,0,0,20.24
25868,1,0,1,0,145.81
25869,1,0,0,0,44.84
25870,0,0,0,0,90.91
25871,1,1,1,0,19.97
25872,0,1,0,0,114.52
25873,1,1,1,1,72.95
25874,0,0,1,0,65.02
25875,0,0,0,0,94.68
25876,1,0,1,0,81.28
25877,0,0,0,0,24.13
25878,1,1,1,0,97.66
25879,0,1,1,1,154.15
25880,0,0,0,0,111.32
25881,0,0,0,0,206.43
25882,1,0,1,0,0.0
25883,0,1,0,0,0.0
25884,0,0,1,0,75.78
25885,1,1,1,0,173.36
25886,0,0,1,0,49.81
25887,1,1,1,0,20.08
25888,0,0,0,0,5.21
25889,1,0,1,0,94.58
25890,0,0,0,0,85.21
25891,0,0,0,0,108.75
25892,0,1,0,1,83.11
25893,0,1,1,0,156.13
25894,1,0,0,0,26.56
25895,0,0,0,0,113.29
25896,0,0,0,0,48.47
25897,0,0,0,0,106.65
25898,0,0,0,0,0.0
25899,0,0,0,0,6.95
25900,0,0,0,1,6.34
25901,0,0,0,0,141.37
25902,0,0,0,1,88.88
25903,0,1,1,1,65.17
25904,1,1,1,1,126.73
25905,0,0,1,0,10.56
25906,0,0,0,1,49.42
25907,0,0,0,0,118.99
25908,0,0,0,0,98.72
25909,1,0,0,0,48.15
25910,0,1,0,0,54.51
25911,1,1,1,0,73.31
25912,1,1,0,0,176.67
25913,1,0,1,0,123.5
25914,1,0,0,0,43.4
25915,0,0,0,0,93.31
25916,1,0,1,0,173.49
25917,0,0,0,0,172.19
25918,1,0,0,0,0.0
25919,1,0,0,0,46.92
25920,0,1,0,1,111.77
25921,1,0,1,0,31.02
25922,0,0,0,0,2.21
25923,1,0,0,0,38.01
25924,0,1,0,0,28.41
25925,0,0,0,0,120.98
25926,0,0,0,0,113.67
25927,0,0,0,0,79.44
25928,1,0,0,0,0.0
25929,0,0,0,0,0.0
25930,0,1,0,1,92.78
25931,0,0,0,1,84.98
25932,0,0,0,0,36.7
25933,1,0,0,0,83.49
25934,1,1,1,0,119.65
25935,0,0,0,0,33.36
25936,0,1,1,0,120.58
25937,1,0,1,0,90.05
25938,0,0,0,0,59.19
25939,0,0,1,0,0.0
25940,0,0,0,0,15.64
25941,0,0,0,0,64.29
25942,1,0,0,0,83.21
25943,1,0,0,1,55.44
25944,1,1,0,0,34.72
25945,0,0,0,0,20.8
25946,1,1,1,1,137.26
25947,1,0,1,0,2.14
25948,0,1,1,0,0.0
25949,0,0,0,0,5.1
25950,0,0,0,0,21.47
25951,0,0,0,0,124.86
25952,0,0,0,0,129.78
25953,0,0,0,0,0.0
25954,1,0,1,1,0.0
25955,1,0,1,0,75.83
25956,1,1,0,0,86.47
25957,0,0,1,0,126.73
25958,1,0,1,0,0.0
25959,1,0,1,0,17.7
25960,0,1,0,0,81.01
25961,0,0,0,0,9.55
25962,1,0,1,0,21.85
25963,0,0,0,0,63.4
25964,0,0,0,0,0.0
25965,0,0,1,0,58.88
25966,0,0,0,0,0.0
25967,0,0,0,0,47.18
25968,0,0,0,0,5.74
25969,0,0,1,0,45.87
25970,0,1,1,0,0.0
25971,0,0,0,0,27.62
25972,0,1,0,1,120.88
25973,0,0,1,0,140.58
25974,0,0,0,0,16.75
25975,1,1,0,0,102.81
25976,1,0,1,0,5.21
25977,1,1,1,0,126.49
25978,1,0,0,0,132.94
25979,1,0,0,0,21.57
25980,0,0,1,0,164.48
25981,0,0,0,0,97.23
25982,1,0,0,1,119.81
25983,0,0,1,0,13.61
25984,0,1,1,0,91.08
25985,1,1,1,0,11.57
25986,0,0,1,0,239.62
25987,1,1,1,0,82.6
25988,0,0,0,0,4.63
25989,0,0,1,0,156.33
25990,0,1,0,0,15.35
25991,0,0,0,0,59.67
25992,1,1,0,1,141.16
25993,0,0,0,0,78.08
25994,0,1,0,0,84.58
25995,0,0,1,1,98.61
25996,0,0,0,0,38.36
25997,0,1,0,0,103.81
25998,0,0,1,0,83.14
25999,0,0,1,0,75.68
26000,0,0,0,0,124.16
26001,0,0,0,0,0.0
26002,0,0,1,1,133.88
26003,1,0,0,0,80.56
26004,0,0,1,0,94.2
26005,1,0,0,0,22.8
26006,1,1,1,0,4.13
26007,1,0,1,0,74.16
26008,1,0,1,0,71.26
26009,0,1,0,0,58.73
26010,0,0,0,0,72.41
26011,0,0,0,0,49.74
26012,1,0,0,0,46.6
26013,0,0,0,1,83.18
26014,0,0,0,0,16.43
26015,0,0,0,0,96.12
26016,0,0,1,0,101.58
26017,1,0,1,0,93.49
26018,1,0,1,0,60.09
26019,1,0,1,0,51.75
26020,0,0,1,0,39.47
26021,1,0,1,0,80.03
26022,1,1,1,0,18.16
26023,1,0,1,0,10.64
26024,0,1,0,0,49.93
26025,0,0,0,0,92.83
26026,0,0,1,0,47.3
26027,1,0,1,0,60.45
26028,1,0,0,0,32.82
26029,0,1,1,0,0.0
26030,0,1,1,0,83.18
26031,0,0,0,0,5.86
26032,0,0,1,0,64.48
26033,0,1,0,1,157.86
26034,1,0,1,0,95.64
26035,1,0,1,0,92.81
26036,0,0,0,0,40.85
26037,0,0,1,1,91.35
26038,1,0,0,0,82.36
26039,1,1,1,0,135.83
26040,0,0,0,0,66.31
26041,1,1,1,0,104.36
26042,1,1,1,0,130.62
26043,0,0,0,0,135.52
26044,1,0,0,0,41.64
26045,1,0,1,0,137.08
26046,0,0,0,0,0.0
26047,1,0,0,0,37.67
26048,0,0,1,0,80.23
26049,0,0,0,0,82.98
26050,0,0,0,0,142.27
26051,1,0,1,0,73.7
26052,1,0,1,0,8.74
26053,0,0,1,0,123.08
26054,1,0,1,0,177.3
26055,1,1,0,0,158.36
26056,0,1,0,1,46.42
26057,0,1,0,0,112.26
26058,0,0,1,1,109.59
26059,0,1,1,0,117.58
26060,0,0,0,0,55.48
26061,0,0,0,0,169.77
26062,0,0,1,0,25.65
26063,1,0,1,0,69.89
26064,0,0,1,1,164.4
26065,1,0,0,0,92.04
26066,1,0,1,0,18.0
26067,0,0,0,0,5.9
26068,0,1,0,0,21.43
26069,0,1,0,0,46.41
26070,1,0,1,0,0.0
26071,0,1,0,0,46.89
26072,1,0,1,0,0.0
26073,0,1,1,0,49.58
26074,0,1,1,0,70.53
26075,0,0,0,0,49.4
26076,0,0,0,0,58.22
26077,0,0,0,0,19.25
26078,1,1,0,0,0.0
26079,1,1,1,0,76.37
26080,1,1,0,0,119.54
26081,1,0,0,0,44.93
26082,1,1,1,0,100.92
26083,0,0,0,1,10.35
26084,0,0,0,0,110.56
26085,0,0,1,0,0.0
26086,0,0,1,0,0.0
26087,0,0,0,0,85.22
26088,0,1,0,0,9.29
26089,1,0,1,0,76.15
26090,1,1,1,1,13.39
26091,0,0,1,0,98.48
26092,0,1,0,0,68.92
26093,1,0,0,0,25.64
26094,1,1,1,0,76.58
26095,0,0,0,0,0.0
26096,0,0,0,0,0.0
26097,0,0,0,0,78.35
26098,0,1,1,0,202.59
26099,0,0,1,0,14.54
26100,1,0,1,0,69.73
26101,1,0,0,0,96.52
26102,0,0,0,0,31.11
26103,0,0,1,0,66.72
26104,0,0,0,0,153.78
26105,0,0,1,0,103.88
26106,1,0,0,0,167.25
26107,0,0,1,1,68.25
26108,0,0,1,0,0.0
26109,0,0,0,0,14.76
26110,0,0,0,0,69.0
26111,0,0,1,0,0.0
26112,1,0,1,0,21.67
26113,1,0,0,0,17.79
26114,0,0,0,0,15.95
26115,0,0,1,0,31.21
26116,1,1,1,0,40.34
26117,1,0,0,0,62.11
26118,0,0,0,0,57.1
26119,0,0,0,0,72.41
26120,0,0,0,0,85.16
26121,1,0,0,0,162.85
26122,1,0,0,0,81.89
26123,1,1,1,0,76.67
26124,0,0,0,0,85.26
26125,1,0,1,0,0.0
26126,0,0,0,0,91.52
26127,1,0,1,1,76.09
26128,1,0,0,0,44.21
26129,0,0,0,0,0.0
26130,0,0,0,0,33.46
26131,0,0,0,0,0.0
26132,0,0,1,0,80.84
26133,0,0,0,0,100.98
26134,0,0,0,0,39.14
26135,0,0,1,0,83.52
26136,0,0,1,0,89.73
26137,1,1,1,0,99.21
26138,0,0,0,1,141.29
26139,0,0,1,0,69.79
26140,0,1,1,0,86.78
26141,0,0,0,0,0.0
26142,1,0,1,0,154.95
26143,0,1,0,0,59.19
26144,0,0,0,0,88.29
26145,1,1,1,0,43.06
26146,0,0,0,0,41.0
26147,0,0,0,0,11.84
26148,0,0,0,0,75.23
26149,0,0,0,1,33.53
26150,0,0,1,1,138.73
26151,1,0,1,0,9.73
26152,0,0,0,0,30.02
26153,1,0,0,0,26.11
26154,0,1,0,0,77.92
26155,0,0,1,0,4.83
26156,0,0,1,0,68.04
26157,1,1,1,1,142.35
26158,1,1,1,0,149.57
26159,0,0,0,0,141.96
26160,0,0,0,0,92.66
26161,1,0,0,0,0.0
26162,0,0,0,0,94.0
26163,0,0,0,0,51.9
26164,0,0,0,0,1.98
26165,0,0,0,0,95.47
26166,0,0,0,0,79.9
26167,0,0,0,0,129.23
26168,0,0,1,0,99.3
26169,0,0,0,1,126.52
26170,0,0,0,0,50.38
26171,0,0,0,0,168.25
26172,1,0,1,0,107.02
26173,0,0,0,0,56.86
26174,0,0,1,0,78.65
26175,0,0,0,0,0.0
26176,0,0,0,0,59.02
26177,0,0,0,0,80.55
26178,0,0,1,0,0.0
26179,1,0,0,0,2.67
26180,0,0,1,0,168.34
26181,0,1,0,0,277.79
26182,0,0,0,0,91.15
26183,0,0,0,0,0.0
26184,1,0,0,0,118.68
26185,1,0,1,0,74.4
26186,1,0,0,0,125.17
26187,0,0,0,1,14.46
26188,0,0,1,0,17.07
26189,1,0,1,0,152.55
26190,1,0,1,0,44.16
26191,1,1,1,1,204.47
26192,1,0,1,0,182.16
26193,1,1,0,0,18.99
26194,1,0,1,0,78.7
26195,1,1,1,0,71.43
26196,1,0,1,0,93.37
26197,1,0,0,0,64.74
26198,0,0,0,0,47.46
26199,1,0,0,0,0.0
26200,1,0,0,0,122.3
26201,0,0,1,0,114.18
26202,0,0,0,0,0.0
26203,0,0,0,0,49.32
26204,0,0,1,0,72.51
26205,0,0,1,0,92.83
26206,0,0,0,0,166.19
26207,0,0,0,1,61.96
26208,0,0,0,0,22.14
26209,0,0,1,0,71.73
26210,0,1,1,0,105.67
26211,1,1,1,0,0.0
26212,0,0,0,1,93.71
26213,0,0,0,1,98.02
26214,0,1,1,0,86.57
26215,0,0,0,0,204.58
26216,1,0,1,0,0.0
26217,0,0,0,0,13.23
26218,0,0,0,0,0.0
26219,0,0,0,0,136.23
26220,0,0,0,0,114.86
26221,0,1,1,0,11.06
26222,0,0,1,0,19.48
26223,1,1,1,0,130.89
26224,0,1,0,0,92.5
26225,0,0,0,0,53.99
26226,1,1,1,0,90.46
26227,1,0,1,0,137.4
26228,1,0,0,1,23.57
26229,0,0,0,0,44.07
26230,1,1,0,0,44.15
26231,1,1,1,0,170.98
26232,0,0,1,0,103.12
26233,1,0,0,0,4.11
26234,0,0,0,0,75.11
26235,0,1,0,0,87.15
26236,1,0,0,0,139.84
26237,1,0,1,1,41.13
26238,0,0,0,0,42.9
26239,1,1,1,0,0.0
26240,0,0,0,0,116.7
26241,0,1,1,0,0.0
26242,0,1,0,0,60.91
26243,0,0,1,0,2.76
26244,1,1,1,0,198.14
26245,0,0,0,0,19.03
26246,1,0,0,0,3.14
26247,0,0,0,0,131.85
26248,1,1,1,0,31.82
26249,1,0,1,0,67.01
26250,0,0,0,0,123.02
26251,0,0,0,0,0.0
26252,0,0,0,0,0.0
26253,1,0,0,1,74.61
26254,0,0,0,1,63.7
26255,0,0,1,0,3.31
26256,1,0,1,0,162.62
26257,0,0,0,0,0.0
26258,0,0,0,0,24.88
26259,1,0,1,1,100.24
26260,0,0,0,0,0.0
26261,1,1,1,0,120.9
26262,0,0,0,0,0.0
26263,1,1,1,1,62.66
26264,0,0,1,1,99.43
26265,0,1,0,0,200.7
26266,0,1,1,0,142.1
26267,1,1,1,0,122.69
26268,0,0,0,0,0.0
26269,0,0,0,0,28.42
26270,1,1,0,0,121.79
26271,0,1,1,0,115.4
26272,0,1,1,0,59.02
26273,0,0,0,0,34.16
26274,0,0,0,0,38.5
26275,0,0,1,0,59.06
26276,0,0,0,1,203.04
26277,1,0,1,0,26.76
26278,0,1,0,0,55.49
26279,0,0,0,0,160.86
26280,0,0,0,0,171.07
26281,0,1,0,0,51.13
26282,0,0,0,0,40.56
26283,1,0,0,0,71.27
26284,1,0,1,0,29.07
26285,0,0,0,1,88.79
26286,0,0,0,0,0.0
26287,1,1,1,0,50.87
26288,0,0,0,0,0.0
26289,1,0,0,0,89.0
26290,1,0,1,0,50.79
26291,0,1,1,0,0.0
26292,0,0,0,0,35.37
26293,0,0,0,0,0.0
26294,0,0,1,0,68.53
26295,0,0,0,0,35.6
26296,0,0,0,0,142.93
26297,1,1,1,0,111.27
26298,0,0,0,0,24.54
26299,0,1,1,0,71.2
26300,0,1,1,0,82.81
26301,1,0,0,0,30.83
26302,1,1,1,0,98.37
26303,1,0,1,0,120.68
26304,1,0,0,0,37.01
26305,0,0,0,0,154.52
26306,1,1,0,0,77.34
26307,0,1,1,0,0.0
26308,1,0,1,0,5.01
26309,0,0,0,0,68.1
26310,1,0,1,0,84.8
26311,0,1,1,0,143.45
26312,0,0,1,0,136.87
26313,0,0,0,0,59.96
26314,1,0,1,0,76.54
26315,0,0,0,0,14.63
26316,0,0,1,0,0.0
26317,0,0,1,0,17.43
26318,0,0,1,0,101.32
26319,1,0,0,0,0.0
26320,1,0,1,0,78.7
26321,0,0,0,0,0.0
26322,1,1,0,0,0.0
26323,1,1,1,0,119.93
26324,0,0,0,0,81.09
26325,1,0,0,1,45.99
26326,0,0,1,0,86.2
26327,0,1,0,0,109.1
26328,0,0,0,0,121.91
26329,0,0,0,0,55.1
26330,0,1,0,0,124.97
26331,0,0,0,0,0.0
26332,0,0,0,0,48.26
26333,0,0,0,0,41.05
26334,0,0,1,0,5.72
26335,0,1,0,0,61.23
26336,1,0,1,0,14.2
26337,0,0,0,0,94.77
26338,0,0,1,0,135.9
26339,0,0,0,0,56.83
26340,0,0,1,0,140.5
26341,0,0,0,0,122.11
26342,0,0,0,0,66.43
26343,0,0,0,0,0.0
26344,1,0,0,0,35.33
26345,0,0,1,0,0.0
26346,0,0,0,0,2.68
26347,1,1,1,0,93.78
26348,0,0,0,0,0.0
26349,0,0,1,0,48.69
26350,0,0,0,0,106.24
26351,1,0,1,0,147.56
26352,1,0,0,0,76.91
26353,1,1,1,0,132.98
26354,1,0,1,0,140.49
26355,0,0,1,0,26.0
26356,0,0,0,0,45.28
26357,1,0,0,0,40.91
26358,1,0,0,0,18.07
26359,1,1,1,0,77.92
26360,0,0,0,0,159.09
26361,1,0,1,0,0.0
26362,1,0,1,0,68.67
26363,1,0,0,0,0.0
26364,0,0,0,0,45.91
26365,0,0,0,0,65.23
26366,0,0,0,0,4.03
26367,0,0,0,0,178.0
26368,1,0,1,0,92.96
26369,0,0,0,0,79.27
26370,0,0,1,0,74.81
26371,0,1,0,0,77.93
26372,1,1,1,1,59.6
26373,1,0,0,0,119.71
26374,0,0,0,0,0.0
26375,0,0,0,0,124.18
26376,1,0,1,0,76.42
26377,0,0,0,0,84.85
26378,0,1,1,0,32.84
26379,1,1,1,0,77.81
26380,0,0,0,0,58.19
26381,0,0,0,0,84.11
26382,0,0,0,0,59.02
26383,1,1,1,0,131.4
26384,1,0,1,0,86.3
26385,1,0,0,0,0.0
26386,1,0,1,0,34.7
26387,1,1,1,0,152.77
26388,0,0,0,0,24.42
26389,0,0,0,0,2.94
26390,0,0,1,0,71.3
26391,0,0,0,1,92.26
26392,0,0,1,0,5.5
26393,0,0,0,0,82.33
26394,1,1,1,0,121.43
26395,1,0,1,0,0.0
26396,0,0,0,0,105.59
26397,1,1,0,0,37.15
26398,0,1,1,0,142.6
26399,0,1,0,0,59.54
26400,1,0,0,0,42.14
26401,0,0,0,0,55.13
26402,1,1,1,0,87.74
26403,0,0,0,0,0.0
26404,0,0,0,0,44.92
26405,1,1,1,0,201.53
26406,1,0,0,0,13.04
26407,0,0,1,0,118.88
26408,1,0,1,0,20.36
26409,0,0,0,0,89.07
26410,1,0,0,0,25.61
26411,1,1,1,0,39.69
26412,0,0,0,0,12.53
26413,1,1,1,0,97.59
26414,1,0,0,1,73.16
26415,1,0,0,0,154.21
26416,1,0,1,0,52.12
26417,1,0,1,0,121.72
26418,0,0,1,1,0.0
26419,1,0,0,0,0.0
26420,0,0,0,0,89.4
26421,1,1,1,0,183.68
26422,1,0,1,0,85.93
26423,1,0,1,0,0.0
26424,0,1,0,0,97.81
26425,0,0,1,0,194.29
26426,0,1,1,1,150.08
26427,0,1,0,0,165.03
26428,1,0,0,0,14.88
26429,0,0,0,0,33.89
26430,1,1,0,0,82.75
26431,0,0,0,0,69.36
26432,1,0,1,0,8.11
26433,1,1,1,0,80.36
26434,1,0,0,0,85.33
26435,0,0,0,0,163.72
26436,1,0,1,0,123.08
26437,0,0,1,0,26.16
26438,1,1,1,0,68.35
26439,0,0,1,0,23.52
26440,0,0,0,0,43.66
26441,0,0,0,0,0.0
26442,1,0,1,0,145.71
26443,1,1,0,0,114.58
26444,0,1,1,0,23.82
26445,1,0,1,0,0.0
26446,1,1,1,0,221.58
26447,1,0,0,0,109.36
26448,0,0,1,0,90.4
26449,1,0,1,0,87.94
26450,1,0,0,0,47.07
26451,1,1,1,0,164.9
26452,0,0,0,0,71.34
26453,0,0,1,0,122.07
26454,1,0,0,0,90.88
26455,1,0,1,0,121.65
26456,0,0,0,0,35.88
26457,0,0,0,0,50.85
26458,1,0,1,1,125.36
26459,0,1,0,1,125.0
26460,0,0,0,0,91.22
26461,1,0,0,0,54.53
26462,0,0,0,0,137.37
26463,0,0,0,0,39.8
26464,0,0,1,0,0.0
26465,1,1,1,0,221.87
26466,1,0,1,0,94.85
26467,0,0,0,0,18.17
26468,0,0,0,0,0.0
26469,0,0,1,0,62.09
26470,0,0,0,0,0.0
26471,1,0,0,0,84.87
26472,1,0,1,0,124.7
26473,1,0,0,0,2.87
26474,0,0,1,0,0.0
26475,1,0,1,0,62.98
26476,1,0,0,0,31.5
26477,1,0,1,0,42.63
26478,1,1,1,0,32.45
26479,1,0,1,0,82.28
26480,0,0,0,1,20.61
26481,0,0,1,0,50.19
26482,1,0,0,0,80.43
26483,0,1,0,0,140.0
26484,0,0,1,0,75.37
26485,0,0,0,0,73.03
26486,1,1,1,0,109.57
26487,0,0,0,0,0.0
26488,1,0,1,0,31.56
26489,0,0,0,0,179.34
26490,0,0,0,0,61.37
26491,0,1,1,0,76.37
26492,0,0,0,0,111.87
26493,1,1,0,0,17.11
26494,1,0,0,0,116.76
26495,0,0,0,0,112.93
26496,0,0,0,0,0.0
26497,0,0,1,0,37.02
26498,0,0,1,0,105.32
26499,0,0,0,0,33.78
26500,0,0,1,0,0.0
26501,1,0,1,0,76.21
26502,1,0,1,0,98.66
26503,0,0,1,1,120.16
26504,1,1,1,0,212.07
26505,0,0,0,0,87.42
26506,0,0,1,0,0.0
26507,1,1,1,0,40.51
26508,0,0,0,0,68.58
26509,0,0,0,0,60.93
26510,0,0,0,0,98.22
26511,0,0,0,0,0.0
26512,0,1,0,0,16.08
26513,1,0,1,0,78.1
26514,1,0,1,0,78.18
26515,0,0,0,0,89.01
26516,0,0,0,0,94.71
26517,1,0,0,0,100.52
26518,1,1,1,0,124.34
26519,1,0,0,0,0.0
26520,0,0,0,0,103.23
26521,0,0,0,1,197.22
26522,0,1,1,0,159.13
26523,0,0,0,0,0.0
26524,1,0,1,0,77.33
26525,0,0,1,0,18.27
26526,0,0,0,0,154.15
26527,0,1,0,1,118.13
26528,1,0,1,0,0.0
26529,0,0,0,0,88.91
26530,1,0,0,0,0.0
26531,0,0,1,0,30.23
26532,0,0,0,1,132.21
26533,0,0,0,0,33.8
26534,0,0,0,0,181.18
26535,1,1,1,0,74.25
26536,1,0,0,0,9.76
26537,0,0,1,0,7.93
26538,0,0,0,0,0.0
26539,0,0,0,0,139.26
26540,0,0,0,0,57.41
26541,0,0,1,0,156.37
26542,0,1,1,0,117.32
26543,1,1,1,0,15.37
26544,0,0,0,0,24.86
26545,0,0,0,0,35.17
26546,1,0,1,0,55.07
26547,1,0,0,0,170.41
26548,1,0,0,0,106.91
26549,1,1,1,0,50.09
26550,1,0,0,0,94.22
26551,1,0,1,0,182.59
26552,0,0,0,0,64.44
26553,0,0,0,0,110.12
26554,0,0,0,0,16.61
26555,0,0,1,0,0.0
26556,1,0,0,0,107.36
26557,1,0,0,0,62.56
26558,1,1,1,0,77.47
26559,0,0,1,0,27.46
26560,1,0,1,0,0.0
26561,1,0,1,0,0.0
26562,1,0,0,0,145.48
26563,1,1,1,0,174.93
26564,1,1,0,0,128.93
26565,0,1,1,0,81.08
26566,0,0,1,0,0.0
26567,0,0,1,0,88.33
26568,0,0,0,0,23.07
26569,0,0,0,0,61.52
26570,0,0,1,0,28.88
26571,0,0,0,0,79.37
26572,0,0,0,0,29.77
26573,0,0,0,0,21.23
26574,0,0,1,0,0.0
26575,0,1,0,0,111.49
26576,0,0,1,0,30.48
26577,1,1,1,0,138.7
26578,0,1,0,0,49.25
26579,0,0,0,0,47.71
26580,0,0,0,0,43.38
26581,0,0,0,0,13.88
26582,0,1,0,0,47.31
26583,0,0,1,0,72.14
26584,1,0,0,0,0.0
26585,1,0,0,0,110.26
26586,0,0,0,0,17.81
26587,0,1,1,0,223.72
26588,0,0,0,0,24.84
26589,0,1,0,0,101.77
26590,1,1,0,1,172.29
26591,0,0,0,1,84.42
26592,1,0,1,0,97.68
26593,0,0,1,0,136.2
26594,0,0,1,0,197.12
26595,0,0,0,0,37.88
26596,0,1,0,0,34.95
26597,0,0,1,0,14.35
26598,0,0,0,0,85.33
26599,0,1,1,0,50.2
26600,1,0,0,0,0.0
26601,1,1,1,0,36.48
26602,0,0,1,0,30.83
26603,1,0,1,0,4.15
26604,1,0,0,0,0.0
26605,1,1,1,0,23.5
26606,0,0,1,0,66.99
26607,1,0,0,1,79.26
26608,0,0,0,0,0.0
26609,0,0,0,0,10.34
26610,0,0,0,0,0.0
26611,0,0,0,0,66.45
26612,0,0,0,0,68.37
26613,1,1,1,0,86.05
26614,0,0,0,0,25.82
26615,1,0,1,0,80.98
26616,0,0,0,0,106.57
26617,0,0,0,1,3.41
26618,0,0,0,0,167.55
26619,0,0,1,0,45.3
26620,0,0,0,0,0.0
26621,0,0,0,0,103.0
26622,0,0,0,0,33.99
26623,1,1,1,0,134.93
26624,1,0,1,0,0.0
26625,0,0,0,0,74.14
26626,1,0,0,0,85.87
26627,1,0,0,1,109.79
26628,0,0,1,0,0.0
26629,0,0,0,0,114.51
26630,1,0,1,0,137.2
26631,1,1,0,0,55.55
26632,0,1,1,0,0.0
26633,1,0,1,0,127.38
26634,0,0,0,0,0.0
26635,0,0,0,0,56.23
26636,1,0,1,1,161.67
26637,1,0,0,0,88.82
26638,0,0,0,0,117.1
26639,1,0,1,0,101.66
26640,1,0,0,0,38.74
26641,0,0,0,0,114.71
26642,1,0,0,0,38.16
26643,0,0,0,0,0.0
26644,0,0,1,0,45.04
26645,0,1,1,0,0.0
26646,0,0,1,0,4.25
26647,0,0,0,1,67.87
26648,0,0,0,0,5.8
26649,0,0,0,0,101.92
26650,0,1,0,0,94.25
26651,1,0,1,0,63.5
26652,1,0,0,0,9.7
26653,1,0,1,0,19.74
26654,0,0,0,0,70.16
26655,1,1,1,0,265.7
26656,1,1,1,0,12.65
26657,0,0,1,0,130.53
26658,1,0,0,0,0.0
26659,0,0,0,0,17.43
26660,0,0,1,1,90.45
26661,0,0,1,0,18.28
26662,0,1,1,0,122.44
26663,0,0,0,0,0.0
26664,1,0,0,0,162.8
26665,1,1,1,1,63.17
26666,1,0,1,1,56.35
26667,0,0,0,0,82.5
26668,0,1,1,0,83.54
26669,0,0,0,0,152.32
26670,0,1,1,1,71.23
26671,1,0,0,0,14.3
26672,0,0,0,0,142.68
26673,0,0,0,1,87.66
26674,1,0,1,0,88.26
26675,1,0,1,0,58.56
26676,0,1,0,0,85.73
26677,0,1,1,0,46.84
26678,0,0,1,0,73.47
26679,0,0,0,0,44.29
26680,0,0,1,0,31.11
26681,0,0,1,0,42.54
26682,1,1,1,1,111.36
26683,0,0,0,0,4.66
26684,0,0,0,0,0.0
26685,1,0,1,0,132.98
26686,0,0,0,0,94.21
26687,0,0,0,0,111.02
26688,0,1,0,0,49.48
26689,0,1,0,0,18.64
26690,0,1,0,0,0.0
26691,1,0,1,0,145.15
26692,0,0,0,0,12.43
26693,1,1,0,0,44.23
26694,1,0,0,0,82.21
26695,0,0,0,0,0.0
26696,0,0,1,0,42.04
26697,1,1,1,1,66.52
26698,1,0,1,0,132.97
26699,0,0,0,0,11.49
26700,0,0,0,1,18.45
26701,1,0,1,0,62.77
26702,1,0,0,0,19.55
26703,0,0,0,0,104.08
26704,0,0,1,0,65.01
26705,0,0,1,0,0.0
26706,1,0,0,0,178.96
26707,0,0,1,0,114.33
26708,0,1,0,0,0.0
26709,1,0,1,0,0.0
26710,1,1,1,0,172.6
26711,1,0,0,0,93.63
26712,1,0,0,0,45.66
26713,0,1,0,0,69.34
26714,0,1,1,0,0.0
26715,0,0,1,1,116.48
26716,1,0,0,0,57.25
26717,0,1,0,0,0.0
26718,0,0,1,0,37.78
26719,0,0,0,0,71.25
26720,0,0,1,0,11.68
26721,0,0,1,0,50.78
26722,1,0,1,0,95.07
26723,1,0,0,0,75.37
26724,1,0,0,0,19.35
26725,1,1,1,1,138.16
26726,1,0,1,0,104.12
26727,0,1,0,0,8.38
26728,0,0,0,0,41.99
26729,0,1,0,0,66.54
26730,0,0,1,0,71.71
26731,0,1,0,0,132.58
26732,0,1,1,0,89.63
26733,0,0,0,0,69.56
26734,0,0,0,0,5.11
26735,0,1,1,0,192.03
26736,1,1,1,0,0.0
26737,0,0,0,0,149.55
26738,1,0,1,0,105.24
26739,0,0,0,0,143.86
26740,0,1,1,0,98.51
26741,0,1,0,0,143.68
26742,0,0,0,0,63.11
26743,0,0,1,0,101.08
26744,1,0,0,0,73.34
26745,1,1,1,0,230.2
26746,0,0,0,0,0.0
26747,0,1,0,0,145.49
26748,1,0,1,1,106.64
26749,0,0,0,0,44.62
26750,0,0,0,0,0.0
26751,0,0,1,0,49.11
26752,0,0,1,0,186.56
26753,0,0,0,0,78.83
26754,0,0,0,0,70.42
26755,1,0,0,0,66.91
26756,1,1,1,0,0.0
26757,0,0,1,0,101.09
26758,1,0,0,0,42.74
26759,0,1,0,0,51.44
26760,0,0,0,0,84.52
26761,0,0,0,0,37.06
26762,0,0,0,0,31.52
26763,0,0,1,0,91.76
26764,1,0,0,0,73.54
26765,0,1,0,0,100.43
26766,0,0,0,0,0.0
26767,0,0,0,0,77.51
26768,1,0,0,0,97.88
26769,0,0,0,0,76.06
26770,0,0,1,0,0.0
26771,0,0,1,1,147.7
26772,0,0,0,0,42.47
26773,1,0,1,0,49.93
26774,0,0,0,0,7.4
26775,1,1,1,0,109.39
26776,1,1,1,0,112.45
26777,0,1,1,0,196.76
26778,1,0,0,0,0.0
26779,1,0,1,0,120.16
26780,1,0,1,0,91.43
26781,0,0,0,0,0.0
26782,1,0,0,0,0.0
26783,1,0,1,0,138.16
26784,1,0,1,0,86.76
26785,0,0,1,0,136.42
26786,0,0,0,0,139.43
26787,0,0,1,0,123.1
26788,0,0,1,0,71.04
26789,1,0,0,0,26.07
26790,1,1,1,0,144.23
26791,0,0,0,0,64.01
26792,0,0,1,0,79.25
26793,0,0,0,0,40.4
26794,1,0,1,0,156.53
26795,1,0,1,0,12.32
26796,1,0,0,0,98.3
26797,0,0,0,0,66.45
26798,1,0,1,0,71.1
26799,0,0,0,0,70.62
26800,0,0,1,0,144.29
26801,0,0,0,0,20.63
26802,0,0,1,0,62.28
26803,0,0,0,0,98.9
26804,1,0,1,0,96.08
26805,0,0,0,0,47.02
26806,0,0,0,0,52.12
26807,0,1,0,0,94.72
26808,0,1,1,0,43.97
26809,1,1,1,0,95.3
26810,1,0,0,0,29.81
26811,0,0,0,0,0.0
26812,1,0,1,0,13.92
26813,0,0,0,1,34.48
26814,1,0,0,0,86.27
26815,1,0,0,0,102.25
26816,0,0,0,0,0.0
26817,1,0,0,0,97.43
26818,0,0,0,0,46.28
26819,0,1,0,0,227.87
26820,0,0,1,0,154.58
26821,0,0,1,0,22.51
26822,1,0,0,0,85.06
26823,1,1,1,0,68.52
26824,1,0,1,0,112.11
26825,0,0,1,0,72.1
26826,0,0,1,0,95.3
26827,0,0,1,1,91.59
26828,0,0,0,0,147.55
26829,0,0,0,0,57.52
26830,1,1,0,0,10.97
26831,0,0,0,0,0.0
26832,0,0,0,0,0.0
26833,0,0,0,0,91.42
26834,0,0,0,0,141.06
26835,1,0,1,1,29.31
26836,0,0,0,0,73.34
26837,0,0,0,0,119.17
26838,0,0,1,0,121.44
26839,1,0,1,0,14.64
26840,0,0,0,1,77.12
26841,1,1,1,0,53.24
26842,0,0,0,0,0.0
26843,0,0,1,0,156.52
26844,1,1,0,0,58.73
26845,0,1,0,0,51.48
26846,1,0,1,0,25.0
26847,0,0,1,0,137.29
26848,0,0,0,0,7.47
26849,0,1,0,0,87.25
26850,1,0,0,0,9.48
26851,0,0,0,0,159.45
26852,1,0,0,0,0.0
26853,0,0,0,0,28.66
26854,0,0,1,0,35.87
26855,0,0,0,0,84.55
26856,0,1,1,0,0.0
26857,1,0,1,0,9.76
26858,1,0,0,0,0.0
26859,0,0,0,0,170.59
26860,0,0,0,0,164.6
26861,0,0,0,0,42.97
26862,0,0,0,0,100.58
26863,1,1,1,1,190.57
26864,1,0,1,0,177.63
26865,1,0,0,0,85.04
26866,0,0,0,0,61.4
26867,0,0,1,0,25.81
26868,1,1,0,0,36.02
26869,1,1,1,0,148.69
26870,0,0,0,0,0.0
26871,0,0,0,0,70.98
26872,0,0,0,0,74.69
26873,0,0,0,0,23.3
26874,0,0,0,0,115.45
26875,1,1,0,0,32.22
26876,1,1,0,0,65.57
26877,1,1,1,0,22.04
26878,0,0,1,0,38.81
26879,0,0,0,0,0.0
26880,0,0,1,0,0.0
26881,0,0,1,0,72.55
26882,0,0,0,0,0.0
26883,1,0,0,0,132.52
26884,0,0,0,0,87.96
26885,0,0,1,0,0.0
26886,0,0,1,0,41.84
26887,0,0,1,0,52.46
26888,0,0,0,0,0.0
26889,1,0,0,1,54.35
26890,1,1,0,0,71.15
26891,1,0,0,0,77.9
26892,1,0,0,0,97.23
26893,1,0,1,0,0.0
26894,0,0,1,0,49.57
26895,0,0,1,0,127.6
26896,0,0,0,0,108.67
26897,1,1,1,0,110.28
26898,0,0,0,0,0.0
26899,0,0,1,0,1.39
26900,0,0,1,0,112.49
26901,0,0,1,0,198.26
26902,0,0,0,1,92.87
26903,0,1,0,0,0.0
26904,1,0,1,0,12.66
26905,1,0,1,1,25.16
26906,1,0,1,0,7.9
26907,0,0,0,0,81.6
26908,0,0,0,0,0.0
26909,1,1,1,0,136.32
26910,1,0,1,0,81.92
26911,0,0,0,0,0.0
26912,0,0,0,0,165.49
26913,0,1,1,0,57.32
26914,1,0,1,0,31.54
26915,0,0,1,0,94.07
26916,0,0,0,0,106.66
26917,0,0,0,0,40.54
26918,0,0,0,0,53.0
26919,0,0,0,0,86.44
26920,1,0,1,0,0.0
26921,0,1,0,0,7.91
26922,1,0,0,0,51.19
26923,1,0,0,0,85.4
26924,1,0,1,0,0.0
26925,0,0,1,0,73.33
26926,1,1,1,0,194.0
26927,1,0,0,0,31.81
26928,0,0,0,0,69.43
26929,1,1,0,0,106.83
26930,1,0,0,0,76.54
26931,0,0,0,0,20.13
26932,0,0,1,0,37.59
26933,0,1,1,0,124.41
26934,0,0,0,0,104.28
26935,0,0,0,0,40.58
26936,1,0,0,0,85.94
26937,0,1,1,0,11.93
26938,1,0,1,0,113.34
26939,0,0,0,0,6.71
26940,0,0,0,0,26.04
26941,1,0,1,0,59.06
26942,1,0,0,0,0.0
26943,0,0,0,0,0.0
26944,1,1,1,0,28.68
26945,0,0,0,0,51.37
26946,0,0,0,0,173.5
26947,0,0,0,0,0.0
26948,0,0,1,0,0.0
26949,0,0,1,0,78.75
26950,0,0,0,1,0.0
26951,0,0,1,1,0.0
26952,1,0,0,1,43.39
26953,0,0,1,0,0.0
26954,0,0,0,1,5.77
26955,0,0,1,0,130.25
26956,0,0,1,0,64.98
26957,1,0,1,0,187.25
26958,0,0,0,0,0.0
26959,1,0,1,0,0.0
26960,1,1,0,0,72.22
26961,1,0,1,0,0.0
26962,0,0,1,1,113.72
26963,0,0,0,0,46.55
26964,0,0,0,0,26.19
26965,0,0,1,0,184.56
26966,0,0,1,0,11.11
26967,0,0,0,0,1.78
26968,0,1,1,0,26.06
26969,1,0,1,0,108.18
26970,1,0,1,0,21.77
26971,0,0,1,0,63.89
26972,1,0,1,0,158.2
26973,0,0,0,0,8.11
26974,0,0,0,0,38.8
26975,1,0,1,0,179.25
26976,0,0,0,0,113.03
26977,0,0,0,0,70.52
26978,1,0,1,0,89.43
26979,0,1,0,0,110.81
26980,1,0,1,0,35.04
26981,0,0,1,0,24.12
26982,0,1,1,0,151.93
26983,0,0,1,0,40.31
26984,0,0,0,0,27.26
26985,0,0,0,1,98.59
26986,0,0,0,0,96.54
26987,1,0,0,0,89.63
26988,1,1,0,0,142.0
26989,1,0,0,0,3.47
26990,1,0,1,0,131.83
26991,0,0,0,0,89.51
26992,0,0,0,0,59.23
26993,0,1,1,0,23.27
26994,0,0,0,0,74.22
26995,0,0,0,0,57.89
26996,0,0,0,0,0.0
26997,1,0,1,0,0.0
26998,0,0,0,0,63.42
26999,1,0,0,0,20.02
27000,0,0,1,0,149.32
27001,1,1,1,0,14.37
27002,0,0,0,1,0.0
27003,0,0,0,0,54.24
27004,0,0,0,0,58.95
27005,0,0,0,0,7.99
27006,0,0,1,0,85.29
27007,0,1,1,0,34.42
27008,0,0,0,0,0.0
27009,0,0,0,1,60.12
27010,0,0,0,0,62.62
27011,0,1,1,0,125.84
27012,0,0,1,0,0.0
27013,1,1,1,0,160.01
27014,0,0,0,0,38.82
27015,0,1,1,0,0.0
27016,0,0,0,0,89.41
27017,0,0,0,0,43.54
27018,0,0,0,0,102.38
27019,1,0,1,1,0.0
27020,1,1,1,0,87.73
27021,1,1,1,0,29.37
27022,0,0,0,0,0.0
27023,1,1,1,1,6.35
27024,0,0,1,1,4.52
27025,0,1,1,1,118.91
27026,0,1,0,0,0.0
27027,1,1,1,0,266.93
27028,1,0,0,0,155.94
27029,1,1,1,0,174.99
27030,0,0,0,0,106.87
27031,1,0,1,0,188.77
27032,0,0,0,0,154.16
27033,1,0,0,0,82.48
27034,0,0,1,1,127.18
27035,0,0,0,0,70.86
27036,1,0,0,0,67.11
27037,0,0,0,0,1.93
27038,1,0,1,1,78.2
27039,0,0,0,0,0.0
27040,0,0,0,0,44.74
27041,0,0,0,0,43.59
27042,0,1,1,0,218.59
27043,0,0,0,0,153.04
27044,1,0,1,0,0.0
27045,0,0,0,0,4.7
27046,1,1,1,0,61.42
27047,1,0,1,0,20.67
27048,0,0,0,0,158.96
27049,1,0,0,0,35.62
27050,0,0,0,0,19.43
27051,0,0,0,0,146.73
27052,0,0,0,0,18.96
27053,0,0,0,0,130.78
27054,1,1,1,0,92.66
27055,1,0,0,0,54.83
27056,0,0,1,0,82.76
27057,0,0,1,0,8.0
27058,1,1,1,0,77.46
27059,1,0,0,0,35.46
27060,1,1,1,1,120.71
27061,1,1,0,0,44.18
27062,0,0,0,0,0.0
27063,1,1,1,0,65.31
27064,0,1,0,0,83.53
27065,0,0,0,0,0.0
27066,1,0,1,0,18.31
27067,1,1,1,0,127.59
27068,0,0,1,0,53.35
27069,1,0,0,0,150.87
27070,0,0,0,0,22.05
27071,1,1,0,0,0.0
27072,1,0,1,0,4.66
27073,1,0,1,0,109.57
27074,0,0,0,0,23.21
27075,1,0,1,0,0.0
27076,0,0,1,0,73.32
27077,1,0,0,0,87.22
27078,1,0,1,0,31.16
27079,1,0,0,0,152.57
27080,0,1,1,0,97.28
27081,0,0,0,0,0.0
27082,1,0,1,1,64.44
27083,1,0,0,0,52.98
27084,0,0,0,0,1.09
27085,0,0,1,1,25.57
27086,0,0,1,0,46.83
27087,1,0,0,0,11.31
27088,1,1,1,0,0.0
27089,0,1,0,0,25.44
27090,0,0,0,0,113.7
27091,1,0,0,0,68.66
27092,1,0,1,0,75.49
27093,0,0,1,0,47.39
27094,0,0,1,0,41.25
27095,0,0,0,0,109.85
27096,1,1,1,0,123.8
27097,1,0,1,0,0.0
27098,0,0,0,0,57.97
27099,0,0,0,0,13.8
27100,0,0,0,0,71.89
27101,0,0,0,0,0.0
27102,0,0,0,0,122.24
27103,0,0,1,0,56.42
27104,0,1,1,1,169.96
27105,0,0,0,0,43.93
27106,1,0,0,0,4.01
27107,1,1,1,0,140.41
27108,1,0,1,0,0.0
27109,0,1,0,0,34.69
27110,0,0,1,0,0.0
27111,0,0,0,0,22.97
27112,0,0,1,1,22.35
27113,0,1,1,0,96.94
27114,0,0,0,0,160.92
27115,0,0,1,0,65.25
27116,0,0,0,0,162.6
27117,1,1,1,0,91.85
27118,0,0,1,0,101.76
27119,0,0,0,1,136.29
27120,1,1,1,0,0.0
27121,0,0,0,0,0.0
27122,1,1,1,0,18.08
27123,1,1,1,0,130.36
27124,1,0,0,0,60.0
27125,0,1,1,0,0.0
27126,0,0,0,0,9.81
27127,0,0,0,0,0.0
27128,0,0,0,0,32.66
27129,0,0,0,0,67.92
27130,0,0,0,0,0.0
27131,1,0,0,0,36.57
27132,1,0,0,0,107.85
27133,0,0,1,0,176.69
27134,0,0,1,0,10.25
27135,0,1,0,0,25.3
27136,0,0,0,1,50.55
27137,0,0,0,0,93.6
27138,1,0,1,0,108.52
27139,1,1,1,0,95.44
27140,0,0,0,0,11.72
27141,0,0,1,0,31.81
27142,1,1,1,0,0.0
27143,1,0,0,0,116.64
27144,0,0,1,0,74.59
27145,0,0,1,0,137.98
27146,0,0,1,0,75.83
27147,0,0,0,0,127.11
27148,0,0,1,0,40.46
27149,0,0,1,1,91.18
27150,0,0,0,0,53.54
27151,0,0,0,0,23.19
27152,1,0,0,0,0.0
27153,1,0,0,0,58.85
27154,0,1,0,0,17.38
27155,1,0,1,0,54.54
27156,1,0,0,0,82.34
27157,0,0,0,0,111.27
27158,0,1,1,0,81.49
27159,0,1,0,0,35.41
27160,1,1,0,0,86.71
27161,1,1,0,0,150.69
27162,0,0,0,0,0.0
27163,1,0,1,0,88.13
27164,1,0,0,0,125.59
27165,1,0,1,0,128.0
27166,1,0,1,0,0.0
27167,1,1,1,0,0.0
27168,1,1,1,0,115.99
27169,0,0,0,0,83.42
27170,1,1,1,0,216.47
27171,1,1,1,0,93.12
27172,1,0,1,0,56.83
27173,1,0,1,0,46.17
27174,0,1,0,0,0.0
27175,1,0,1,1,6.43
27176,1,1,1,1,157.94
27177,1,1,0,0,0.0
27178,0,1,0,0,0.0
27179,1,0,0,0,5.94
27180,0,1,0,1,30.21
27181,0,0,0,0,111.86
27182,0,0,1,0,25.04
27183,1,0,1,0,90.88
27184,1,1,1,0,134.27
27185,1,0,0,0,120.33
27186,0,0,0,0,52.73
27187,0,0,0,0,0.0
27188,0,0,0,0,49.54
27189,0,0,0,0,117.43
27190,1,0,0,0,61.79
27191,0,0,0,0,0.0
27192,0,0,1,0,0.0
27193,1,0,1,0,113.34
27194,1,1,1,1,93.08
27195,0,0,0,0,108.03
27196,0,1,0,0,53.29
27197,1,1,0,0,67.56
27198,0,0,0,0,48.39
27199,1,0,0,0,68.46
27200,0,0,1,0,122.81
27201,0,0,0,0,66.72
27202,1,0,0,0,59.29
27203,0,0,0,0,67.72
27204,0,0,0,0,59.6
27205,1,1,1,0,61.01
27206,1,0,1,0,0.0
27207,0,1,1,0,25.11
27208,0,1,1,0,92.36
27209,1,1,1,0,129.59
27210,0,0,0,0,58.07
27211,1,0,0,0,93.93
27212,0,1,1,0,192.52
27213,0,0,0,0,40.83
27214,1,1,1,0,83.91
27215,0,0,0,1,30.96
27216,0,0,0,0,156.01
27217,0,1,0,0,27.05
27218,0,0,1,0,97.97
27219,0,0,0,0,64.12
27220,0,0,1,0,173.53
27221,0,0,0,0,55.64
27222,0,0,1,0,80.0
27223,0,0,0,0,77.59
27224,0,0,1,1,181.79
27225,1,0,1,0,82.84
27226,1,0,1,0,0.0
27227,0,0,1,0,38.43
27228,1,1,0,0,49.53
27229,1,0,1,0,63.6
27230,0,0,0,0,114.2
27231,0,0,0,0,0.0
27232,0,0,1,0,30.6
27233,1,1,1,0,25.62
27234,0,0,0,0,0.0
27235,0,1,1,0,59.84
27236,0,0,0,0,89.85
27237,0,0,1,0,80.54
27238,0,0,0,0,26.96
27239,1,0,1,0,83.9
27240,0,1,0,0,44.33
27241,1,1,1,0,127.86
27242,0,0,0,0,99.98
27243,1,0,1,0,2.86
27244,1,0,1,0,51.09
27245,0,0,0,0,51.84
27246,0,0,0,0,19.59
27247,1,0,1,1,74.82
27248,0,1,1,0,93.18
27249,0,0,1,1,130.04
27250,0,0,0,0,141.87
27251,1,0,0,0,0.0
27252,0,0,0,1,23.19
27253,0,0,1,0,0.0
27254,0,0,0,0,0.0
27255,0,0,0,0,38.33
27256,1,0,0,0,0.0
27257,0,0,1,1,4.81
27258,0,0,0,0,0.0
27259,1,0,0,0,75.23
27260,0,0,0,0,0.0
27261,1,0,1,0,117.71
27262,1,0,1,0,78.71
27263,0,0,1,0,42.21
27264,0,0,0,0,92.53
27265,0,0,1,0,4.76
27266,0,0,0,0,91.9
27267,0,0,0,0,33.64
27268,1,1,1,0,73.69
27269,0,0,0,0,0.0
27270,1,0,0,0,38.38
27271,0,0,0,0,0.0
27272,1,1,0,0,70.33
27273,1,0,1,0,147.29
27274,0,0,0,1,0.0
27275,0,0,0,0,136.31
27276,0,0,0,0,36.07
27277,1,0,0,0,42.26
27278,1,0,1,0,95.86
27279,0,0,0,0,148.12
27280,1,0,0,0,111.17
27281,0,0,0,0,71.8
27282,0,0,1,0,32.8
27283,1,0,1,0,106.09
27284,1,1,1,0,0.0
27285,0,1,0,0,17.5
27286,0,1,1,0,68.46
27287,0,1,0,1,117.31
27288,0,0,0,0,94.03
27289,1,0,0,0,48.53
27290,0,0,0,0,1.91
27291,1,0,0,0,0.0
27292,0,0,0,1,98.09
27293,1,0,0,0,0.0
27294,0,0,0,0,44.77
27295,1,0,0,0,0.0
27296,0,1,1,0,89.4
27297,1,0,1,0,49.98
27298,1,0,0,0,86.74
27299,1,0,0,0,0.0
27300,1,0,1,0,89.4
27301,0,0,0,0,7.14
27302,0,0,1,0,106.96
27303,0,0,0,0,0.0
27304,0,0,1,0,4.94
27305,0,0,0,0,59.71
27306,0,0,0,0,76.98
27307,0,1,0,0,0.0
27308,1,0,0,0,129.31
27309,1,0,1,0,157.18
27310,0,0,0,0,3.14
27311,0,0,0,0,76.67
27312,1,0,1,0,121.83
27313,0,1,0,0,68.04
27314,1,1,0,0,147.2
27315,0,0,0,0,119.0
27316,0,0,1,0,0.0
27317,0,0,0,0,87.15
27318,0,0,0,0,66.28
27319,1,1,1,1,196.74
27320,1,0,1,0,118.78
27321,0,0,1,0,12.24
27322,1,0,1,0,0.0
27323,1,0,1,0,130.73
27324,1,0,0,0,23.32
27325,1,0,1,0,180.99
27326,0,0,0,0,136.46
27327,0,0,0,0,40.42
27328,0,0,1,1,85.97
27329,0,0,1,0,107.73
27330,1,0,1,0,14.54
27331,1,0,1,0,19.91
27332,0,0,1,0,24.66
27333,1,0,1,0,45.76
27334,0,0,0,0,4.52
27335,1,0,1,0,67.32
27336,0,0,0,0,74.53
27337,0,0,0,0,45.06
27338,0,0,0,0,146.61
27339,1,1,0,0,27.47
27340,0,0,1,0,171.21
27341,0,0,0,0,198.93
27342,0,0,0,0,7.34
27343,0,0,1,0,48.41
27344,1,0,0,0,158.43
27345,1,0,1,0,5.02
27346,0,0,0,0,38.25
27347,0,0,0,0,0.99
27348,1,0,0,0,106.85
27349,1,1,1,0,34.61
27350,1,1,1,0,89.19
27351,1,0,0,1,83.81
27352,1,0,0,0,125.26
27353,0,1,0,1,140.49
27354,1,1,1,0,39.05
27355,1,0,1,0,10.33
27356,1,0,1,0,73.6
27357,1,1,0,0,39.18
27358,0,0,0,0,0.0
27359,1,0,1,0,137.14
27360,0,1,0,0,47.02
27361,0,0,0,0,0.0
27362,1,0,1,0,76.04
27363,0,0,1,0,136.76
27364,1,1,1,0,56.32
27365,0,0,0,0,26.24
27366,1,0,0,0,53.55
27367,1,1,1,0,140.1
27368,1,0,1,0,101.85
27369,0,1,1,0,85.31
27370,0,0,0,1,11.18
27371,0,0,0,0,184.36
27372,0,0,0,0,74.24
27373,0,0,0,0,54.42
27374,1,0,0,0,91.96
27375,1,0,0,0,95.73
27376,0,1,1,0,80.47
27377,0,1,0,0,116.09
27378,0,0,0,0,88.88
27379,1,0,1,1,41.08
27380,1,1,1,0,145.07
27381,0,0,0,0,20.72
27382,0,0,0,0,78.07
27383,0,0,0,0,11.04
27384,0,0,0,0,94.82
27385,0,0,0,0,108.37
27386,0,0,1,1,94.2
27387,0,0,0,0,41.84
27388,0,0,1,1,97.14
27389,0,0,0,0,110.38
27390,0,0,1,0,0.29
27391,0,0,0,1,8.63
27392,1,0,1,0,240.31
27393,0,0,1,0,89.08
27394,1,0,0,0,61.47
27395,1,0,1,0,155.26
27396,0,0,0,0,0.0
27397,0,0,1,0,44.87
27398,0,0,0,0,0.0
27399,0,0,1,0,24.82
27400,0,0,0,0,0.0
27401,0,0,0,1,35.66
27402,0,0,1,0,101.96
27403,1,0,0,0,89.94
27404,1,0,1,0,248.33
27405,1,0,0,0,0.0
27406,0,0,1,0,183.51
27407,0,0,0,0,89.11
27408,1,0,1,0,106.17
27409,0,0,0,0,181.99
27410,0,0,1,0,100.85
27411,0,0,0,0,76.82
27412,0,0,0,0,94.01
27413,1,0,1,0,89.01
27414,1,0,0,0,125.8
27415,1,0,1,1,113.99
27416,0,0,0,0,22.46
27417,0,0,0,0,24.56
27418,0,0,1,0,0.0
27419,0,0,0,1,132.62
27420,0,0,0,0,129.74
27421,0,0,0,0,0.0
27422,0,0,0,0,0.0
27423,1,0,1,0,40.75
27424,0,1,1,0,38.64
27425,0,1,0,0,78.56
27426,0,0,0,1,58.73
27427,1,0,0,1,147.29
27428,1,0,0,0,131.18
27429,0,0,0,0,117.92
27430,0,0,0,0,54.5
27431,0,0,1,0,0.0
27432,0,0,0,0,76.78
27433,0,0,1,0,29.28
27434,0,1,1,0,0.0
27435,1,0,1,0,193.49
27436,0,0,1,0,95.73
27437,0,0,0,0,116.58
27438,1,0,1,0,148.48
27439,0,0,1,0,104.58
27440,0,1,0,0,80.24
27441,1,0,1,0,61.83
27442,1,0,1,0,109.99
27443,0,0,0,0,12.23
27444,1,0,1,0,51.87
27445,0,0,1,0,9.07
27446,1,1,0,0,76.22
27447,1,0,1,0,170.05
27448,0,0,0,0,45.78
27449,0,0,1,0,30.35
27450,0,0,0,0,0.0
27451,1,1,0,0,140.64
27452,1,0,1,0,0.0
27453,1,0,0,0,9.44
27454,0,0,0,0,117.58
27455,0,0,0,0,0.0
27456,0,0,0,0,18.58
27457,1,1,1,0,23.31
27458,0,0,0,0,137.29
27459,0,1,1,0,60.93
27460,1,0,1,0,48.3
27461,0,0,0,0,60.2
27462,0,0,1,0,68.76
27463,1,0,0,0,103.29
27464,1,1,1,1,87.44
27465,1,0,1,0,94.7
27466,0,0,0,0,68.59
27467,1,0,1,0,60.81
27468,0,0,0,0,3.43
27469,1,0,0,0,17.4
27470,0,1,1,0,0.0
27471,0,0,0,0,99.3
27472,0,0,0,0,77.0
27473,0,1,1,0,117.94
27474,0,0,0,1,122.65
27475,1,0,1,0,50.97
27476,0,0,0,0,11.34
27477,0,0,0,0,45.1
27478,1,0,0,0,104.44
27479,1,0,0,0,85.82
27480,0,0,1,0,133.38
27481,0,0,0,1,95.7
27482,0,0,0,0,38.55
27483,0,0,0,0,133.62
27484,0,0,0,0,129.77
27485,0,0,1,0,67.79
27486,0,0,0,0,32.74
27487,1,1,1,0,68.54
27488,1,0,1,0,59.7
27489,0,0,1,0,56.09
27490,0,0,0,1,147.91
27491,0,0,0,0,11.81
27492,0,0,1,0,127.07
27493,0,0,1,1,128.56
27494,0,0,1,0,34.12
27495,1,1,1,0,101.95
27496,0,0,1,0,114.89
27497,0,0,1,0,37.47
27498,1,0,0,0,0.0
27499,0,0,1,0,38.6
27500,1,0,0,0,9.61
27501,0,0,0,0,177.01
27502,0,0,0,0,76.56
27503,0,1,0,0,0.0
27504,1,0,1,0,154.85
27505,1,0,1,0,51.13
27506,1,1,1,1,148.19
27507,0,0,0,0,10.72
27508,1,0,1,0,0.0
27509,0,0,0,0,32.51
27510,1,0,0,0,9.62
27511,0,0,0,1,36.9
27512,1,1,1,1,0.0
27513,0,0,1,0,31.42
27514,0,0,0,0,75.0
27515,0,0,0,0,0.0
27516,0,0,0,0,129.26
27517,0,0,1,1,46.4
27518,1,0,1,1,0.0
27519,0,0,1,0,0.0
27520,1,0,1,1,146.84
27521,0,0,0,0,0.0
27522,1,0,1,0,37.74
27523,0,0,0,0,13.45
27524,0,0,1,0,26.26
27525,1,0,0,0,138.6
27526,0,0,0,0,113.53
27527,0,0,1,0,83.17
27528,1,0,0,0,130.85
27529,0,1,1,0,68.87
27530,1,0,1,0,4.77
27531,0,0,0,0,0.0
27532,1,0,1,0,27.93
27533,0,0,0,0,210.88
27534,0,0,0,0,0.0
27535,0,0,1,0,72.22
27536,1,0,1,1,24.89
27537,0,0,0,0,110.78
27538,1,0,1,0,87.63
27539,0,0,0,0,44.43
27540,0,0,0,1,104.65
27541,0,1,1,0,138.19
27542,0,0,0,0,28.24
27543,0,0,0,0,5.87
27544,0,0,1,0,69.55
27545,0,0,0,0,107.57
27546,1,0,1,0,56.19
27547,0,0,0,0,0.0
27548,1,0,0,1,8.99
27549,0,0,0,1,78.9
27550,1,0,0,0,95.81
27551,0,0,1,0,18.16
27552,1,0,0,0,117.22
27553,0,0,1,0,2.95
27554,1,1,0,0,78.1
27555,0,0,0,0,40.28
27556,0,0,1,0,26.05
27557,1,0,1,0,115.66
27558,0,0,0,0,86.69
27559,1,1,0,1,30.61
27560,0,1,0,0,53.05
27561,0,0,0,0,105.89
27562,0,0,1,0,148.91
27563,0,0,0,0,0.0
27564,0,0,0,0,11.41
27565,0,0,0,0,130.83
27566,1,0,1,0,0.0
27567,0,0,1,0,53.75
27568,0,0,0,1,0.0
27569,0,0,0,1,75.74
27570,0,1,0,0,9.88
27571,0,0,0,0,51.69
27572,1,0,0,0,24.98
27573,0,0,0,0,41.37
27574,1,0,1,0,28.59
27575,0,1,0,0,93.84
27576,0,0,0,1,112.33
27577,0,0,0,0,97.61
27578,0,0,1,1,16.69
27579,0,1,0,0,76.79
27580,0,0,0,0,96.63
27581,1,0,1,1,116.19
27582,1,0,1,0,221.34
27583,1,0,0,0,0.0
27584,1,0,1,0,82.81
27585,0,0,1,0,48.77
27586,0,0,1,0,69.21
27587,0,0,1,0,0.0
27588,0,0,0,0,113.47
27589,0,0,1,0,76.41
27590,0,1,1,0,35.36
27591,0,0,1,0,54.94
27592,0,0,1,0,81.05
27593,0,0,0,0,7.7
27594,0,0,0,0,9.64
27595,0,0,1,0,23.75
27596,0,0,1,0,29.28
27597,0,0,0,0,25.34
27598,0,0,0,0,56.2
27599,0,0,1,0,57.91
27600,0,0,0,0,44.22
27601,0,0,1,1,117.06
27602,0,0,1,0,107.31
27603,1,1,0,0,124.52
27604,0,0,1,0,0.0
27605,1,0,1,0,127.95
27606,1,1,1,0,107.43
27607,1,0,0,0,11.72
27608,0,0,0,0,124.26
27609,0,0,0,0,41.48
27610,1,1,1,0,122.54
27611,1,1,1,0,188.56
27612,0,0,0,0,0.0
27613,1,1,0,0,57.57
27614,0,0,0,1,0.0
27615,0,0,0,0,0.0
27616,1,0,1,0,54.15
27617,0,0,1,0,17.9
27618,1,0,0,0,88.36
27619,1,0,1,0,57.93
27620,0,0,1,0,56.11
27621,0,0,0,0,1.16
27622,1,1,1,0,151.83
27623,0,0,1,0,74.82
27624,1,0,0,0,35.38
27625,0,0,0,0,39.47
27626,0,0,0,0,75.07
27627,0,0,1,0,75.27
27628,0,0,0,0,88.97
27629,0,0,0,0,92.67
27630,1,0,0,0,72.4
27631,1,0,1,0,68.97
27632,0,0,1,1,95.38
27633,1,0,1,0,51.27
27634,1,0,1,1,137.02
27635,0,1,0,0,89.03
27636,1,0,0,1,88.12
27637,0,1,0,0,26.83
27638,1,0,1,0,112.2
27639,1,0,1,0,54.07
27640,1,1,0,0,55.6
27641,0,0,0,0,24.44
27642,0,0,0,0,0.0
27643,0,0,0,0,117.3
27644,0,0,1,0,72.82
27645,1,0,1,1,135.19
27646,1,0,1,0,103.32
27647,0,0,0,0,6.94
27648,0,0,0,0,0.0
27649,1,0,0,1,165.62
27650,0,0,0,0,91.58
27651,0,0,0,0,38.81
27652,1,0,0,0,81.08
27653,0,0,0,0,68.9
27654,0,1,1,0,13.64
27655,1,1,1,1,88.51
27656,1,0,1,0,134.19
27657,1,0,0,0,56.65
27658,0,0,0,0,0.0
27659,0,0,0,0,69.74
27660,1,1,0,1,48.65
27661,0,1,1,0,79.75
27662,1,0,1,0,0.0
27663,0,0,0,0,87.41
27664,0,0,0,0,115.28
27665,0,0,1,0,88.99
27666,0,0,1,0,82.21
27667,0,0,1,0,0.0
27668,0,0,0,0,47.87
27669,0,1,1,0,95.8
27670,0,0,0,0,55.75
27671,0,0,0,0,124.55
27672,1,0,0,0,29.18
27673,1,0,1,1,44.19
27674,1,0,0,0,209.72
27675,0,0,1,0,175.26
27676,0,1,0,1,173.98
27677,1,0,1,0,220.47
27678,1,1,1,0,123.95
27679,0,0,0,0,40.16
27680,1,0,1,0,130.52
27681,0,0,0,0,38.01
27682,1,1,1,1,125.25
27683,1,0,0,0,56.04
27684,0,1,1,0,80.58
27685,0,0,0,0,143.89
27686,0,1,0,0,108.77
27687,0,0,0,0,0.0
27688,0,0,0,0,76.46
27689,0,1,0,0,70.32
27690,1,0,0,0,230.31
27691,1,0,1,0,65.04
27692,0,0,0,0,114.5
27693,0,0,0,1,52.2
27694,1,1,1,0,44.62
27695,0,1,1,0,99.72
27696,0,0,1,0,178.65
27697,0,1,0,0,39.34
27698,1,0,1,0,44.03
27699,1,1,0,0,83.01
27700,1,0,1,0,130.86
27701,0,1,1,0,115.25
27702,1,0,0,0,132.76
27703,0,0,1,0,50.09
27704,1,0,0,0,163.91
27705,1,1,1,1,167.15
27706,1,1,1,0,95.38
27707,0,0,0,0,76.83
27708,1,0,1,0,93.65
27709,1,1,0,0,62.19
27710,0,1,1,0,98.97
27711,0,0,1,0,181.84
27712,1,0,0,0,7.03
27713,0,0,0,1,99.7
27714,0,0,0,0,155.46
27715,0,1,0,1,90.12
27716,0,0,0,0,62.18
27717,0,0,0,0,36.28
27718,1,0,0,0,124.8
27719,0,1,1,0,0.0
27720,0,0,1,0,74.91
27721,0,1,0,0,133.89
27722,0,1,1,0,175.22
27723,1,0,1,0,119.87
27724,1,1,0,0,77.87
27725,0,0,0,0,0.0
27726,1,1,1,0,108.39
27727,0,0,0,0,161.88
27728,0,0,1,0,66.77
27729,1,0,1,0,80.08
27730,0,0,0,0,40.14
27731,1,0,1,0,62.0
27732,1,0,1,0,149.23
27733,1,1,0,0,0.0
27734,1,0,1,0,224.71
27735,0,0,0,0,0.0
27736,0,0,1,0,66.77
27737,1,1,0,0,59.31
27738,0,0,1,0,171.87
27739,0,0,0,0,92.71
27740,0,0,0,0,0.0
27741,0,0,0,0,78.86
27742,0,1,0,0,114.41
27743,1,0,1,0,57.08
27744,0,0,0,0,12.85
27745,0,0,1,0,26.1
27746,1,0,0,1,13.88
27747,0,1,1,0,123.08
27748,0,0,0,0,50.73
27749,1,0,0,0,65.84
27750,0,0,0,0,0.0
27751,0,1,1,0,83.07
27752,0,0,0,0,82.93
27753,0,1,1,0,101.21
27754,0,1,0,0,92.68
27755,0,0,0,0,32.98
27756,0,0,1,0,78.53
27757,0,0,1,0,42.96
27758,1,0,0,0,101.66
27759,0,0,0,0,4.23
27760,0,1,0,0,171.98
27761,1,0,0,0,70.27
27762,0,0,0,0,102.99
27763,0,0,1,0,146.24
27764,0,0,0,0,92.88
27765,1,0,1,0,47.33
27766,0,0,1,0,60.17
27767,0,0,0,0,24.72
27768,0,0,1,0,32.1
27769,0,0,0,0,72.56
27770,0,1,1,0,125.49
27771,0,0,0,0,0.0
27772,0,0,1,1,54.61
27773,0,1,1,0,69.18
27774,1,0,0,0,87.77
27775,0,0,0,0,216.66
27776,0,0,0,0,0.0
27777,0,0,0,0,0.0
27778,0,1,0,0,4.26
27779,1,0,0,0,76.19
27780,0,0,0,0,39.58
27781,0,0,1,0,109.52
27782,1,0,0,0,14.09
27783,1,1,1,0,7.0
27784,0,0,1,0,100.78
27785,0,0,0,0,81.66
27786,1,0,0,0,91.52
27787,0,0,0,1,4.16
27788,0,0,1,0,20.32
27789,0,0,0,0,53.5
27790,0,0,0,0,95.73
27791,0,0,1,0,35.59
27792,0,0,1,0,145.6
27793,1,0,1,1,66.97
27794,0,1,0,0,14.5
27795,0,0,1,0,67.34
27796,0,0,0,0,0.0
27797,0,0,1,0,63.93
27798,1,0,0,0,0.0
27799,0,0,1,0,7.94
27800,1,0,0,0,72.51
27801,1,0,1,0,43.2
27802,0,0,0,0,94.68
27803,0,0,0,0,40.17
27804,0,0,1,0,70.87
27805,0,1,1,0,25.66
27806,0,0,0,0,64.14
27807,1,0,1,0,200.12
27808,1,0,0,0,114.65
27809,1,1,1,0,16.47
27810,0,0,0,0,30.58
27811,0,1,1,0,51.64
27812,1,0,1,0,82.9
27813,0,0,0,0,130.45
27814,0,0,0,0,144.07
27815,1,1,1,0,186.99
27816,0,1,0,1,30.2
27817,1,1,0,0,84.48
27818,0,0,0,0,47.48
27819,0,0,0,0,24.6
27820,0,0,0,0,105.18
27821,1,0,0,0,29.58
27822,0,0,1,1,92.76
27823,0,0,0,0,32.61
27824,0,0,1,1,91.23
27825,0,0,0,0,87.23
27826,0,0,0,0,106.22
27827,1,0,1,0,111.67
27828,1,0,0,0,83.6
27829,0,0,0,0,0.0
27830,0,1,0,0,140.3
27831,1,1,0,0,0.0
27832,1,1,1,0,74.46
27833,1,0,1,0,35.36
27834,1,0,1,0,65.86
27835,0,1,1,0,155.95
27836,0,0,1,0,18.89
27837,1,0,0,0,100.27
27838,0,1,1,0,94.17
27839,0,0,0,0,0.0
27840,1,0,0,0,0.92
27841,0,0,0,0,81.0
27842,0,0,0,0,0.0
27843,0,0,0,0,6.73
27844,0,0,0,1,58.28
27845,0,0,0,0,46.17
27846,1,1,1,0,67.43
27847,0,0,1,1,6.05
27848,0,0,0,0,28.4
27849,0,0,0,0,134.7
27850,0,0,0,0,91.92
27851,0,0,1,0,82.87
27852,1,0,1,0,85.93
27853,0,0,0,0,68.04
27854,0,0,0,0,19.67
27855,1,0,0,1,104.3
27856,1,0,0,0,93.32
27857,1,0,0,0,90.38
27858,0,0,0,0,0.0
27859,0,1,0,0,98.79
27860,1,0,0,0,0.0
27861,0,0,0,0,21.88
27862,0,0,0,0,0.0
27863,1,0,1,0,0.0
27864,0,1,0,0,80.63
27865,1,1,0,0,81.98
27866,0,1,0,0,64.08
27867,0,0,0,0,0.0
27868,0,0,0,0,52.89
27869,1,1,1,0,75.03
27870,0,0,1,0,58.36
27871,0,0,0,0,55.78
27872,0,0,0,0,64.61
27873,1,1,0,0,122.56
27874,1,0,0,0,190.67
27875,1,0,0,0,11.92
27876,0,0,0,0,65.26
27877,0,0,0,1,0.0
27878,0,0,0,0,10.57
27879,0,0,0,0,99.7
27880,1,1,1,0,192.32
27881,0,0,0,0,71.99
27882,1,0,0,0,142.77
27883,1,0,1,0,84.14
27884,0,0,0,0,36.71
27885,1,0,1,0,127.43
27886,1,0,1,0,99.67
27887,1,1,1,0,161.77
27888,0,0,0,0,25.75
27889,1,0,1,0,91.32
27890,1,0,1,0,0.65
27891,0,0,0,0,5.37
27892,1,1,0,0,0.0
27893,0,0,0,0,0.0
27894,0,0,0,0,102.04
27895,0,0,0,0,61.66
27896,1,1,1,0,48.56
27897,1,1,1,0,136.4
27898,1,1,1,0,79.64
27899,1,1,1,0,51.25
27900,1,0,1,1,148.81
27901,0,0,0,0,64.93
27902,0,0,1,1,110.43
27903,0,0,0,0,0.0
27904,0,0,1,0,57.05
27905,1,1,1,0,0.0
27906,0,0,0,0,83.09
27907,0,0,0,0,94.25
27908,0,0,0,0,142.23
27909,1,1,1,0,74.78
27910,0,1,1,0,0.0
27911,0,0,1,0,0.0
27912,0,0,0,0,6.55
27913,0,1,1,0,90.53
27914,0,0,1,1,163.62
27915,1,0,1,0,61.46
27916,1,0,0,0,0.0
27917,0,0,0,0,68.85
27918,0,0,0,1,0.0
27919,0,0,0,1,13.76
27920,0,0,1,0,153.31
27921,0,1,0,0,43.52
27922,0,0,1,1,174.89
27923,1,0,0,0,49.57
27924,0,0,0,0,63.35
27925,1,0,1,0,0.0
27926,1,0,0,0,0.0
27927,0,0,0,0,78.55
27928,0,0,0,0,0.0
27929,0,0,0,0,80.44
27930,0,0,0,0,120.91
27931,0,0,1,0,42.52
27932,0,0,1,0,50.72
27933,0,0,0,0,135.5
27934,1,0,0,0,151.61
27935,1,1,1,0,168.85
27936,0,0,0,0,7.01
27937,0,1,0,1,18.93
27938,0,0,1,0,23.79
27939,0,0,0,0,8.85
27940,0,0,0,0,0.0
27941,1,0,0,0,53.67
27942,0,0,1,0,118.93
27943,0,0,1,0,96.86
27944,0,0,1,0,147.59
27945,1,0,1,0,182.73
27946,0,0,0,0,19.02
27947,0,0,1,0,166.08
27948,0,1,0,0,169.55
27949,1,1,1,0,46.74
27950,0,0,0,0,79.19
27951,0,0,0,0,38.73
27952,0,0,0,0,150.57
27953,0,0,0,0,103.78
27954,0,0,0,1,35.23
27955,1,1,1,0,105.67
27956,0,0,0,0,0.0
27957,1,1,1,0,103.39
27958,1,1,1,0,125.35
27959,1,0,1,0,90.53
27960,0,0,0,0,144.46
27961,0,0,0,0,41.56
27962,0,0,1,0,183.48
27963,0,0,1,0,11.44
27964,0,0,0,0,56.42
27965,0,0,0,1,123.44
27966,0,0,0,0,65.1
27967,0,1,0,0,14.71
27968,0,0,0,1,57.53
27969,0,0,1,0,105.43
27970,1,0,1,0,71.55
27971,0,0,0,0,0.0
27972,0,0,0,0,0.0
27973,0,0,0,0,73.96
27974,1,0,0,1,172.95
27975,0,0,0,0,0.0
27976,0,0,0,0,140.31
27977,0,0,0,0,136.34
27978,1,0,1,0,18.08
27979,0,0,0,0,56.68
27980,0,0,1,0,104.32
27981,0,1,1,0,146.23
27982,1,0,0,0,145.22
27983,0,0,1,0,174.45
27984,0,1,1,0,166.39
27985,1,1,1,0,106.31
27986,1,0,0,0,23.98
27987,0,0,1,0,120.04
27988,1,0,1,1,202.63
27989,0,0,0,0,46.22
27990,0,0,1,0,74.54
27991,0,0,1,0,69.79
27992,0,0,0,1,59.15
27993,0,0,0,1,133.75
27994,0,1,0,1,175.57
27995,1,0,0,0,91.18
27996,0,1,0,0,95.26
27997,0,0,0,0,0.0
27998,0,0,0,0,61.93
27999,1,1,1,0,113.03
28000,1,0,1,0,88.55
28001,0,1,0,0,0.0
28002,0,0,0,0,104.52
28003,0,0,0,0,24.88
28004,0,0,0,0,115.29
28005,0,0,1,0,131.2
28006,0,0,0,0,176.64
28007,0,0,0,0,16.96
28008,1,0,0,0,39.41
28009,0,0,0,0,0.0
28010,0,0,1,0,10.81
28011,1,0,0,0,26.67
28012,0,0,1,0,3.74
28013,0,0,0,0,37.61
28014,1,1,1,0,136.14
28015,1,1,1,0,49.75
28016,0,0,0,0,69.1
28017,0,0,0,0,82.28
28018,0,0,1,1,0.0
28019,1,1,1,0,14.14
28020,0,0,0,0,52.92
28021,0,0,0,0,115.37
28022,0,0,0,0,15.99
28023,0,0,0,1,118.06
28024,1,0,0,0,196.88
28025,1,0,1,1,130.92
28026,0,0,0,0,0.0
28027,1,0,0,0,104.27
28028,0,0,0,0,54.24
28029,0,0,0,0,26.89
28030,1,0,1,0,49.67
28031,0,0,0,0,23.59
28032,1,1,1,0,26.69
28033,0,1,1,0,57.61
28034,0,0,0,0,0.0
28035,0,0,0,0,34.98
28036,1,0,1,0,33.02
28037,0,0,0,0,36.32
28038,1,0,1,0,101.97
28039,0,0,0,0,63.96
28040,0,0,1,0,50.46
28041,0,1,0,0,9.71
28042,1,0,0,0,111.47
28043,1,0,1,0,162.27
28044,1,0,0,0,135.76
28045,0,0,0,0,94.1
28046,0,0,0,0,65.49
28047,1,1,1,0,105.86
28048,1,0,0,0,48.27
28049,1,0,1,0,84.81
28050,1,0,0,0,53.05
28051,1,0,1,0,60.6
28052,1,0,1,0,101.58
28053,1,1,1,1,36.46
28054,1,1,0,0,128.95
28055,1,0,0,0,0.0
28056,1,0,0,0,93.51
28057,0,0,0,0,0.0
28058,0,0,0,0,117.58
28059,0,0,1,0,41.47
28060,1,0,1,0,32.11
28061,1,1,1,0,63.87
28062,1,0,1,0,102.78
28063,0,0,0,0,17.9
28064,0,0,0,0,0.0
28065,1,0,0,0,154.39
28066,1,0,0,0,21.17
28067,1,0,1,0,215.31
28068,0,0,1,0,38.81
28069,1,1,1,0,82.59
28070,0,0,1,0,28.13
28071,0,0,0,0,5.03
28072,0,0,0,0,57.81
28073,1,1,1,0,52.81
28074,0,1,0,0,14.49
28075,1,0,1,0,86.41
28076,0,1,1,0,53.16
28077,0,1,1,0,148.5
28078,0,0,0,0,89.47
28079,0,0,0,0,67.44
28080,0,0,0,0,17.19
28081,1,0,1,0,7.75
28082,1,0,1,0,32.29
28083,1,0,0,0,119.31
28084,0,0,1,0,88.47
28085,0,0,0,0,7.94
28086,1,0,0,0,69.23
28087,1,1,1,0,69.63
28088,0,0,1,0,60.91
28089,0,0,1,0,20.87
28090,0,1,1,0,0.0
28091,1,1,0,0,78.99
28092,0,0,0,0,37.66
28093,1,0,0,0,0.0
28094,1,0,0,0,118.13
28095,1,0,0,0,99.99
28096,1,1,1,0,46.76
28097,1,0,1,0,52.23
28098,0,0,0,0,133.07
28099,0,0,0,0,0.0
28100,1,0,1,0,35.82
28101,0,0,0,0,32.55
28102,0,1,1,0,153.33
28103,0,0,0,0,69.98
28104,0,0,0,1,76.49
28105,1,0,0,0,12.33
28106,1,1,1,0,110.64
28107,0,1,0,0,40.12
28108,0,1,0,0,91.34
28109,0,0,1,1,33.32
28110,0,0,0,0,37.43
28111,0,0,0,0,57.06
28112,1,0,1,0,59.49
28113,0,0,1,0,90.48
28114,0,0,0,0,109.32
28115,0,0,1,0,71.96
28116,1,1,1,0,93.05
28117,0,0,0,0,48.48
28118,1,1,0,0,80.83
28119,0,0,0,0,82.81
28120,0,0,0,0,22.88
28121,1,0,1,0,143.83
28122,0,0,0,1,215.17
28123,0,0,0,0,128.05
28124,0,0,0,0,35.52
28125,0,1,0,1,216.61
28126,1,1,1,0,135.89
28127,0,0,0,0,158.59
28128,1,0,0,0,57.87
28129,1,0,0,0,5.85
28130,1,0,0,0,97.32
28131,0,1,0,0,107.12
28132,1,0,1,0,104.51
28133,0,1,1,0,33.21
28134,0,0,0,0,15.36
28135,1,0,1,1,5.44
28136,0,0,0,0,83.19
28137,1,1,1,0,33.68
28138,0,0,0,0,108.91
28139,0,0,0,0,70.51
28140,0,0,0,0,46.5
28141,1,0,0,0,81.41
28142,1,0,0,0,127.94
28143,0,0,0,0,0.0
28144,1,1,1,0,132.81
28145,0,0,0,0,0.0
28146,1,1,1,0,174.88
28147,1,0,0,0,131.55
28148,0,0,1,0,85.44
28149,0,0,0,0,132.69
28150,0,0,0,0,0.0
28151,0,0,0,0,0.0
28152,0,0,0,0,0.0
28153,0,0,0,1,33.39
28154,0,1,0,0,0.0
28155,1,1,1,0,55.36
28156,0,0,0,0,21.31
28157,1,0,0,0,145.79
28158,1,1,1,0,74.18
28159,1,0,1,0,0.0
28160,1,0,0,0,124.1
28161,1,0,0,0,53.48
28162,1,1,0,0,45.51
28163,0,0,0,0,0.0
28164,0,0,0,0,149.72
28165,0,1,0,0,0.0
28166,0,0,0,0,64.9
28167,0,0,0,0,46.43
28168,0,0,0,0,5.23
28169,0,0,0,0,84.48
28170,1,0,1,0,159.43
28171,1,1,0,0,227.72
28172,0,1,1,0,16.46
28173,1,0,1,0,44.1
28174,0,0,0,0,1.44
28175,0,1,0,1,123.74
28176,0,1,0,0,191.95
28177,0,1,1,0,202.72
28178,1,0,0,0,31.87
28179,1,0,0,0,0.0
28180,0,0,0,0,75.06
28181,0,0,0,0,0.0
28182,0,0,0,0,36.13
28183,0,0,0,0,125.41
28184,0,0,0,0,52.47
28185,0,0,0,0,24.16
28186,0,0,0,0,84.37
28187,0,0,0,0,62.08
28188,0,0,0,0,81.64
28189,0,1,1,0,55.31
28190,1,0,0,0,64.56
28191,0,0,0,0,0.0
28192,1,0,1,0,41.76
28193,0,0,0,1,0.0
28194,0,0,1,0,44.86
28195,0,0,0,0,32.8
28196,0,0,0,0,11.04
28197,0,0,1,0,25.93
28198,1,0,0,1,116.26
28199,1,0,0,0,153.94
28200,0,0,0,0,60.41
28201,1,1,0,0,110.37
28202,1,0,0,0,69.58
28203,0,0,0,0,94.2
28204,1,1,0,0,39.73
28205,0,0,0,0,66.81
28206,0,1,0,0,69.52
28207,1,1,1,0,39.73
28208,0,0,0,0,122.92
28209,1,1,1,0,59.07
28210,1,1,0,0,106.21
28211,0,1,1,0,137.09
28212,0,0,1,0,11.44
28213,0,0,0,0,0.0
28214,1,1,0,0,156.93
28215,0,0,0,0,102.33
28216,0,0,0,0,6.29
28217,1,0,0,0,201.18
28218,1,0,0,0,133.35
28219,0,0,0,0,72.95
28220,0,0,0,0,0.0
28221,1,0,1,1,74.58
28222,0,0,0,0,32.93
28223,1,1,1,0,31.1
28224,0,0,1,0,53.73
28225,0,0,0,1,113.64
28226,0,0,1,0,0.0
28227,0,0,0,0,27.43
28228,1,1,1,0,129.89
28229,0,0,0,0,92.8
28230,1,0,0,0,100.4
28231,0,0,0,1,35.02
28232,0,0,0,1,70.05
28233,0,0,0,0,165.54
28234,0,0,0,0,55.13
28235,1,0,1,0,107.21
28236,0,1,1,0,31.08
28237,0,0,1,0,75.29
28238,0,0,0,0,6.28
28239,0,0,0,0,57.76
28240,0,0,1,0,156.58
28241,1,1,0,0,137.49
28242,0,0,0,0,9.98
28243,0,0,0,0,0.0
28244,1,0,1,0,101.59
28245,0,0,0,0,173.28
28246,0,0,0,0,0.0
28247,0,0,0,0,229.53
28248,1,0,1,0,27.75
28249,0,0,0,0,128.7
28250,1,1,1,0,104.95
28251,0,0,1,0,31.97
28252,0,1,0,0,140.42
28253,1,0,1,0,189.95
28254,0,0,0,0,61.5
28255,0,0,1,1,44.53
28256,0,0,0,1,105.8
28257,1,1,1,0,154.9
28258,0,0,0,0,103.92
28259,0,0,1,0,163.08
28260,1,0,1,0,0.0
28261,1,0,1,0,107.3
28262,1,0,1,0,19.49
28263,0,1,0,0,26.3
28264,1,0,1,0,125.98
28265,0,0,0,0,67.36
28266,0,0,0,0,8.25
28267,1,0,1,0,39.75
28268,1,0,0,0,6.02
28269,0,1,1,0,73.02
28270,1,0,0,0,58.77
28271,1,0,1,1,175.53
28272,0,1,1,0,192.07
28273,1,0,1,0,76.14
28274,0,0,0,0,0.0
28275,0,0,0,0,100.03
28276,0,0,0,0,34.4
28277,1,0,1,0,139.54
28278,1,0,0,0,32.76
28279,1,0,0,0,50.03
28280,0,0,0,0,69.0
28281,0,0,0,0,0.0
28282,1,0,0,0,29.9
28283,0,0,1,0,128.7
28284,1,0,0,0,111.31
28285,0,0,1,0,67.91
28286,1,0,0,0,0.0
28287,1,0,1,1,0.0
28288,1,0,1,0,2.94
28289,0,0,0,0,124.28
28290,1,0,0,0,103.42
28291,1,1,0,0,34.99
28292,1,0,0,0,61.73
28293,0,0,1,0,82.39
28294,0,0,0,0,77.46
28295,1,0,1,0,91.35
28296,0,0,0,0,0.0
28297,0,0,1,0,63.29
28298,1,0,1,0,32.12
28299,1,1,1,0,10.08
28300,1,0,0,0,102.23
28301,0,0,0,1,81.28
28302,0,0,0,0,39.32
28303,0,0,0,0,129.11
28304,0,0,1,1,110.45
28305,0,0,1,0,12.76
28306,0,1,1,0,104.87
28307,1,0,1,0,95.47
28308,1,0,0,1,0.0
28309,1,1,0,0,29.76
28310,0,1,1,0,38.1
28311,0,0,1,0,0.0
28312,1,0,1,0,0.0
28313,0,0,0,0,95.66
28314,0,0,1,0,8.93
28315,0,1,1,0,83.16
28316,1,1,1,0,198.49
28317,1,0,0,0,73.78
28318,0,0,0,1,0.0
28319,0,0,1,0,67.33
28320,0,0,1,0,168.04
28321,0,1,1,0,96.16
28322,0,1,1,0,102.22
28323,1,1,1,0,89.34
28324,1,0,0,0,36.78
28325,1,0,1,0,72.34
28326,1,0,0,0,186.68
28327,1,0,0,0,0.0
28328,0,0,0,0,11.49
28329,0,1,0,0,63.31
28330,0,0,0,0,88.77
28331,0,0,0,0,143.56
28332,0,0,0,0,84.74
28333,1,1,1,0,78.39
28334,0,0,0,0,133.79
28335,1,0,0,0,66.32
28336,0,0,0,1,20.81
28337,1,0,1,1,68.39
28338,1,1,1,0,209.2
28339,0,1,0,0,0.0
28340,1,0,0,0,0.0
28341,1,1,1,0,23.71
28342,1,0,1,1,93.77
28343,1,1,0,0,48.48
28344,0,1,1,0,39.61
28345,0,0,0,0,75.53
28346,0,1,0,0,53.1
28347,1,1,1,0,192.39
28348,0,0,1,0,37.55
28349,1,1,1,1,228.39
28350,1,0,1,0,111.1
28351,0,0,0,0,0.0
28352,1,1,1,0,93.79
28353,0,0,0,0,29.48
28354,0,0,0,0,0.0
28355,0,0,1,0,68.71
28356,0,0,0,0,111.79
28357,0,0,1,0,82.34
28358,0,1,1,0,48.03
28359,1,0,0,0,37.12
28360,0,0,0,0,63.41
28361,1,0,0,0,20.52
28362,1,1,1,0,88.61
28363,0,1,0,0,111.31
28364,0,0,0,0,110.15
28365,0,0,1,0,68.07
28366,0,1,0,0,35.18
28367,1,1,0,1,122.82
28368,0,0,0,0,128.85
28369,0,0,1,0,112.78
28370,0,0,0,1,27.41
28371,0,0,0,1,20.2
28372,1,0,1,0,89.68
28373,0,0,0,0,0.58
28374,1,1,0,0,95.09
28375,0,0,0,0,68.54
28376,0,1,0,0,9.69
28377,0,0,0,0,59.05
28378,1,0,0,0,106.47
28379,0,0,0,0,108.68
28380,0,0,0,1,33.62
28381,1,0,0,0,33.68
28382,1,1,1,0,83.55
28383,1,0,0,0,111.08
28384,0,1,0,0,87.36
28385,0,0,0,0,0.0
28386,0,0,1,0,152.63
28387,0,0,0,0,8.16
28388,0,0,0,1,14.19
28389,0,0,0,0,75.48
28390,0,0,0,0,73.52
28391,0,0,0,0,31.04
28392,0,0,0,0,84.54
28393,0,0,0,0,71.76
28394,1,0,1,0,14.58
28395,0,1,0,0,46.32
28396,1,0,0,0,84.09
28397,1,1,1,0,124.24
28398,1,0,0,0,15.36
28399,1,0,0,0,0.0
28400,0,1,0,0,131.13
28401,1,1,1,0,128.51
28402,0,0,0,1,156.27
28403,0,0,0,0,50.16
28404,0,0,1,0,198.82
28405,0,0,0,0,59.82
28406,1,0,1,0,227.17
28407,1,0,0,0,47.59
28408,1,0,0,0,0.0
28409,1,0,1,0,52.62
28410,0,1,0,0,18.39
28411,0,0,0,0,7.93
28412,0,0,0,0,124.36
28413,0,0,0,0,60.33
28414,0,0,0,0,88.79
28415,1,0,0,0,17.56
28416,0,1,1,1,81.57
28417,1,1,1,0,57.58
28418,0,0,1,0,0.0
28419,0,0,0,0,0.0
28420,1,0,1,0,157.63
28421,0,0,1,0,5.5
28422,0,0,1,0,95.15
28423,0,0,0,0,54.92
28424,0,0,0,0,0.0
28425,1,0,1,1,71.18
28426,0,0,0,0,25.45
28427,0,0,1,1,96.95
28428,0,0,0,1,117.34
28429,1,0,1,0,71.54
28430,0,1,1,0,87.37
28431,0,1,1,0,136.51
28432,0,0,0,0,77.31
28433,0,1,1,0,89.94
28434,0,0,0,0,136.65
28435,0,0,0,0,72.0
28436,0,1,1,0,98.42
28437,1,0,1,0,163.95
28438,0,0,0,0,75.33
28439,0,0,1,0,47.19
28440,0,0,0,0,94.45
28441,0,0,0,0,110.93
28442,0,1,0,1,151.13
28443,1,1,1,0,110.36
28444,1,0,1,0,125.81
28445,1,0,0,0,0.0
28446,0,0,1,1,0.0
28447,0,0,1,0,98.99
28448,0,0,0,0,74.59
28449,1,0,1,0,139.4
28450,0,1,0,0,35.03
28451,1,0,1,0,157.33
28452,0,0,1,0,7.18
28453,0,0,0,0,41.25
28454,1,0,1,0,12.33
28455,1,0,1,0,131.82
28456,0,0,1,0,59.8
28457,0,0,1,0,150.9
28458,1,0,0,0,25.79
28459,1,0,1,0,1.42
28460,1,0,1,0,8.28
28461,0,0,0,0,24.08
28462,0,0,0,0,147.4
28463,1,0,0,0,0.0
28464,0,0,1,0,63.72
28465,0,0,1,1,81.64
28466,0,0,0,0,65.14
28467,0,0,0,0,41.8
28468,0,1,1,0,8.02
28469,1,0,0,1,109.44
28470,0,0,0,0,0.0
28471,0,1,1,0,38.43
28472,1,0,1,0,69.22
28473,0,0,0,0,34.28
28474,0,0,0,0,88.06
28475,1,0,1,1,0.0
28476,1,0,1,1,38.8
28477,0,0,0,0,0.0
28478,0,0,1,0,30.49
28479,1,0,0,0,92.21
28480,0,0,0,0,119.55
28481,0,1,1,0,17.26
28482,0,0,1,0,66.5
28483,0,0,0,0,10.56
28484,0,0,0,0,152.83
28485,1,1,1,0,140.06
28486,0,1,0,0,81.41
28487,0,0,1,0,85.11
28488,1,0,1,0,10.29
28489,0,0,0,0,146.81
28490,0,1,0,0,44.61
28491,1,0,1,0,163.98
28492,1,0,0,0,71.88
28493,1,0,0,0,42.02
28494,1,1,1,0,144.05
28495,0,1,0,0,64.43
28496,0,0,0,0,229.17
28497,0,0,0,0,32.99
28498,0,0,0,1,7.93
28499,1,1,1,0,133.02
28500,0,0,0,0,121.8
28501,0,0,0,0,24.02
28502,1,1,1,0,0.0
28503,0,0,0,0,6.54
28504,0,0,0,0,113.56
28505,1,0,0,0,117.76
28506,0,0,1,0,103.68
28507,0,0,1,0,70.54
28508,1,0,1,0,141.85
28509,0,0,0,0,0.0
28510,0,0,0,0,6.39
28511,0,0,0,0,83.6
28512,1,1,0,0,153.57
28513,1,0,0,0,0.0
28514,1,0,1,0,44.64
28515,0,0,1,0,0.0
28516,1,0,0,0,0.0
28517,1,0,0,0,0.0
28518,1,0,0,0,61.71
28519,1,0,0,1,145.85
28520,1,0,1,0,145.58
28521,0,1,1,0,170.16
28522,0,1,0,0,55.45
28523,1,0,1,0,55.86
28524,0,0,0,0,89.99
28525,1,0,1,0,102.47
28526,1,1,0,0,55.77
28527,1,0,0,0,60.09
28528,0,0,0,0,68.67
28529,0,0,0,0,25.09
28530,0,0,1,1,0.0
28531,0,0,0,0,111.41
28532,0,1,0,0,100.61
28533,0,0,0,0,97.52
28534,0,1,1,0,154.49
28535,1,0,0,0,67.78
28536,1,1,1,0,0.0
28537,0,0,0,0,55.02
28538,0,0,0,0,132.28
28539,0,0,1,0,133.63
28540,1,0,0,0,87.39
28541,0,0,1,0,131.78
28542,1,0,1,1,55.7
28543,0,0,0,0,94.68
28544,0,0,0,0,113.71
28545,0,0,1,0,55.39
28546,0,0,0,0,10.19
28547,0,0,0,0,94.53
28548,1,1,1,0,84.83
28549,0,1,1,0,16.52
28550,0,1,0,0,33.44
28551,1,0,0,0,88.23
28552,1,1,0,0,62.3
28553,0,0,0,0,44.89
28554,0,1,1,0,98.21
28555,0,0,0,0,0.0
28556,1,0,1,0,39.13
28557,0,0,0,0,117.33
28558,0,0,0,0,0.0
28559,1,0,0,0,99.69
28560,0,0,0,0,87.8
28561,0,0,0,0,0.0
28562,0,0,0,0,30.71
28563,0,0,0,0,140.5
28564,1,1,1,1,76.98
28565,0,0,1,0,70.02
28566,0,0,1,0,150.99
28567,0,0,0,0,82.32
28568,0,0,1,0,182.58
28569,1,1,1,1,101.32
28570,0,0,1,0,85.54
28571,1,0,0,0,27.68
28572,1,0,0,0,1.53
28573,1,1,1,0,166.94
28574,1,1,1,0,71.03
28575,0,0,1,0,178.66
28576,1,0,0,0,59.6
28577,0,0,0,0,17.17
28578,0,0,0,0,0.0
28579,1,0,1,0,104.36
28580,1,0,1,0,59.12
28581,0,0,1,0,0.0
28582,0,0,1,0,0.0
28583,0,0,0,1,55.94
28584,0,0,1,0,140.51
28585,0,1,1,0,158.46
28586,1,1,1,0,55.27
28587,0,0,0,0,0.0
28588,0,0,0,0,52.77
28589,0,1,1,0,79.34
28590,1,0,0,0,0.0
28591,1,0,0,0,45.1
28592,0,0,0,1,0.0
28593,0,1,0,0,134.33
28594,0,0,1,0,141.92
28595,0,0,1,0,15.17
28596,1,0,0,0,0.0
28597,0,0,1,1,54.16
28598,0,0,0,0,84.01
28599,0,0,0,0,60.1
28600,0,0,0,0,51.74
28601,1,1,1,0,126.57
28602,0,0,1,0,10.33
28603,0,0,0,0,47.38
28604,0,0,1,0,3.46
28605,1,0,1,0,71.98
28606,0,0,0,0,29.89
28607,0,0,0,0,39.35
28608,1,0,0,0,5.07
28609,1,1,1,1,71.53
28610,1,1,1,0,307.69
28611,0,1,1,0,48.58
28612,0,0,1,0,123.39
28613,0,0,0,0,37.41
28614,1,0,1,0,59.53
28615,1,0,0,0,121.96
28616,1,0,1,0,132.77
28617,0,0,0,0,27.9
28618,0,0,0,0,4.12
28619,0,0,0,1,69.01
28620,0,0,0,0,0.0
28621,0,0,0,0,70.89
28622,1,0,1,1,75.5
28623,0,0,1,0,32.7
28624,0,1,1,0,92.63
28625,0,0,0,0,157.07
28626,0,0,0,0,112.58
28627,0,1,1,0,81.62
28628,0,0,0,1,21.11
28629,0,0,1,0,115.37
28630,0,1,0,0,36.47
28631,0,0,0,0,16.68
28632,1,0,1,1,0.0
28633,0,0,1,0,1.4
28634,1,0,1,0,152.77
28635,0,0,0,0,66.34
28636,0,0,0,0,173.86
28637,0,1,1,1,9.33
28638,1,1,1,0,51.09
28639,0,0,0,0,0.0
28640,0,0,0,0,29.98
28641,1,0,1,0,40.77
28642,0,1,0,0,8.23
28643,0,0,0,0,64.09
28644,1,0,0,0,0.0
28645,1,1,1,0,143.76
28646,1,0,0,0,0.0
28647,0,1,0,1,0.0
28648,0,0,0,0,89.29
28649,0,1,0,0,33.06
28650,0,0,0,0,0.0
28651,1,0,1,1,44.35
28652,0,0,0,0,40.17
28653,0,0,0,0,126.28
28654,1,0,1,0,129.35
28655,0,1,1,1,85.15
28656,0,0,0,1,31.98
28657,0,0,0,0,143.28
28658,0,0,0,0,72.22
28659,0,1,0,0,2.8
28660,0,0,1,0,70.42
28661,0,0,0,0,32.37
28662,0,0,0,0,79.97
28663,1,0,1,0,133.29
28664,1,0,0,0,159.06
28665,0,0,0,0,44.87
28666,1,0,1,0,186.26
28667,0,0,0,0,188.15
28668,0,0,0,0,130.23
28669,0,0,0,0,172.99
28670,1,1,0,0,180.56
28671,0,0,0,1,77.72
28672,0,0,0,0,35.77
28673,0,0,0,0,169.88
28674,1,0,0,0,0.0
28675,0,1,0,0,13.92
28676,1,1,1,0,159.28
28677,0,0,0,0,0.0
28678,1,0,0,0,51.67
28679,0,0,1,0,143.17
28680,1,0,1,0,118.16
28681,1,0,0,0,167.71
28682,0,1,0,0,9.88
28683,1,0,1,0,12.06
28684,0,0,0,0,64.95
28685,1,1,0,0,82.33
28686,0,0,0,0,80.02
28687,1,1,1,0,173.43
28688,0,1,0,0,48.43
28689,0,0,0,0,52.84
28690,0,0,0,1,105.97
28691,0,0,0,1,0.0
28692,0,0,1,0,29.85
28693,0,0,0,0,131.99
28694,1,0,0,0,0.0
28695,0,0,0,0,64.52
28696,1,0,0,0,205.72
28697,1,0,1,0,30.09
28698,0,1,0,0,32.12
28699,1,0,1,0,180.03
28700,0,0,0,0,87.36
28701,0,0,0,0,18.39
28702,1,0,0,0,180.26
28703,0,0,1,0,0.0
28704,0,0,1,0,77.12
28705,0,0,0,0,137.95
28706,0,0,1,0,46.56
28707,1,0,1,0,13.19
28708,1,0,0,0,91.03
28709,0,0,1,0,145.72
28710,0,0,1,0,107.11
28711,1,0,1,0,15.07
28712,0,0,0,0,163.76
28713,1,0,1,0,48.98
28714,1,1,1,0,70.31
28715,1,0,1,0,0.0
28716,1,0,0,0,50.37
28717,1,1,1,0,84.65
28718,1,0,1,0,47.2
28719,0,0,0,0,85.0
28720,0,0,0,0,15.27
28721,1,0,1,0,145.41
28722,0,0,0,0,0.0
28723,0,0,0,0,77.62
28724,0,0,0,0,0.0
28725,1,1,1,0,131.55
28726,1,1,1,0,60.13
28727,0,1,1,0,12.88
28728,0,0,1,0,55.36
28729,1,1,1,0,98.84
28730,0,0,0,0,9.22
28731,1,0,0,0,5.43
28732,1,1,1,0,34.81
28733,0,1,1,0,0.0
28734,0,0,0,0,38.05
28735,1,1,1,0,99.15
28736,1,0,0,0,65.58
28737,0,1,1,0,90.8
28738,0,0,0,1,43.34
28739,0,0,0,0,49.01
28740,1,0,1,0,77.16
28741,1,1,1,1,0.0
28742,0,0,0,0,0.0
28743,0,0,0,0,32.44
28744,0,1,1,0,0.0
28745,0,0,0,0,57.52
28746,0,0,0,0,0.0
28747,1,1,1,0,45.99
28748,0,0,0,0,33.23
28749,1,0,1,0,135.18
28750,1,0,1,0,0.0
28751,0,1,0,0,84.79
28752,1,0,1,0,92.42
28753,1,1,1,0,80.81
28754,1,1,1,1,58.53
28755,0,0,1,1,82.12
28756,0,0,0,0,34.44
28757,1,1,1,0,226.59
28758,0,0,1,1,114.77
28759,0,0,0,0,103.37
28760,1,1,1,0,86.86
28761,0,0,1,0,72.45
28762,1,1,0,0,85.2
28763,0,0,0,0,37.76
28764,1,1,0,0,54.29
28765,1,0,0,0,114.87
28766,1,0,0,0,76.96
28767,0,0,0,0,21.73
28768,0,0,0,0,79.79
28769,1,0,0,0,45.47
28770,1,1,0,0,35.59
28771,0,0,0,0,97.05
28772,1,0,1,0,66.68
28773,0,0,0,0,45.51
28774,0,0,0,0,76.23
28775,0,1,1,0,114.01
28776,0,1,0,0,187.66
28777,1,0,0,0,0.0
28778,1,0,0,0,130.82
28779,1,0,0,0,27.17
28780,0,0,1,0,0.0
28781,1,1,1,0,127.67
28782,0,0,0,0,80.26
28783,1,1,1,0,18.75
28784,0,0,0,0,16.9
28785,0,1,1,0,16.57
28786,0,1,0,0,76.32
28787,1,1,1,0,168.91
28788,0,0,0,0,44.88
28789,1,1,0,0,73.27
28790,1,1,1,1,56.06
28791,0,0,0,0,220.58
28792,1,1,1,0,83.0
28793,1,0,1,0,161.97
28794,0,0,1,0,0.0
28795,0,0,1,0,139.55
28796,0,0,0,0,131.65
28797,0,0,0,0,72.72
28798,0,0,0,0,47.73
28799,0,0,0,0,42.13
28800,0,0,1,0,56.91
28801,1,0,1,1,150.16
28802,1,0,0,1,0.0
28803,1,0,0,0,0.0
28804,1,1,1,0,61.43
28805,0,1,0,0,106.07
28806,1,1,1,0,44.64
28807,0,0,0,0,46.96
28808,0,0,0,0,140.91
28809,0,0,0,0,12.24
28810,1,0,0,0,58.44
28811,1,0,0,0,175.5
28812,1,0,1,0,98.51
28813,1,0,1,0,26.42
28814,0,0,0,0,84.69
28815,0,0,1,0,55.72
28816,1,1,0,0,148.38
28817,0,0,1,0,0.0
28818,0,0,0,0,0.0
28819,0,0,0,0,47.53
28820,0,0,1,0,15.82
28821,1,0,1,0,81.42
28822,0,0,1,0,73.52
28823,0,0,1,0,74.4
28824,0,0,0,0,17.51
28825,1,0,1,1,45.37
28826,0,1,0,0,0.0
28827,1,0,1,0,13.41
28828,1,1,1,0,57.52
28829,1,0,1,0,64.86
28830,1,0,0,0,0.0
28831,0,0,0,1,51.64
28832,0,0,0,0,0.0
28833,0,1,0,0,110.21
28834,0,0,1,0,134.84
28835,0,0,1,0,22.0
28836,0,0,1,0,114.48
28837,1,0,0,0,0.0
28838,0,0,0,0,30.37
28839,0,0,0,1,169.13
28840,0,0,0,0,130.14
28841,0,0,0,0,79.18
28842,1,0,0,0,178.7
28843,0,0,0,0,62.87
28844,1,0,1,0,62.36
28845,0,0,0,0,105.29
28846,1,1,1,0,145.61
28847,0,1,0,0,83.02
28848,1,0,1,0,20.79
28849,0,0,0,0,54.55
28850,0,0,1,0,166.11
28851,1,0,1,0,224.18
28852,0,0,0,0,61.4
28853,0,1,0,0,0.0
28854,1,0,1,0,78.89
28855,1,1,1,0,13.47
28856,1,0,0,0,150.75
28857,0,0,0,0,0.0
28858,0,1,1,0,89.39
28859,0,0,0,1,0.0
28860,1,0,1,0,0.0
28861,0,0,0,0,144.38
28862,1,0,0,0,59.96
28863,1,1,1,0,94.2
28864,0,1,0,0,56.32
28865,0,0,0,0,117.16
28866,0,0,0,1,0.0
28867,0,0,1,1,71.21
28868,1,1,1,0,87.88
28869,1,0,1,0,88.06
28870,1,0,0,1,63.18
28871,0,0,0,0,139.45
28872,0,0,0,1,78.16
28873,1,0,0,0,22.87
28874,0,0,0,0,16.34
28875,0,1,1,0,222.0
28876,0,0,0,0,4.44
28877,1,0,0,0,55.03
28878,0,1,0,0,97.52
28879,1,0,0,0,42.0
28880,1,1,0,0,92.42
28881,0,1,0,0,38.2
28882,1,1,1,0,0.0
28883,0,0,1,0,64.15
28884,0,0,1,0,153.54
28885,1,1,1,0,114.55
28886,0,1,0,0,147.63
28887,0,0,0,0,0.0
28888,1,0,0,0,122.6
28889,0,0,0,0,71.93
28890,0,0,0,1,46.06
28891,0,1,0,1,0.0
28892,1,1,1,0,21.4
28893,0,0,0,0,41.2
28894,0,0,0,0,0.0
28895,0,0,1,0,85.2
28896,0,0,0,0,0.0
28897,1,0,0,0,155.23
28898,0,0,0,0,121.33
28899,0,0,1,1,102.52
28900,0,0,0,1,58.39
28901,1,1,1,0,28.75
28902,1,1,0,0,41.59
28903,1,1,1,0,51.94
28904,0,0,0,0,123.55
28905,0,0,0,0,78.67
28906,1,0,1,0,120.02
28907,0,0,0,0,29.37
28908,1,1,1,0,119.98
28909,0,0,1,0,22.5
28910,1,1,1,0,0.0
28911,1,0,1,0,70.21
28912,0,0,0,0,20.46
28913,0,0,0,0,39.96
28914,1,1,1,0,170.14
28915,1,1,1,0,102.1
28916,0,1,0,1,70.4
28917,0,0,0,1,77.14
28918,1,1,1,0,121.79
28919,0,0,1,0,76.95
28920,1,0,1,0,0.0
28921,1,0,1,0,60.0
28922,1,0,0,0,7.21
28923,0,0,1,0,112.66
28924,1,0,1,0,78.59
28925,0,0,0,0,18.23
28926,0,0,0,0,93.48
28927,0,0,0,0,0.0
28928,0,1,1,0,0.0
28929,0,0,0,0,14.41
28930,0,0,0,0,40.14
28931,1,0,0,0,69.46
28932,0,0,0,0,0.0
28933,0,0,0,0,0.0
28934,0,0,0,0,0.0
28935,1,0,0,0,16.57
28936,1,0,0,1,36.75
28937,0,0,0,0,0.0
28938,1,1,1,1,119.76
28939,1,0,1,0,44.31
28940,1,0,0,0,10.03
28941,0,0,0,0,62.32
28942,1,1,0,0,0.0
28943,1,0,0,1,30.75
28944,0,0,0,0,60.43
28945,0,0,0,0,15.78
28946,0,0,0,0,26.47
28947,0,0,0,0,19.54
28948,1,0,1,0,74.7
28949,0,0,1,0,40.49
28950,0,0,1,0,129.34
28951,0,0,0,0,45.19
28952,0,0,0,1,14.83
28953,1,0,1,0,46.1
28954,1,0,1,0,59.53
28955,1,0,1,0,76.6
28956,0,0,0,0,61.68
28957,1,0,0,0,0.0
28958,0,0,0,0,57.68
28959,1,0,1,0,76.72
28960,0,0,0,0,94.64
28961,1,0,0,0,20.28
28962,0,0,0,0,94.65
28963,1,0,0,0,142.01
28964,0,0,0,0,64.71
28965,0,0,0,0,40.41
28966,1,0,1,0,43.36
28967,0,0,0,0,56.12
28968,0,1,0,0,113.12
28969,0,1,0,0,29.94
28970,1,0,1,0,159.7
28971,1,0,1,1,74.62
28972,0,0,1,0,108.65
28973,0,0,0,0,43.2
28974,0,0,1,0,74.69
28975,1,0,1,0,52.62
28976,0,0,0,0,13.61
28977,0,0,1,0,110.85
28978,0,0,1,0,65.87
28979,0,1,1,0,227.93
28980,0,0,1,0,131.57
28981,0,0,0,0,74.17
28982,0,0,1,0,46.91
28983,1,0,0,0,69.5
28984,1,0,1,0,5.79
28985,0,0,1,0,82.53
28986,0,0,0,0,45.02
28987,1,1,1,0,208.93
28988,1,0,1,0,80.51
28989,0,0,0,0,75.71
28990,1,0,1,0,154.64
28991,0,1,0,0,55.68
28992,0,1,1,0,0.0
28993,0,0,1,0,124.05
28994,1,0,0,0,66.86
28995,0,0,0,0,9.98
28996,1,0,1,0,85.33
28997,1,0,1,0,52.9
28998,0,0,0,0,41.29
28999,0,0,1,0,0.0
29000,0,0,1,0,120.65
29001,1,0,1,0,147.15
29002,1,0,0,0,29.62
29003,1,0,1,0,148.13
29004,1,0,1,0,99.01
29005,1,1,1,0,74.41
29006,0,0,0,0,0.0
29007,0,0,0,0,25.76
29008,1,0,0,0,70.9
29009,0,0,0,0,0.0
29010,0,1,1,0,22.18
29011,1,1,0,0,64.8
29012,0,0,0,0,8.87
29013,1,0,1,0,174.49
29014,0,0,0,0,174.96
29015,1,0,1,0,91.06
29016,0,1,1,0,119.21
29017,0,0,1,0,77.25
29018,0,1,1,0,0.0
29019,0,0,0,0,84.28
29020,0,0,1,0,111.93
29021,0,1,0,0,22.18
29022,1,1,1,0,9.25
29023,0,0,0,0,0.0
29024,1,0,1,0,0.0
29025,0,0,0,0,3.33
29026,1,0,1,0,16.01
29027,1,1,1,0,198.52
29028,1,1,0,0,0.0
29029,0,0,0,0,94.12
29030,0,0,0,0,73.43
29031,0,0,0,0,64.47
29032,1,0,1,0,178.73
29033,0,0,0,0,189.86
29034,0,0,0,0,21.63
29035,1,0,1,0,23.86
29036,0,0,1,0,50.18
29037,0,0,1,0,73.85
29038,1,0,0,0,76.84
29039,0,0,0,0,0.0
29040,0,0,0,0,157.68
29041,0,0,0,0,31.64
29042,1,1,0,0,91.76
29043,0,1,1,0,83.93
29044,1,0,0,0,86.32
29045,1,0,0,1,27.29
29046,0,0,1,0,0.0
29047,0,0,0,0,36.29
29048,1,1,0,0,57.9
29049,1,1,0,1,94.26
29050,1,0,0,0,0.0
29051,0,0,0,1,5.56
29052,0,0,1,0,14.75
29053,1,1,1,0,160.83
29054,1,1,1,1,176.31
29055,0,1,0,0,17.31
29056,0,1,0,0,56.41
29057,0,0,1,0,0.0
29058,0,0,0,0,92.16
29059,1,0,0,0,168.41
29060,0,0,0,0,13.09
29061,1,0,0,0,85.23
29062,1,0,0,0,0.0
29063,0,0,0,0,35.19
29064,1,1,1,0,101.7
29065,0,0,0,0,13.12
29066,0,0,0,0,130.03
29067,1,1,0,0,32.51
29068,0,0,0,0,0.0
29069,0,0,0,0,89.79
29070,0,0,0,0,77.13
29071,0,1,0,0,82.72
29072,0,1,1,0,137.05
29073,1,1,1,0,27.14
29074,0,0,0,0,69.02
29075,0,0,0,1,48.01
29076,0,0,0,0,25.34
29077,0,1,1,0,111.31
29078,0,0,1,0,80.61
29079,0,0,1,0,10.07
29080,0,1,0,0,110.46
29081,1,1,0,0,115.22
29082,0,0,1,0,11.32
29083,0,0,1,0,57.39
29084,0,0,0,0,82.41
29085,0,0,1,0,173.66
29086,0,0,0,0,25.57
29087,1,0,0,0,162.91
29088,1,0,0,0,72.34
29089,0,1,0,0,5.2
29090,0,0,1,0,0.0
29091,1,0,0,1,0.0
29092,0,1,1,0,151.67
29093,0,0,0,0,164.21
29094,0,0,0,0,45.26
29095,0,0,0,0,87.18
29096,0,0,0,0,33.51
29097,0,1,1,0,93.91
29098,0,0,0,0,31.58
29099,0,0,1,0,84.0
29100,0,1,1,0,89.21
29101,0,0,1,1,0.0
29102,0,0,1,0,43.15
29103,1,0,0,0,0.9
29104,0,0,0,0,119.47
29105,0,0,0,0,23.35
29106,0,0,0,0,0.0
29107,0,0,0,0,0.0
29108,0,0,0,0,34.78
29109,1,0,1,0,93.63
29110,0,1,0,0,130.06
29111,0,0,1,0,30.03
29112,1,0,1,0,0.0
29113,0,0,0,0,174.44
29114,0,0,0,0,76.55
29115,1,0,1,0,92.4
29116,1,1,1,0,32.37
29117,0,0,0,0,2.75
29118,0,0,0,0,120.88
29119,0,0,0,0,155.84
29120,0,1,0,0,58.2
29121,0,1,1,0,101.38
29122,0,0,0,0,68.51
29123,0,1,0,0,11.07
29124,1,0,0,0,110.58
29125,0,0,0,0,48.95
29126,0,0,0,0,59.59
29127,0,0,0,0,61.3
29128,1,0,1,0,65.54
29129,1,1,1,0,58.94
29130,1,0,1,0,101.15
29131,1,0,1,0,99.92
29132,0,0,0,0,60.72
29133,0,0,0,0,0.0
29134,1,0,0,1,74.45
29135,0,1,0,0,70.06
29136,0,0,1,0,119.63
29137,0,0,0,0,63.35
29138,1,0,1,0,0.0
29139,0,0,0,0,0.0
29140,0,1,0,0,30.4
29141,0,0,0,0,5.01
29142,0,0,0,0,43.19
29143,1,1,1,0,90.7
29144,0,0,0,0,64.73
29145,1,0,0,1,28.13
29146,0,0,1,0,30.72
29147,0,0,0,0,106.89
29148,1,0,1,0,238.31
29149,1,0,0,0,19.24
29150,1,0,1,0,85.52
29151,1,0,1,0,76.53
29152,0,1,1,0,0.0
29153,1,0,1,0,79.82
29154,0,1,1,1,39.66
29155,0,1,1,1,14.43
29156,1,1,1,0,112.77
29157,1,1,1,0,136.7
29158,1,0,1,0,142.71
29159,1,0,1,0,208.77
29160,0,1,0,0,74.61
29161,0,1,1,0,69.59
29162,1,0,1,0,0.0
29163,1,0,1,0,86.83
29164,0,0,1,0,53.75
29165,0,0,0,0,9.85
29166,0,0,0,0,86.77
29167,1,0,0,0,92.2
29168,1,0,1,0,141.0
29169,0,0,0,0,43.64
29170,0,0,0,0,149.09
29171,1,0,0,0,162.01
29172,1,1,1,0,40.06
29173,1,1,1,0,59.19
29174,0,0,0,0,83.52
29175,0,0,0,0,0.0
29176,1,0,0,0,142.97
29177,1,0,1,0,30.44
29178,1,0,1,0,0.0
29179,0,1,0,0,143.01
29180,0,0,1,0,0.0
29181,1,1,1,0,131.37
29182,0,1,1,0,44.18
29183,0,1,0,0,52.3
29184,0,0,1,1,57.09
29185,1,0,0,0,74.33
29186,0,0,0,0,0.0
29187,1,0,1,0,155.65
29188,0,0,1,1,112.79
29189,1,0,1,1,66.66
29190,0,0,0,0,42.91
29191,1,0,1,0,204.33
29192,0,0,0,0,39.4
29193,0,0,1,0,1.16
29194,0,0,0,0,62.5
29195,1,0,1,0,17.11
29196,0,0,1,0,62.75
29197,0,0,0,0,90.04
29198,0,0,0,0,12.14
29199,1,0,1,1,0.0
29200,0,0,0,0,121.46
29201,0,1,0,0,84.2
29202,0,0,1,0,24.69
29203,0,0,0,0,0.0
29204,1,1,1,0,54.66
29205,1,1,1,0,35.84
29206,1,0,0,0,30.5
29207,0,0,0,1,70.89
29208,1,0,1,1,66.53
29209,0,0,0,0,29.46
29210,1,0,0,0,9.39
29211,1,1,1,0,230.39
29212,0,0,0,0,22.06
29213,1,0,0,0,35.69
29214,0,0,1,0,17.39
29215,0,0,0,0,79.12
29216,0,0,0,1,133.49
29217,1,0,0,0,33.43
29218,0,0,0,0,6.41
29219,0,1,1,0,133.42
29220,0,0,0,0,120.5
29221,1,0,0,0,58.5
29222,0,0,0,0,10.96
29223,1,0,1,0,0.0
29224,1,0,1,0,245.16
29225,1,0,1,0,39.63
29226,0,0,0,0,0.0
29227,0,0,0,0,5.23
29228,0,1,0,0,156.78
29229,0,0,0,0,62.35
29230,0,0,1,0,84.14
29231,1,0,0,0,34.0
29232,1,0,1,0,149.29
29233,0,0,0,0,0.0
29234,0,0,0,0,25.24
29235,0,1,1,0,91.67
29236,1,0,1,0,131.29
29237,1,1,1,0,139.4
29238,0,0,1,0,104.71
29239,0,0,0,0,23.31
29240,0,0,1,0,48.06
29241,0,1,0,0,0.0
29242,0,0,1,0,52.2
29243,0,1,1,0,35.08
29244,0,0,0,0,25.31
29245,0,0,1,0,0.0
29246,0,0,0,0,0.0
29247,0,0,1,0,36.79
29248,0,0,0,0,124.66
29249,1,0,0,0,47.97
29250,1,0,1,0,81.38
29251,0,0,0,0,107.73
29252,1,0,0,0,102.1
29253,0,0,1,0,67.35
29254,0,0,0,0,19.27
29255,0,0,0,0,36.84
29256,0,0,1,0,169.55
29257,0,0,0,0,114.65
29258,0,1,0,0,90.09
29259,0,0,0,0,24.69
29260,0,0,0,0,0.0
29261,1,0,0,1,140.22
29262,0,1,0,0,106.48
29263,0,0,0,0,12.58
29264,1,0,1,0,65.19
29265,0,0,0,1,6.26
29266,1,1,1,0,202.86
29267,0,0,0,0,0.0
29268,0,0,0,0,0.0
29269,0,0,1,0,17.71
29270,1,0,0,0,98.48
29271,0,0,0,0,0.0
29272,0,0,1,0,90.22
29273,0,0,0,0,0.0
29274,0,0,0,0,5.99
29275,0,0,1,0,117.76
29276,1,0,1,1,145.74
29277,1,0,1,1,24.16
29278,0,0,0,0,92.74
29279,1,0,1,0,174.95
29280,0,0,1,0,93.36
29281,1,0,1,0,0.0
29282,1,1,1,1,43.59
29283,0,0,1,1,140.34
29284,0,0,0,0,81.77
29285,0,0,1,0,56.2
29286,1,0,0,0,138.22
29287,1,0,0,0,71.56
29288,0,0,1,0,95.95
29289,0,1,1,1,0.0
29290,0,0,0,0,59.97
29291,1,0,0,0,253.03
29292,0,0,1,0,119.91
29293,0,1,1,0,12.84
29294,0,1,1,0,67.93
29295,0,0,0,0,45.59
29296,1,0,1,0,123.34
29297,0,0,0,0,98.41
29298,0,0,0,1,55.09
29299,0,1,1,0,35.71
29300,1,0,0,0,0.0
29301,0,0,0,0,0.0
29302,0,0,0,0,91.9
29303,0,1,1,0,0.0
29304,0,0,0,0,23.46
29305,0,0,0,0,97.21
29306,0,0,1,0,195.46
29307,0,0,0,0,75.73
29308,0,0,1,1,117.68
29309,1,0,1,0,49.61
29310,0,1,0,0,99.68
29311,0,1,1,0,134.67
29312,0,0,1,0,0.0
29313,0,1,0,0,0.0
29314,0,0,0,1,36.71
29315,0,0,1,0,62.0
29316,1,0,0,0,15.1
29317,0,0,1,1,203.49
29318,0,0,0,0,106.65
29319,0,0,0,0,72.96
29320,0,0,0,0,107.04
29321,0,1,0,0,68.69
29322,1,1,0,0,150.07
29323,0,0,1,0,119.91
29324,0,0,0,0,77.02
29325,0,0,0,1,131.53
29326,0,1,1,0,36.82
29327,1,1,1,0,38.03
29328,0,1,0,0,106.9
29329,0,0,1,1,85.62
29330,1,0,1,0,66.15
29331,0,0,0,0,2.08
29332,1,1,0,0,34.9
29333,0,0,0,0,0.0
29334,0,0,0,0,5.42
29335,1,0,0,0,69.32
29336,1,0,1,1,75.26
29337,1,0,0,0,0.0
29338,1,0,0,0,31.02
29339,1,0,0,0,26.74
29340,0,1,0,0,0.0
29341,0,0,0,0,134.25
29342,1,1,1,0,100.67
29343,0,0,0,0,28.51
29344,1,0,1,1,133.0
29345,0,0,0,0,0.0
29346,0,0,0,0,72.6
29347,1,0,1,0,37.59
29348,0,0,0,0,34.65
29349,1,1,1,0,31.72
29350,1,0,1,0,56.26
29351,1,0,1,0,6.21
29352,0,0,0,0,71.27
29353,0,1,1,1,0.0
29354,0,0,1,0,35.84
29355,0,1,0,0,113.1
29356,1,1,1,0,22.41
29357,0,0,0,0,68.67
29358,1,0,1,0,108.39
29359,0,0,0,0,0.0
29360,1,0,1,0,175.53
29361,1,1,1,1,130.88
29362,1,0,1,0,77.07
29363,0,1,0,0,9.76
29364,0,0,0,0,84.44
29365,0,0,0,0,21.55
29366,0,0,0,0,50.35
29367,0,0,0,0,0.0
29368,0,1,0,0,114.16
29369,1,0,1,0,98.09
29370,0,1,1,0,60.44
29371,0,0,0,0,33.08
29372,0,0,0,0,87.77
29373,0,0,0,0,64.08
29374,0,0,1,0,21.32
29375,0,0,0,0,161.98
29376,0,0,0,1,0.0
29377,1,0,0,0,62.58
29378,0,1,0,0,65.6
29379,0,0,1,0,108.75
29380,1,1,0,0,0.0
29381,0,0,0,0,71.23
29382,1,1,1,0,126.46
29383,0,0,1,0,102.41
29384,0,0,0,0,110.32
29385,0,0,0,0,29.55
29386,0,0,0,0,34.49
29387,0,1,0,0,92.78
29388,0,0,0,0,53.5
29389,1,0,0,0,0.0
29390,1,0,0,0,54.64
29391,0,0,0,0,0.0
29392,0,0,0,0,24.43
29393,1,0,1,0,41.91
29394,0,1,1,0,0.0
29395,0,0,0,0,56.98
29396,1,1,1,0,196.98
29397,1,0,1,1,9.68
29398,1,0,1,0,83.03
29399,1,0,1,0,198.05
29400,0,1,1,0,100.47
29401,0,0,0,0,195.4
29402,0,0,0,0,40.49
29403,0,0,0,0,32.72
29404,0,0,0,0,65.88
29405,0,1,1,0,56.16
29406,1,0,1,0,182.18
29407,0,0,1,0,127.12
29408,0,0,0,0,1.18
29409,0,0,0,0,88.79
29410,0,0,0,0,34.88
29411,1,0,0,0,89.57
29412,0,0,0,0,134.5
29413,1,0,1,0,136.83
29414,0,0,1,0,33.77
29415,1,0,1,0,38.57
29416,0,0,0,0,107.96
29417,0,0,1,0,7.49
29418,0,1,0,0,8.94
29419,0,0,1,0,15.89
29420,1,0,1,1,39.01
29421,0,0,1,0,161.98
29422,0,0,1,0,0.0
29423,1,0,1,0,30.32
29424,1,0,1,0,122.09
29425,1,0,1,0,130.98
29426,0,0,0,0,66.91
29427,1,1,1,0,39.07
29428,0,0,1,0,17.83
29429,0,0,1,0,108.51
29430,1,0,0,0,32.95
29431,0,1,0,0,10.51
29432,1,0,0,0,119.21
29433,0,0,0,0,196.59
29434,1,1,1,0,69.58
29435,1,1,1,0,139.89
29436,0,0,0,0,0.0
29437,0,0,0,0,95.74
29438,1,0,1,0,88.82
29439,1,0,1,0,129.79
29440,0,0,1,0,0.0
29441,0,0,0,0,41.61
29442,0,0,0,0,31.46
29443,0,0,1,0,53.36
29444,0,0,1,0,258.64
29445,0,0,0,0,19.19
29446,0,0,0,0,0.0
29447,0,0,0,0,45.5
29448,1,1,1,0,202.74
29449,0,1,1,0,75.59
29450,0,1,1,0,90.66
29451,0,0,0,1,0.0
29452,0,0,1,0,225.67
29453,0,0,0,0,80.41
29454,1,0,0,1,66.03
29455,0,0,0,0,133.5
29456,1,0,0,0,20.5
29457,0,1,0,0,82.43
29458,0,1,1,0,0.0
29459,0,0,0,0,17.37
29460,0,0,0,0,16.85
29461,1,1,0,0,0.0
29462,0,0,1,0,36.39
29463,0,0,0,0,45.78
29464,0,0,0,0,0.0
29465,0,1,0,0,67.3
29466,0,0,0,0,118.12
29467,0,0,0,0,58.89
29468,1,1,0,0,45.11
29469,1,1,1,0,136.83
29470,0,1,0,0,55.95
29471,0,0,1,1,115.11
29472,1,1,1,0,181.26
29473,1,0,0,0,76.66
29474,0,0,1,0,58.39
29475,1,1,1,0,87.23
29476,1,0,1,0,200.73
29477,1,1,1,0,157.31
29478,0,1,0,1,70.04
29479,0,0,0,0,2.44
29480,0,0,0,0,53.75
29481,1,0,0,0,0.0
29482,1,0,0,0,27.65
29483,0,0,0,1,16.7
29484,1,0,1,0,89.95
29485,0,0,0,0,46.16
29486,0,0,0,0,29.97
29487,1,0,0,0,78.88
29488,0,0,0,0,10.15
29489,0,0,0,1,143.53
29490,1,1,1,0,159.32
29491,0,0,0,0,121.24
29492,0,0,0,0,50.23
29493,0,0,0,0,10.69
29494,0,1,0,1,140.62
29495,0,1,1,0,83.34
29496,1,0,1,1,86.14
29497,1,1,1,0,103.8
29498,1,1,1,0,145.53
29499,0,0,0,0,32.57
29500,0,0,0,0,117.68
29501,1,0,1,0,51.1
29502,1,0,1,0,102.8
29503,1,1,1,0,132.8
29504,0,0,1,0,105.02
29505,1,1,1,0,120.02
29506,0,0,1,0,0.0
29507,0,0,1,0,50.63
29508,0,1,0,0,111.26
29509,1,0,1,0,53.14
29510,0,0,1,0,72.3
29511,0,1,0,0,0.0
29512,1,0,0,0,75.62
29513,0,0,0,1,142.39
29514,1,0,0,0,209.7
29515,1,0,1,1,61.77
29516,1,1,0,1,71.12
29517,1,0,1,0,245.54
29518,0,0,1,0,8.35
29519,1,0,0,1,0.0
29520,0,0,0,0,60.05
29521,0,0,0,0,40.18
29522,0,0,0,1,32.94
29523,1,0,0,0,156.72
29524,1,0,1,0,159.75
29525,0,1,0,0,8.83
29526,0,1,0,0,30.78
29527,1,0,1,1,78.65
29528,0,1,0,0,117.07
29529,0,0,0,1,65.91
29530,1,1,1,0,157.86
29531,0,0,0,0,18.64
29532,0,0,0,0,59.74
29533,1,1,0,0,32.07
29534,0,0,0,0,0.0
29535,0,1,0,0,20.02
29536,0,1,1,0,74.98
29537,1,0,0,0,0.0
29538,1,0,1,0,18.25
29539,0,1,0,0,1.63
29540,0,0,0,0,110.01
29541,1,0,1,0,42.42
29542,1,0,0,0,129.76
29543,1,0,0,1,65.68
29544,1,1,1,0,104.22
29545,1,1,1,0,133.13
29546,0,0,0,0,65.3
29547,0,0,0,1,56.88
29548,0,0,0,0,119.99
29549,0,0,0,1,35.41
29550,1,0,1,0,46.19
29551,1,0,1,0,0.0
29552,1,0,1,0,0.0
29553,0,1,1,0,40.78
29554,0,0,0,0,0.0
29555,0,0,0,0,57.97
29556,0,1,0,0,91.09
29557,0,0,0,0,50.04
29558,0,0,1,0,122.43
29559,1,0,1,0,0.0
29560,0,0,1,0,43.87
29561,1,0,0,0,78.53
29562,1,1,1,1,0.0
29563,0,0,0,0,78.62
29564,1,0,0,0,0.0
29565,1,0,1,0,144.56
29566,0,0,0,1,0.0
29567,0,0,0,0,24.8
29568,0,0,1,0,59.33
29569,0,0,0,0,78.59
29570,1,0,1,0,60.73
29571,1,0,1,1,68.48
29572,1,0,1,0,0.0
29573,1,0,1,0,55.05
29574,0,0,1,1,36.53
29575,1,0,0,0,39.33
29576,0,1,1,0,154.39
29577,0,0,1,0,34.13
29578,1,0,1,0,193.9
29579,0,0,0,0,30.76
29580,1,1,1,0,18.12
29581,1,0,1,0,10.57
29582,0,0,0,0,132.48
29583,1,0,1,0,64.09
29584,0,1,0,0,0.21
29585,0,1,1,1,181.04
29586,1,0,0,1,92.18
29587,0,0,0,0,100.27
29588,0,0,0,0,8.64
29589,0,0,1,0,70.34
29590,0,0,0,0,150.99
29591,0,1,0,0,93.6
29592,1,1,0,0,121.11
29593,1,0,1,0,57.28
29594,0,1,1,0,65.69
29595,0,0,0,0,141.58
29596,0,0,0,1,0.0
29597,1,1,0,0,0.0
29598,1,1,1,0,109.85
29599,1,0,1,0,0.0
29600,0,0,0,0,0.0
29601,0,1,0,0,28.62
29602,1,0,0,1,123.39
29603,1,0,1,0,96.83
29604,0,0,1,0,63.6
29605,1,0,0,0,36.45
29606,0,0,0,0,195.06
29607,0,0,1,0,78.3
29608,0,0,0,0,9.88
29609,0,0,1,1,49.83
29610,1,0,1,0,32.84
29611,1,1,1,0,194.97
29612,1,0,1,0,75.0
29613,0,0,0,0,27.54
29614,1,0,0,0,0.0
29615,0,0,0,0,66.91
29616,1,1,0,0,151.91
29617,1,0,1,0,99.32
29618,0,0,0,0,0.0
29619,0,0,0,0,0.0
29620,0,0,0,0,0.0
29621,1,1,1,0,129.0
29622,1,0,0,0,154.33
29623,0,0,1,0,112.37
29624,0,0,1,0,0.0
29625,0,0,0,0,0.0
29626,1,0,1,0,78.24
29627,0,0,0,0,0.0
29628,0,0,1,0,115.26
29629,1,0,1,1,0.0
29630,1,0,1,0,0.0
29631,0,0,1,0,50.44
29632,1,1,0,0,167.78
29633,0,1,0,0,0.0
29634,1,0,1,0,136.93
29635,0,0,1,0,133.23
29636,0,0,1,0,103.2
29637,1,0,1,0,42.01
29638,1,0,1,0,74.29
29639,1,0,0,0,78.92
29640,0,0,0,0,78.42
29641,0,0,0,0,44.93
29642,1,0,1,0,128.35
29643,1,0,0,0,143.83
29644,1,0,0,0,42.39
29645,0,0,0,0,89.88
29646,0,0,1,0,7.9
29647,1,0,0,0,49.53
29648,0,0,0,0,0.0
29649,1,0,0,0,63.8
29650,0,0,0,0,10.03
29651,1,1,1,1,87.04
29652,0,0,0,0,105.06
29653,1,0,1,0,137.22
29654,1,0,1,0,149.08
29655,0,1,1,0,0.0
29656,0,0,0,1,33.37
29657,1,0,0,0,45.89
29658,0,0,0,1,35.39
29659,0,0,1,0,126.38
29660,0,1,1,0,60.38
29661,0,0,0,0,28.39
29662,0,0,0,0,79.1
29663,0,0,1,0,132.39
29664,1,0,1,1,51.69
29665,0,0,0,0,84.94
29666,0,0,0,0,0.0
29667,1,0,0,0,77.62
29668,1,0,0,0,0.0
29669,0,1,0,0,117.14
29670,1,0,0,0,10.02
29671,0,0,1,0,3.14
29672,0,0,0,0,0.0
29673,1,0,1,0,68.73
29674,0,0,0,0,0.0
29675,1,0,1,0,3.36
29676,0,1,1,0,0.0
29677,0,0,1,0,0.0
29678,0,1,1,0,58.98
29679,0,0,0,0,26.57
29680,0,0,1,0,79.93
29681,1,0,0,0,35.2
29682,1,1,0,0,200.11
29683,1,1,0,0,82.49
29684,1,0,1,0,128.89
29685,1,0,1,0,20.53
29686,1,0,1,0,114.78
29687,0,0,1,0,95.62
29688,1,0,1,0,159.96
29689,1,1,0,0,129.61
29690,0,0,1,0,97.86
29691,0,0,0,0,81.82
29692,1,0,0,1,122.07
29693,1,1,0,0,174.29
29694,1,1,1,0,75.01
29695,0,0,0,0,0.0
29696,0,0,0,0,61.0
29697,1,0,1,1,48.16
29698,0,0,0,0,206.64
29699,1,0,0,0,13.82
29700,0,1,1,0,66.13
29701,0,0,0,0,4.12
29702,0,0,0,0,55.16
29703,1,0,0,0,0.0
29704,0,0,0,0,33.32
29705,0,0,0,0,20.13
29706,0,0,0,0,108.95
29707,0,0,0,0,0.0
29708,0,0,1,0,163.06
29709,1,1,1,0,77.23
29710,0,0,0,0,24.06
29711,1,1,0,0,112.49
29712,0,0,0,0,34.97
29713,0,1,0,0,118.0
29714,1,0,0,0,0.0
29715,0,0,1,0,49.01
29716,0,1,1,0,113.86
29717,1,1,1,0,116.28
29718,1,0,1,0,7.07
29719,0,0,1,0,22.29
29720,1,0,1,0,26.16
29721,0,0,0,0,0.0
29722,0,1,0,0,0.0
29723,1,1,0,0,78.75
29724,0,0,0,0,196.61
29725,0,0,0,0,0.0
29726,0,0,0,0,15.67
29727,0,0,0,0,103.61
29728,0,0,0,0,5.52
29729,0,0,0,0,101.27
29730,0,1,1,0,122.28
29731,0,0,0,0,99.99
29732,0,0,1,0,40.83
29733,0,0,1,0,16.47
29734,1,0,0,0,58.46
29735,0,0,1,0,17.87
29736,0,0,0,0,23.71
29737,0,0,0,0,107.07
29738,0,0,1,0,9.7
29739,1,1,1,0,77.5
29740,1,0,1,0,116.88
29741,0,0,0,0,23.31
29742,0,0,0,0,0.0
29743,0,0,0,0,34.45
29744,1,0,0,0,77.31
29745,0,0,0,0,162.53
29746,1,0,1,0,74.63
29747,1,1,1,0,0.0
29748,0,1,1,0,117.72
29749,0,1,0,0,104.74
29750,1,0,1,0,3.97
29751,1,1,1,0,125.25
29752,0,0,0,0,30.64
29753,0,0,0,0,0.0
29754,0,0,0,1,0.0
29755,0,0,0,0,0.0
29756,0,0,0,0,109.14
29757,1,0,1,0,0.0
29758,1,0,1,0,161.44
29759,0,0,0,0,34.86
29760,0,1,0,1,48.5
29761,0,1,1,0,78.31
29762,0,0,1,0,45.45
29763,0,0,0,0,44.8
29764,0,0,1,0,84.09
29765,0,0,1,0,46.08
29766,0,1,1,0,9.49
29767,0,0,0,0,70.69
29768,1,0,1,0,0.0
29769,1,1,0,0,23.52
29770,1,0,0,0,89.0
29771,1,0,0,0,67.96
29772,0,0,0,0,4.38
29773,0,0,0,1,15.77
29774,0,0,0,0,62.28
29775,1,0,1,0,166.57
29776,0,0,1,0,107.75
29777,0,0,0,0,102.91
29778,1,0,1,0,0.0
29779,1,0,1,0,159.39
29780,1,0,0,0,25.07
29781,0,1,0,0,16.24
29782,0,0,0,0,29.64
29783,1,0,1,0,0.0
29784,0,0,1,0,103.2
29785,1,1,0,0,225.49
29786,0,0,0,0,62.14
29787,0,0,0,0,167.04
29788,0,0,0,0,31.28
29789,1,0,0,0,53.43
29790,1,0,0,0,97.42
29791,0,0,1,0,2.41
29792,0,0,0,0,70.44
29793,1,0,0,0,85.79
29794,0,0,0,0,0.0
29795,1,0,1,0,84.49
29796,0,0,0,1,0.0
29797,1,0,1,0,0.0
29798,1,1,0,0,140.55
29799,0,0,0,0,33.23
29800,0,0,0,0,103.77
29801,0,1,0,0,42.91
29802,0,0,0,0,110.89
29803,0,0,0,0,52.24
29804,0,0,0,0,96.05
29805,0,0,0,0,79.96
29806,1,1,1,0,30.96
29807,0,0,0,0,35.36
29808,1,0,1,0,32.0
29809,0,0,0,0,0.0
29810,0,0,0,0,120.04
29811,0,0,0,0,75.49
29812,1,1,1,0,88.6
29813,1,0,1,0,205.81
29814,0,0,0,0,34.27
29815,0,1,1,0,0.0
29816,0,0,0,0,72.76
29817,0,0,0,0,0.0
29818,1,0,1,0,289.14
29819,0,0,1,0,0.0
29820,0,1,0,0,26.06
29821,0,1,1,1,71.6
29822,0,0,0,0,0.0
29823,0,1,1,0,189.13
29824,1,0,0,0,0.0
29825,0,0,0,0,54.54
29826,0,0,1,0,77.08
29827,1,0,0,0,81.63
29828,0,0,0,0,85.85
29829,0,0,0,0,36.72
29830,0,0,0,0,31.43
29831,0,0,0,0,121.06
29832,1,0,1,0,112.98
29833,0,0,1,0,108.6
29834,0,0,0,1,18.76
29835,1,1,1,0,97.41
29836,0,0,0,0,68.91
29837,0,1,1,0,52.68
29838,1,0,0,0,99.96
29839,1,0,1,0,102.06
29840,0,0,0,1,41.69
29841,0,0,0,0,43.63
29842,1,0,1,0,33.03
29843,1,0,1,0,0.0
29844,0,0,1,0,64.62
29845,0,0,0,0,0.0
29846,1,1,1,0,0.0
29847,1,1,1,0,67.03
29848,0,0,1,0,3.69
29849,0,0,1,0,76.59
29850,0,0,0,0,115.93
29851,0,0,0,0,73.87
29852,0,0,0,0,14.6
29853,1,1,1,0,109.9
29854,1,0,1,0,0.0
29855,1,0,0,0,103.17
29856,1,1,0,0,26.9
29857,0,0,1,0,49.82
29858,1,1,1,1,48.42
29859,1,0,1,0,32.9
29860,1,1,1,0,108.49
29861,0,1,0,0,11.82
29862,0,0,0,0,0.0
29863,0,0,0,0,93.94
29864,1,0,0,0,0.0
29865,1,1,1,0,30.16
29866,0,0,1,0,41.11
29867,0,1,1,0,240.53
29868,0,1,0,0,4.21
29869,1,0,1,0,54.82
29870,0,0,0,1,64.97
29871,1,0,0,0,104.92
29872,0,0,0,0,10.88
29873,0,0,1,0,0.0
29874,0,0,1,0,31.46
29875,0,0,0,0,102.11
29876,0,0,0,1,66.14
29877,1,0,0,0,84.48
29878,0,0,0,0,107.89
29879,0,0,0,0,176.63
29880,1,0,0,0,19.88
29881,1,1,1,1,110.17
29882,1,0,1,1,30.45
29883,1,1,1,0,80.98
29884,0,1,0,0,19.55
29885,0,0,0,0,88.22
29886,1,0,1,0,21.27
29887,0,0,0,0,196.41
29888,0,0,0,0,86.89
29889,0,0,1,0,74.43
29890,0,0,1,0,0.0
29891,0,0,1,1,193.31
29892,0,1,1,0,164.9
29893,1,0,0,0,30.14
29894,1,1,1,0,70.14
29895,1,0,1,0,89.38
29896,1,1,1,0,115.58
29897,0,0,1,0,23.26
29898,0,0,0,0,62.87
29899,0,1,0,0,109.25
29900,0,1,1,0,147.4
29901,0,0,0,0,118.84
29902,0,0,1,0,28.56
29903,0,1,0,0,20.13
29904,0,1,1,0,31.61
29905,0,0,0,0,59.95
29906,0,0,0,0,0.0
29907,0,0,0,1,109.73
29908,0,0,0,0,0.0
29909,0,0,0,0,125.99
29910,0,1,0,0,69.18
29911,0,0,0,0,37.25
29912,1,1,0,0,192.99
29913,1,1,1,0,15.33
29914,0,0,0,0,80.31
29915,0,0,0,0,47.2
29916,1,1,0,0,110.95
29917,0,0,1,1,29.45
29918,1,0,1,0,20.62
29919,1,0,1,0,131.78
29920,1,1,1,0,85.59
29921,1,0,1,0,121.41
29922,0,0,0,0,143.21
29923,1,0,1,0,55.65
29924,1,0,1,1,0.0
29925,0,0,1,1,174.59
29926,0,0,0,0,0.0
29927,1,1,0,0,59.8
29928,0,0,1,0,51.87
29929,0,0,0,0,139.2
29930,0,0,1,1,132.33
29931,0,0,1,0,36.57
29932,0,0,1,0,0.0
29933,0,0,1,0,55.34
29934,0,0,0,0,0.0
29935,0,0,1,0,85.49
29936,0,1,1,0,112.27
29937,1,0,1,0,102.63
29938,0,0,1,1,27.82
29939,1,0,0,0,74.89
29940,1,0,1,1,41.37
29941,0,0,0,0,2.34
29942,0,0,0,1,8.61
29943,0,1,1,0,99.06
29944,0,0,0,0,68.61
29945,1,0,1,0,8.6
29946,0,0,0,0,9.98
29947,0,0,1,0,66.82
29948,1,1,1,1,130.43
29949,0,0,1,0,162.14
29950,0,0,0,0,60.34
29951,0,0,0,0,13.28
29952,0,0,0,1,88.32
29953,0,0,0,0,133.73
29954,0,0,1,0,0.0
29955,0,0,0,0,121.08
29956,1,0,1,0,6.59
29957,0,0,0,0,105.52
29958,0,0,1,0,65.41
29959,0,0,0,0,0.0
29960,0,0,0,0,0.0
29961,0,0,0,0,0.0
29962,1,0,1,0,0.0
29963,1,0,1,0,131.04
29964,1,0,1,0,154.04
29965,1,0,0,0,176.9
29966,0,0,0,0,99.68
29967,1,0,0,0,0.0
29968,0,0,0,0,0.0
29969,0,0,0,0,0.0
29970,0,0,1,0,0.0
29971,1,0,1,0,180.42
29972,0,0,0,0,130.75
29973,1,0,0,0,39.98
29974,1,0,1,0,41.98
29975,1,1,1,1,111.29
29976,1,0,0,0,57.14
29977,0,0,0,0,126.37
29978,0,0,0,0,95.42
29979,1,0,0,0,69.34
29980,1,0,1,0,55.98
29981,0,0,0,0,167.32
29982,0,0,0,1,21.7
29983,1,0,0,0,125.83
29984,1,1,0,0,148.29
29985,0,0,0,0,54.1
29986,1,0,0,0,40.67
29987,1,0,1,0,22.01
29988,0,0,0,0,66.48
29989,1,0,0,0,15.69
29990,1,1,1,0,98.38
29991,0,0,0,0,0.0
29992,0,1,1,0,0.0
29993,1,1,1,0,157.35
29994,1,0,1,0,108.3
29995,0,0,1,0,49.16
29996,0,0,1,0,27.09
29997,1,1,1,0,179.21
29998,1,0,0,1,29.01
29999,1,0,0,0,207.3
30000,1,0,1,1,81.93
30001,0,0,1,0,71.19
30002,0,0,1,1,85.53
30003,0,1,0,0,0.0
30004,0,0,0,0,0.0
30005,0,0,0,0,36.67
30006,0,0,0,0,136.42
30007,1,1,0,0,118.95
30008,0,0,0,0,21.11
30009,0,0,1,0,48.47
30010,1,0,1,0,135.56
30011,1,0,1,0,109.58
30012,0,1,0,0,57.55
30013,0,1,0,0,63.73
30014,0,0,0,0,46.24
30015,0,1,0,1,64.22
30016,0,0,0,0,83.1
30017,1,1,1,0,122.7
30018,1,1,1,0,200.2
30019,0,0,0,0,101.52
30020,1,0,1,0,96.97
30021,0,0,0,0,34.84
30022,1,0,1,0,48.76
30023,1,0,1,0,90.5
30024,0,0,0,0,210.91
30025,1,0,1,0,182.42
30026,0,0,1,0,70.17
30027,0,0,0,0,85.49
30028,0,1,0,0,77.26
30029,1,0,1,0,23.88
30030,0,1,0,0,127.11
30031,0,0,0,0,19.16
30032,0,0,0,0,0.0
30033,0,0,0,0,54.23
30034,1,0,1,0,54.35
30035,1,0,1,0,105.85
30036,0,1,1,0,38.87
30037,1,0,0,0,0.0
30038,0,1,0,0,39.75
30039,0,1,1,0,7.23
30040,1,0,1,0,68.79
30041,1,0,0,0,0.0
30042,0,0,0,1,131.99
30043,0,0,0,0,5.47
30044,1,1,0,0,0.0
30045,1,0,0,0,106.03
30046,0,0,1,0,81.34
30047,0,0,0,0,67.99
30048,0,0,0,0,0.0
30049,1,0,0,0,0.0
30050,0,0,0,1,0.0
30051,0,0,0,0,25.32
30052,0,0,0,0,101.92
30053,1,0,0,0,66.68
30054,0,0,0,1,22.44
30055,1,0,1,0,126.43
30056,0,0,0,0,76.01
30057,1,1,1,0,156.95
30058,0,0,0,0,59.92
30059,1,0,1,0,162.63
30060,1,1,1,0,104.18
30061,0,0,1,1,40.8
30062,0,0,0,0,0.0
30063,0,0,0,0,25.95
30064,0,0,0,0,76.88
30065,0,0,0,0,0.0
30066,1,0,0,0,25.96
30067,0,0,0,0,61.34
30068,1,1,1,0,175.43
30069,1,0,0,0,0.0
30070,0,0,0,0,47.28
30071,0,0,1,0,58.61
30072,0,0,1,0,98.08
30073,1,0,0,0,90.46
30074,0,1,0,0,76.51
30075,0,0,1,0,99.68
30076,1,0,0,1,49.97
30077,0,0,0,0,0.0
30078,0,0,1,0,0.0
30079,1,1,1,1,134.61
30080,1,0,0,0,28.19
30081,0,0,0,0,18.45
30082,0,1,1,0,58.15
30083,1,0,1,0,282.64
30084,0,0,0,1,87.2
30085,1,0,1,0,150.11
30086,1,1,1,0,187.0
30087,0,0,1,0,93.66
30088,1,0,0,0,21.66
30089,0,0,0,0,0.0
30090,0,1,1,0,40.76
30091,0,0,0,0,0.0
30092,0,1,0,0,0.0
30093,1,0,1,0,109.16
30094,1,0,1,1,43.11
30095,1,0,0,0,129.31
30096,0,0,0,0,15.84
30097,0,0,1,1,70.36
30098,0,1,0,0,0.0
30099,1,0,1,0,54.56
30100,1,1,1,1,106.07
30101,1,1,0,0,21.98
30102,0,0,0,1,38.64
30103,0,0,0,0,79.25
30104,0,0,1,0,45.66
30105,0,0,1,0,102.59
30106,0,1,0,0,62.91
30107,0,0,1,0,30.23
30108,0,0,0,1,124.57
30109,1,1,1,1,217.73
30110,0,0,0,0,109.15
30111,1,0,1,0,55.37
30112,1,0,0,0,105.6
30113,1,0,1,0,16.94
30114,1,0,1,0,0.0
30115,1,0,1,0,67.82
30116,0,0,0,0,56.4
30117,0,0,0,0,80.3
30118,1,1,1,0,20.69
30119,1,0,1,0,48.91
30120,1,1,1,0,47.62
30121,1,1,0,0,64.35
30122,1,0,1,0,85.79
30123,0,0,1,0,0.0
30124,1,0,0,0,154.15
30125,0,0,1,0,145.75
30126,0,0,0,0,83.23
30127,1,0,1,0,59.0
30128,1,0,0,0,62.6
30129,1,0,1,0,0.0
30130,0,0,0,0,73.58
30131,0,0,0,1,0.0
30132,0,0,0,0,101.66
30133,0,1,1,0,74.93
30134,1,0,1,1,10.61
30135,0,0,0,0,55.81
30136,1,0,1,0,74.63
30137,0,0,0,0,122.77
30138,0,0,0,0,25.1
30139,0,0,1,0,32.58
30140,1,1,1,0,26.81
30141,1,0,1,0,125.69
30142,0,0,1,0,56.26
30143,0,0,1,0,73.05
30144,1,0,0,0,50.1
30145,1,0,0,0,67.52
30146,0,0,0,0,100.93
30147,1,0,1,0,131.44
30148,1,0,1,0,112.02
30149,0,0,0,0,81.25
30150,0,0,1,0,96.93
30151,1,0,1,0,39.05
30152,1,1,0,0,121.66
30153,0,0,1,0,160.17
30154,0,0,0,0,177.85
30155,0,0,1,0,96.57
30156,1,0,0,0,52.7
30157,1,1,1,0,73.88
30158,0,0,0,0,50.02
30159,0,0,0,0,13.71
30160,0,1,1,0,106.28
30161,0,0,0,0,94.76
30162,1,0,1,0,54.83
30163,1,0,0,0,119.23
30164,1,1,1,0,16.57
30165,0,0,0,0,19.1
30166,0,1,0,0,81.9
30167,0,0,0,0,91.41
30168,1,0,0,0,0.0
30169,0,0,0,0,84.46
30170,1,0,1,0,142.42
30171,0,0,1,0,0.0
30172,0,0,0,0,49.3
30173,1,0,1,0,161.27
30174,0,1,1,0,151.74
30175,0,1,1,0,23.79
30176,1,1,1,0,164.34
30177,1,0,1,0,125.97
30178,0,0,0,0,43.69
30179,0,0,0,1,104.72
30180,1,1,1,0,198.33
30181,0,0,1,0,58.07
30182,0,0,1,0,57.73
30183,1,0,1,0,130.98
30184,0,1,0,0,0.0
30185,0,0,0,0,62.95
30186,0,0,1,1,42.19
30187,0,0,1,0,160.47
30188,0,1,1,0,122.92
30189,0,0,0,0,54.14
30190,0,0,0,0,69.73
30191,1,0,0,0,54.08
30192,1,0,0,0,34.78
30193,1,0,1,0,0.0
30194,1,0,1,1,13.76
30195,0,0,0,0,34.29
30196,1,0,1,0,124.05
30197,0,0,1,0,152.19
30198,0,1,0,0,63.6
30199,1,0,1,0,70.16
30200,0,0,0,0,0.0
30201,1,0,1,1,0.0
30202,0,0,0,0,0.0
30203,0,0,0,0,9.87
30204,1,1,1,0,55.65
30205,0,0,0,0,111.35
30206,0,0,1,0,0.0
30207,0,0,0,0,27.28
30208,1,0,0,0,0.0
30209,0,0,0,0,0.0
30210,0,1,0,0,5.35
30211,0,0,1,0,90.39
30212,0,0,0,0,74.05
30213,1,0,1,1,38.67
30214,1,1,1,0,186.09
30215,0,0,0,0,167.2
30216,1,1,1,0,102.09
30217,0,0,0,0,81.03
30218,1,0,1,0,126.1
30219,1,1,0,0,68.77
30220,0,0,0,0,108.13
30221,0,0,0,0,44.05
30222,1,1,1,0,61.87
30223,1,0,1,0,7.51
30224,1,0,0,1,73.81
30225,1,0,1,0,133.63
30226,0,0,0,0,0.0
30227,1,0,1,0,112.38
30228,1,0,1,0,59.98
30229,1,1,1,0,176.04
30230,0,0,0,1,34.52
30231,1,0,1,0,94.93
30232,0,0,0,0,5.71
30233,0,0,0,0,128.62
30234,0,0,0,0,0.0
30235,1,0,1,0,124.08
30236,1,0,0,1,44.46
30237,0,0,0,0,192.81
30238,1,0,1,1,66.94
30239,0,0,1,0,0.0
30240,0,0,1,0,86.79
30241,0,0,1,0,0.0
30242,0,0,1,0,123.62
30243,1,1,1,0,188.76
30244,1,0,1,0,32.57
30245,0,1,1,0,82.8
30246,0,0,0,1,8.84
30247,0,0,0,0,68.2
30248,0,0,0,0,63.39
30249,1,0,1,0,284.62
30250,0,0,1,1,57.9
30251,0,1,1,0,127.8
30252,0,1,0,0,53.86
30253,0,0,1,0,22.05
30254,1,0,0,0,166.26
30255,1,0,1,0,91.89
30256,0,0,1,0,158.05
30257,1,1,1,0,46.76
30258,0,0,0,0,9.65
30259,0,0,1,0,0.0
30260,1,0,1,0,138.26
30261,1,1,1,0,43.46
30262,0,0,0,0,117.84
30263,1,0,1,0,195.44
30264,0,0,0,0,0.0
30265,0,0,0,0,93.31
30266,0,1,1,0,146.54
30267,1,0,1,0,0.0
30268,0,0,0,0,99.68
30269,0,1,0,0,0.0
30270,0,0,0,0,129.1
30271,0,1,0,0,102.4
30272,0,1,0,0,106.29
30273,0,0,0,0,98.54
30274,1,1,1,0,83.96
30275,0,0,0,0,48.22
30276,0,0,1,0,25.34
30277,1,0,0,0,20.55
30278,0,0,0,0,4.54
30279,0,1,0,0,199.94
30280,0,0,0,0,61.39
30281,0,1,0,0,147.99
30282,0,0,0,0,70.07
30283,0,0,0,1,100.33
30284,0,0,0,0,6.98
30285,0,0,0,0,0.0
30286,1,0,1,0,58.92
30287,0,0,1,0,83.32
30288,0,0,0,0,58.2
30289,1,0,0,0,99.21
30290,0,1,0,0,81.92
30291,0,1,0,0,5.68
30292,1,0,0,0,123.46
30293,0,0,0,0,104.6
30294,0,1,1,0,101.66
30295,1,0,0,0,45.62
30296,0,1,0,0,93.22
30297,1,0,1,0,33.65
30298,0,0,0,0,37.07
30299,0,1,1,0,78.76
30300,0,1,0,0,66.2
30301,1,0,1,0,145.18
30302,0,0,1,1,52.42
30303,1,0,1,0,117.44
30304,1,0,1,0,56.68
30305,0,0,0,0,90.11
30306,0,1,0,0,15.48
30307,1,1,1,1,0.0
30308,0,0,0,0,87.83
30309,1,1,1,0,165.28
30310,0,0,0,0,6.33
30311,1,0,0,0,33.12
30312,0,1,1,0,132.01
30313,0,0,0,0,21.38
30314,0,1,0,0,78.07
30315,0,0,1,0,47.61
30316,1,0,1,0,24.81
30317,0,0,0,0,131.44
30318,0,0,1,0,1.39
30319,0,1,0,0,77.56
30320,1,0,1,0,92.61
30321,1,1,1,0,111.27
30322,0,0,1,0,101.9
30323,0,0,0,0,247.86
30324,1,0,1,0,72.08
30325,0,0,0,0,120.22
30326,1,0,0,0,61.56
30327,0,0,0,0,61.16
30328,1,0,0,0,92.73
30329,0,0,0,0,22.01
30330,0,0,0,0,18.01
30331,1,0,1,0,2.14
30332,0,0,1,0,36.97
30333,0,0,0,0,8.64
30334,0,0,0,1,120.02
30335,1,0,0,0,78.15
30336,1,0,1,1,26.28
30337,1,0,0,0,0.0
30338,1,0,0,0,16.29
30339,1,0,1,0,122.7
30340,1,0,0,0,29.63
30341,0,0,0,1,0.0
30342,1,0,1,0,96.47
30343,1,0,1,0,17.52
30344,1,0,0,0,20.46
30345,0,0,0,0,38.02
30346,0,1,0,0,0.0
30347,0,0,0,0,67.34
30348,0,1,0,0,60.23
30349,0,1,1,0,0.0
30350,1,0,0,0,160.47
30351,1,0,1,1,285.53
30352,1,0,1,0,128.24
30353,1,0,1,0,18.26
30354,0,0,0,0,90.02
30355,0,1,1,0,0.0
30356,0,1,0,0,27.83
30357,1,1,1,0,35.14
30358,0,0,0,0,192.83
30359,0,0,0,0,36.76
30360,0,0,1,1,85.61
30361,1,0,0,0,98.95
30362,0,0,1,1,0.0
30363,1,0,1,0,185.7
30364,0,1,0,0,100.22
30365,0,0,0,0,18.95
30366,0,0,1,0,172.01
30367,0,1,1,1,116.92
30368,0,1,0,0,68.79
30369,0,0,0,0,73.53
30370,1,0,1,0,14.89
30371,1,0,0,1,82.31
30372,0,0,0,0,5.59
30373,1,1,1,0,160.09
30374,1,0,1,0,15.16
30375,1,0,1,0,110.72
30376,0,0,0,0,22.68
30377,0,0,1,1,72.15
30378,0,0,0,0,161.11
30379,1,0,0,0,72.59
30380,1,0,1,0,46.46
30381,1,0,0,0,0.0
30382,0,1,1,0,0.0
30383,1,0,0,0,116.76
30384,1,0,1,0,61.94
30385,1,0,0,0,0.0
30386,0,0,0,0,90.06
30387,0,0,0,0,112.39
30388,1,0,1,0,21.28
30389,0,0,1,0,0.0
30390,0,1,0,0,91.53
30391,0,0,0,0,88.39
30392,1,1,0,0,49.58
30393,1,0,1,0,117.65
30394,0,0,0,0,4.87
30395,1,0,1,0,145.7
30396,0,0,1,0,83.16
30397,0,1,1,0,80.5
30398,1,0,0,0,10.26
30399,0,0,1,0,68.25
30400,1,0,1,0,105.87
30401,1,0,0,0,148.47
30402,0,1,1,0,52.99
30403,0,0,0,0,143.75
30404,0,0,0,0,107.18
30405,1,0,1,1,69.67
30406,0,0,0,0,0.0
30407,0,0,0,0,71.9
30408,0,0,1,0,159.86
30409,0,0,0,0,83.78
30410,0,0,0,0,122.89
30411,0,0,0,0,158.61
30412,1,0,0,1,0.0
30413,0,1,1,0,41.27
30414,1,0,1,0,88.85
30415,0,1,1,0,3.94
30416,1,0,1,0,0.0
30417,0,0,0,0,80.91
30418,1,0,0,0,98.4
30419,1,0,1,0,111.59
30420,0,0,0,0,0.0
30421,0,0,0,0,44.57
30422,0,0,0,0,124.54
30423,0,1,0,0,0.0
30424,1,0,0,0,37.11
30425,1,0,0,0,0.0
30426,0,0,0,1,156.86
30427,0,1,0,0,35.61
30428,0,1,1,0,134.44
30429,0,0,0,0,82.21
30430,1,1,1,0,0.0
30431,1,0,0,0,100.45
30432,1,1,0,0,168.4
30433,0,0,0,0,99.18
30434,0,0,1,0,90.81
30435,0,0,0,0,60.92
30436,0,0,0,0,0.0
30437,0,0,1,0,211.3
30438,0,0,1,0,133.19
30439,0,0,0,0,113.97
30440,1,0,0,0,77.42
30441,1,0,0,0,0.0
30442,0,0,1,0,20.96
30443,1,0,0,0,97.85
30444,1,0,0,0,146.06
30445,0,0,1,0,0.0
30446,1,0,1,0,213.28
30447,0,0,1,0,137.94
30448,0,0,1,0,144.15
30449,0,0,1,0,0.0
30450,0,0,1,0,193.08
30451,0,0,1,0,0.0
30452,1,0,1,0,0.0
30453,1,1,0,0,107.51
30454,0,0,0,0,70.99
30455,0,1,1,1,16.13
30456,0,0,0,1,18.65
30457,1,0,0,0,69.66
30458,1,0,0,0,52.04
30459,1,0,0,0,33.2
30460,1,1,1,0,0.0
30461,1,0,0,0,72.89
30462,1,0,0,1,61.04
30463,0,0,0,0,109.22
30464,1,0,1,1,68.02
30465,0,1,1,0,127.45
30466,1,0,1,0,83.9
30467,0,0,1,0,57.92
30468,0,1,1,0,0.0
30469,0,1,0,1,17.91
30470,0,0,1,0,73.53
30471,1,0,1,0,71.83
30472,0,0,0,1,34.66
30473,0,0,0,0,3.47
30474,1,1,1,0,32.49
30475,1,1,1,0,137.8
30476,0,1,0,0,34.45
30477,1,1,1,1,233.56
30478,0,1,1,0,65.7
30479,1,0,0,0,83.72
30480,1,1,1,0,67.51
30481,1,1,1,0,77.48
30482,1,0,1,0,84.21
30483,0,0,0,0,75.58
30484,0,1,0,0,11.6
30485,0,1,1,0,152.51
30486,1,1,1,1,164.34
30487,1,0,1,0,247.56
30488,0,0,0,0,6.18
30489,1,0,0,0,122.66
30490,0,1,1,0,87.63
30491,1,0,0,0,8.26
30492,0,0,0,0,0.0
30493,0,0,0,0,44.69
30494,0,0,0,0,0.0
30495,1,0,0,0,127.13
30496,0,0,0,0,0.0
30497,1,0,1,0,52.61
30498,0,0,1,0,54.2
30499,0,0,0,0,148.88
30500,0,0,0,0,53.96
30501,0,1,1,0,107.1
30502,0,1,1,0,141.99
30503,1,0,1,0,135.63
30504,0,0,1,0,0.0
30505,0,0,0,0,122.73
30506,1,0,1,0,45.68
30507,1,0,1,1,181.54
30508,0,1,1,1,89.95
30509,0,0,1,0,89.68
30510,1,1,1,0,41.13
30511,0,0,0,0,102.82
30512,1,0,0,0,44.84
30513,1,0,0,0,36.09
30514,0,0,0,0,72.2
30515,0,0,1,0,23.7
30516,0,0,1,0,37.21
30517,1,1,1,0,84.95
30518,1,0,0,0,70.07
30519,0,0,0,0,28.21
30520,0,0,1,1,17.75
30521,0,0,0,0,0.0
30522,0,0,1,0,70.8
30523,0,0,0,0,22.4
30524,1,1,1,0,130.36
30525,0,0,0,0,114.78
30526,1,0,1,0,0.0
30527,0,0,0,0,31.85
30528,0,0,0,0,67.42
30529,0,1,1,0,26.56
30530,0,0,0,0,0.0
30531,1,0,1,0,32.65
30532,0,0,0,0,18.85
30533,1,1,1,0,55.56
30534,1,0,1,0,26.06
30535,0,0,0,0,89.5
30536,0,0,0,0,234.01
30537,0,0,0,0,72.22
30538,1,0,1,0,72.78
30539,0,0,0,0,0.0
30540,0,0,0,0,46.13
30541,1,0,0,1,53.47
30542,0,0,0,0,174.57
30543,1,0,1,0,96.44
30544,0,0,0,1,12.62
30545,0,0,0,0,40.72
30546,0,0,0,0,94.49
30547,1,0,0,0,93.59
30548,0,0,0,0,31.23
30549,0,1,1,0,0.0
30550,1,0,0,0,64.49
30551,0,0,0,0,14.64
30552,0,0,0,0,0.0
30553,0,0,0,0,0.0
30554,0,0,1,0,19.48
30555,1,1,0,1,157.59
30556,0,0,0,0,92.8
30557,1,0,1,0,78.86
30558,0,1,0,1,123.73
30559,0,1,0,0,88.2
30560,0,0,0,0,49.48
30561,0,1,1,0,13.31
30562,0,1,0,0,25.35
30563,0,0,0,0,46.85
30564,1,0,1,0,129.92
30565,1,0,1,0,0.0
30566,1,0,1,0,80.58
30567,0,0,0,0,15.56
30568,0,0,0,0,74.99
30569,1,1,1,0,112.33
30570,0,1,1,0,30.49
30571,1,1,1,0,168.62
30572,0,0,0,0,0.0
30573,0,0,0,0,114.04
30574,0,0,0,0,17.86
30575,0,0,0,0,14.21
30576,0,0,0,0,112.33
30577,1,0,0,0,57.19
30578,0,0,1,0,101.94
30579,0,0,0,0,100.83
30580,1,1,0,0,101.03
30581,0,0,0,0,128.62
30582,0,0,1,0,81.63
30583,0,0,0,0,72.52
30584,1,0,1,1,178.61
30585,1,1,1,0,68.19
30586,1,0,1,0,113.94
30587,0,0,0,0,40.55
30588,1,1,1,0,189.53
30589,0,0,0,0,26.84
30590,1,1,1,1,118.09
30591,0,0,0,0,148.17
30592,0,0,1,0,134.61
30593,1,1,0,0,113.01
30594,0,0,0,0,10.45
30595,1,0,1,0,21.61
30596,0,0,0,0,84.74
30597,1,0,1,0,71.62
30598,0,0,1,0,99.97
30599,0,1,1,0,99.74
30600,0,0,0,0,0.0
30601,0,0,0,0,72.67
30602,1,1,1,0,162.88
30603,1,1,1,0,203.84
30604,1,0,1,0,95.3
30605,0,1,0,0,76.69
30606,1,1,0,0,46.38
30607,0,1,0,0,0.0
30608,0,0,1,0,29.81
30609,0,0,1,0,77.67
30610,0,0,0,0,40.29
30611,0,0,0,0,0.0
30612,0,1,0,0,41.41
30613,0,0,0,0,101.85
30614,1,0,0,0,0.0
30615,0,0,0,0,71.52
30616,0,0,0,0,0.0
30617,1,0,0,0,30.59
30618,0,0,0,1,82.02
30619,0,0,1,0,45.86
30620,1,0,1,0,75.57
30621,0,0,0,0,116.21
30622,0,0,0,0,13.53
30623,0,0,0,0,95.11
30624,0,0,1,0,176.11
30625,0,1,0,0,170.85
30626,0,0,0,0,20.32
30627,1,0,1,0,38.65
30628,0,1,0,0,152.14
30629,0,0,1,0,21.26
30630,0,0,0,0,5.24
30631,0,0,0,0,43.3
30632,0,0,0,0,68.38
30633,1,0,1,0,120.85
30634,1,0,0,0,99.38
30635,0,0,1,0,163.06
30636,0,0,1,0,61.61
30637,1,0,1,0,99.28
30638,1,0,1,0,0.67
30639,1,0,0,0,61.02
30640,1,1,1,1,161.38
30641,1,0,0,0,22.46
30642,0,0,0,0,58.96
30643,1,0,1,0,0.0
30644,0,0,0,1,128.32
30645,1,0,1,1,87.17
30646,0,0,0,0,13.58
30647,1,0,1,0,122.51
30648,0,0,0,0,112.21
30649,0,0,1,0,77.58
30650,0,0,1,0,93.89
30651,0,0,1,0,123.03
30652,0,0,0,0,21.16
30653,0,0,0,0,66.6
30654,1,0,1,1,72.33
30655,0,0,0,0,161.07
30656,0,1,1,0,33.36
30657,1,1,1,0,212.62
30658,0,0,0,0,51.53
30659,0,0,0,0,41.97
30660,0,0,0,0,115.19
30661,1,0,0,0,52.47
30662,1,0,1,0,114.44
30663,1,1,1,0,77.4
30664,0,0,0,0,56.04
30665,0,1,0,0,63.6
30666,1,0,0,0,107.78
30667,1,0,1,0,0.0
30668,0,0,1,0,74.9
30669,0,0,0,0,0.0
30670,0,0,0,0,181.76
30671,1,0,1,0,11.21
30672,0,1,0,0,0.0
30673,0,0,0,0,96.97
30674,0,0,0,0,77.26
30675,0,0,0,0,63.84
30676,0,0,0,0,131.34
30677,1,1,0,0,75.78
30678,1,0,0,1,88.24
30679,1,0,1,0,84.24
30680,0,1,0,0,76.16
30681,0,0,1,0,95.48
30682,0,0,0,0,144.6
30683,0,0,0,0,50.57
30684,1,0,1,0,196.9
30685,0,1,1,0,0.0
30686,0,1,0,0,0.0
30687,0,0,0,0,53.39
30688,0,0,1,0,0.0
30689,1,0,1,0,64.67
30690,1,0,1,0,118.62
30691,1,0,1,0,116.87
30692,1,1,0,0,0.0
30693,1,0,0,0,132.77
30694,0,1,1,0,38.77
30695,1,0,0,0,100.71
30696,0,1,0,0,123.42
30697,0,1,0,0,26.59
30698,0,1,0,0,0.09
30699,1,0,0,0,132.95
30700,0,0,0,0,0.0
30701,0,0,0,0,0.0
30702,1,0,0,0,25.23
30703,0,0,1,0,0.0
30704,0,0,0,0,139.67
30705,1,1,1,0,90.66
30706,0,0,0,0,4.63
30707,0,0,0,0,0.0
30708,1,0,0,0,64.48
30709,0,0,0,0,0.0
30710,0,0,0,0,122.12
30711,1,1,1,0,84.59
30712,1,1,1,0,0.0
30713,0,0,1,0,67.07
30714,0,0,0,0,4.81
30715,0,0,0,0,14.99
30716,1,0,1,1,104.9
30717,0,0,0,0,223.41
30718,0,0,0,0,90.19
30719,0,0,1,0,31.84
30720,1,0,0,0,168.8
30721,0,0,0,0,30.18
30722,0,1,0,0,41.51
30723,0,0,0,0,60.79
30724,0,0,0,0,75.4
30725,1,0,1,0,101.32
30726,0,0,1,0,0.0
30727,0,0,0,0,134.39
30728,1,0,1,0,191.49
30729,0,1,1,0,105.15
30730,0,0,0,0,111.78
30731,1,0,1,0,15.36
30732,0,0,0,0,0.0
30733,0,0,0,0,151.98
30734,1,1,0,0,36.51
30735,0,1,0,0,99.79
30736,0,0,0,0,40.8
30737,0,0,0,0,145.23
30738,1,1,1,0,25.8
30739,0,0,0,0,109.15
30740,0,0,0,0,127.54
30741,0,0,1,0,0.0
30742,0,0,1,0,68.02
30743,0,0,1,0,3.11
30744,0,0,1,0,97.22
30745,1,1,1,0,75.16
30746,0,1,0,0,102.21
30747,0,0,0,0,69.54
30748,1,0,1,0,2.85
30749,0,1,1,0,87.28
30750,0,0,0,0,128.18
30751,0,0,1,0,125.24
30752,1,1,1,0,112.7
30753,0,0,0,0,43.38
30754,0,0,0,0,24.84
30755,1,1,1,0,79.17
30756,0,0,1,0,68.61
30757,1,1,1,0,2.95
30758,1,1,0,0,110.88
30759,0,0,1,0,42.37
30760,0,1,1,0,98.34
30761,0,1,0,0,48.02
30762,1,0,1,1,0.0
30763,0,0,0,0,0.0
30764,1,0,1,0,69.36
30765,0,0,0,0,97.79
30766,1,1,1,0,178.05
30767,0,0,1,0,142.92
30768,1,1,0,1,102.31
30769,0,0,1,1,89.95
30770,1,0,0,0,153.38
30771,0,0,0,0,20.04
30772,1,0,1,0,47.45
30773,0,0,0,0,0.0
30774,1,0,0,0,64.71
30775,0,1,1,1,0.0
30776,1,1,1,0,0.0
30777,0,1,0,0,43.11
30778,0,1,0,0,0.0
30779,0,0,0,0,196.29
30780,1,1,1,0,188.21
30781,0,1,0,0,100.93
30782,0,0,1,1,68.37
30783,0,0,0,0,59.12
30784,1,0,0,0,35.75
30785,0,0,1,0,129.15
30786,0,0,1,0,87.88
30787,1,0,1,0,79.38
30788,0,1,0,0,104.01
30789,1,0,1,0,71.38
30790,1,0,0,0,167.56
30791,0,0,1,0,32.57
30792,0,1,1,0,128.14
30793,1,1,0,0,158.65
30794,0,0,0,0,84.84
30795,0,0,0,0,0.0
30796,1,1,1,0,51.41
30797,0,0,0,0,121.0
30798,0,1,1,0,93.69
30799,1,0,0,0,91.98
30800,0,0,0,0,65.5
30801,1,0,1,0,144.97
30802,0,1,0,0,82.43
30803,0,0,1,0,85.18
30804,0,0,1,0,158.58
30805,1,0,1,0,96.74
30806,0,0,0,0,65.34
30807,1,0,1,0,167.72
30808,0,0,0,0,33.1
30809,0,1,0,0,91.96
30810,1,0,0,0,146.61
30811,0,0,1,0,17.42
30812,0,0,0,0,26.94
30813,1,0,1,0,45.17
30814,1,0,1,0,0.0
30815,0,0,0,0,107.03
30816,1,0,0,0,192.73
30817,0,0,0,0,18.17
30818,1,0,0,0,73.15
30819,1,0,1,0,87.94
30820,0,0,0,1,69.27
30821,1,0,1,0,130.04
30822,0,0,1,0,56.94
30823,0,0,0,0,152.12
30824,1,1,1,0,135.85
30825,1,0,0,0,53.55
30826,0,0,0,0,39.53
30827,0,0,0,0,74.12
30828,0,0,0,1,108.01
30829,1,0,1,0,79.18
30830,1,0,1,0,108.23
30831,0,0,0,0,0.84
30832,1,0,1,0,169.87
30833,0,0,1,0,19.57
30834,0,0,0,0,81.26
30835,1,0,0,1,43.22
30836,0,1,0,0,2.23
30837,0,0,0,0,107.16
30838,0,0,0,0,40.18
30839,0,0,0,0,0.0
30840,0,0,1,0,44.97
30841,0,0,0,1,115.35
30842,0,0,1,0,124.31
30843,0,0,0,0,113.6
30844,0,1,0,0,110.9
30845,1,0,1,0,65.79
30846,0,1,0,0,26.69
30847,1,0,1,0,132.54
30848,0,1,0,0,66.95
30849,0,0,0,0,19.63
30850,1,1,1,0,47.3
30851,0,0,0,0,36.73
30852,1,0,1,0,58.05
30853,0,0,1,0,33.5
30854,1,1,1,0,123.83
30855,0,0,1,0,179.61
30856,0,0,1,0,66.73
30857,0,0,1,0,0.0
30858,1,0,0,0,73.89
30859,0,0,1,0,164.65
30860,1,0,0,0,84.63
30861,0,0,0,0,0.0
30862,1,0,1,0,60.79
30863,1,0,0,0,76.9
30864,0,0,1,1,53.4
30865,0,0,0,0,34.18
30866,0,1,1,0,69.83
30867,1,0,1,0,35.9
30868,1,1,1,1,12.7
30869,1,1,1,0,8.19
30870,0,0,0,0,63.85
30871,1,0,0,0,23.82
30872,1,0,0,0,0.0
30873,1,0,0,1,0.02
30874,0,0,0,0,51.05
30875,1,1,1,0,171.08
30876,0,0,0,0,84.63
30877,0,0,0,0,117.92
30878,0,0,0,0,31.69
30879,0,0,0,0,122.89
30880,1,1,1,0,267.22
30881,0,0,0,0,105.12
30882,1,0,0,1,60.35
30883,1,0,1,0,302.03
30884,0,0,0,0,94.29
30885,0,0,0,0,73.93
30886,1,1,1,0,101.36
30887,0,0,0,0,10.43
30888,1,0,0,0,0.0
30889,1,0,1,0,154.42
30890,1,0,0,0,8.77
30891,0,1,0,0,36.38
30892,1,1,0,0,50.38
30893,1,0,1,1,178.66
30894,1,1,1,0,170.98
30895,1,0,0,0,72.65
30896,1,0,0,0,32.05
30897,1,0,0,0,0.0
30898,0,1,0,0,0.0
30899,0,1,0,0,61.78
30900,0,1,0,0,114.35
30901,0,0,0,1,35.89
30902,1,0,1,0,14.72
30903,0,0,0,0,77.65
30904,1,0,1,0,0.0
30905,1,0,1,0,109.03
30906,0,0,0,0,26.32
30907,0,0,0,0,214.62
30908,1,0,1,0,86.5
30909,0,0,0,0,26.66
30910,0,0,1,0,76.23
30911,0,0,0,0,90.21
30912,1,1,1,0,62.59
30913,1,0,1,0,208.63
30914,1,1,1,0,139.03
30915,0,0,0,0,0.0
30916,0,0,1,0,233.32
30917,0,1,0,0,209.25
30918,0,1,1,0,98.52
30919,0,0,1,0,16.73
30920,0,0,1,1,142.01
30921,1,1,0,0,9.64
30922,1,0,1,1,56.78
30923,0,0,0,0,0.89
30924,0,0,0,0,20.61
30925,1,0,1,0,81.13
30926,1,1,0,1,81.18
30927,1,0,0,0,126.73
30928,1,0,1,0,103.63
30929,1,0,0,0,65.37
30930,1,1,1,0,106.68
30931,0,0,1,0,182.72
30932,1,0,0,0,111.84
30933,1,0,0,0,20.42
30934,1,0,1,0,0.0
30935,0,0,0,0,11.83
30936,1,0,1,0,58.7
30937,0,1,0,0,34.6
30938,1,0,0,0,31.35
30939,1,1,1,0,208.52
30940,0,0,1,0,68.64
30941,0,0,0,0,50.73
30942,1,0,0,1,71.92
30943,0,0,0,0,26.96
30944,1,0,0,0,0.0
30945,0,0,1,0,0.0
30946,1,0,1,0,138.83
30947,0,0,0,0,130.21
30948,1,0,1,0,87.03
30949,0,1,0,0,44.05
30950,0,0,0,0,69.9
30951,0,0,0,0,48.48
30952,0,0,0,0,90.1
30953,0,1,1,0,104.59
30954,1,0,1,1,116.98
30955,1,0,0,0,0.0
30956,0,0,0,0,19.6
30957,0,0,0,0,1.56
30958,1,0,1,0,116.74
30959,1,1,1,0,95.37
30960,0,0,0,0,41.97
30961,0,0,0,0,23.33
30962,0,0,0,0,17.25
30963,1,0,0,0,0.0
30964,0,1,0,0,86.32
30965,0,0,0,0,150.56
30966,0,0,1,0,25.32
30967,1,1,0,0,132.33
30968,1,0,0,0,0.0
30969,0,0,0,0,183.06
30970,0,1,1,0,89.69
30971,0,0,0,0,48.66
30972,0,0,1,0,0.0
30973,0,0,0,1,149.65
30974,0,0,1,0,145.76
30975,1,0,0,0,139.99
30976,1,0,0,0,54.34
30977,0,0,0,0,153.64
30978,0,1,1,0,0.0
30979,1,0,1,0,41.57
30980,1,1,0,0,0.0
30981,0,0,0,0,59.65
30982,1,1,1,0,0.0
30983,0,0,0,0,25.29
30984,0,0,1,0,179.2
30985,0,0,1,0,73.46
30986,0,1,1,0,72.63
30987,0,0,0,0,70.59
30988,0,1,0,0,11.09
30989,0,0,0,0,0.0
30990,0,0,0,0,24.79
30991,0,0,1,0,0.0
30992,0,0,0,0,9.97
30993,1,0,0,0,22.58
30994,0,0,0,0,191.93
30995,0,0,1,0,83.64
30996,0,0,1,0,98.15
30997,0,0,0,0,15.92
30998,0,0,1,0,80.59
30999,0,0,0,0,49.82
31000,0,1,1,0,62.37
31001,0,0,0,0,0.0
31002,1,1,1,1,146.0
31003,0,0,0,0,85.96
31004,0,0,1,0,121.62
31005,0,0,0,0,0.0
31006,1,1,1,1,125.35
31007,0,1,1,0,203.57
31008,1,0,1,0,51.58
31009,0,0,0,0,146.16
31010,1,0,1,0,0.0
31011,1,0,1,0,86.39
31012,1,1,0,0,67.95
31013,0,0,1,0,0.0
31014,1,0,0,0,0.0
31015,0,0,0,0,23.09
31016,0,0,0,0,22.98
31017,0,1,1,0,70.12
31018,1,1,1,0,41.1
31019,0,0,0,0,119.92
31020,0,1,0,0,90.88
31021,0,1,0,0,39.55
31022,1,0,0,0,0.0
31023,1,1,1,0,0.0
31024,1,0,0,0,124.43
31025,1,1,1,0,18.89
31026,0,0,1,0,0.0
31027,1,0,0,0,6.09
31028,0,0,0,0,93.35
31029,0,0,0,0,0.0
31030,1,0,0,0,41.99
31031,1,0,1,0,85.24
31032,1,0,1,1,142.84
31033,1,0,0,0,47.59
31034,1,0,0,0,117.09
31035,0,0,0,0,85.64
31036,1,0,1,0,59.23
31037,0,0,0,0,88.41
31038,0,1,1,0,86.23
31039,0,0,1,0,135.21
31040,0,0,0,0,0.0
31041,0,1,0,0,63.81
31042,0,1,0,0,14.88
31043,0,0,0,0,49.91
31044,1,1,1,0,60.57
31045,0,0,0,1,17.67
31046,0,0,0,0,48.37
31047,0,0,0,0,111.6
31048,0,0,0,0,76.84
31049,1,0,1,0,94.83
31050,1,0,1,0,55.9
31051,0,0,0,0,12.56
31052,0,1,0,0,64.69
31053,0,1,0,0,73.76
31054,0,0,0,0,72.92
31055,1,0,0,1,0.0
31056,0,0,1,0,41.9
31057,0,0,0,0,0.0
31058,1,0,0,0,65.91
31059,0,0,0,0,95.66
31060,0,0,0,0,61.05
31061,0,0,0,0,59.93
31062,0,0,1,0,47.03
31063,0,0,0,0,96.19
31064,1,0,0,0,29.37
31065,0,0,1,0,75.78
31066,1,0,1,0,105.38
31067,1,1,1,0,53.13
31068,0,0,1,1,173.14
31069,0,0,0,0,72.68
31070,1,1,1,0,162.95
31071,0,0,1,0,28.07
31072,1,1,0,0,4.84
31073,1,1,1,0,65.0
31074,0,0,0,0,85.98
31075,1,0,1,0,82.88
31076,0,1,1,0,86.46
31077,0,0,1,1,0.0
31078,0,0,0,0,86.25
31079,1,0,1,0,49.58
31080,0,0,0,0,84.9
31081,1,1,1,0,49.08
31082,0,0,0,0,42.78
31083,0,0,0,1,38.12
31084,1,0,0,1,63.22
31085,1,1,0,0,1.28
31086,1,1,1,0,58.88
31087,1,0,1,0,114.11
31088,0,0,0,1,75.53
31089,0,0,0,0,71.11
31090,1,0,1,0,206.55
31091,0,0,0,1,50.27
31092,1,0,1,0,65.53
31093,0,0,0,1,33.67
31094,0,0,0,0,0.0
31095,1,0,1,0,45.13
31096,0,0,1,0,104.82
31097,1,0,1,0,48.63
31098,0,0,1,1,29.07
31099,0,1,0,0,69.45
31100,1,0,0,0,117.84
31101,0,0,1,0,210.02
31102,0,1,1,0,95.47
31103,0,1,0,0,134.81
31104,1,1,1,1,107.24
31105,1,0,0,0,143.46
31106,0,0,0,0,0.0
31107,1,1,0,0,67.46
31108,0,0,0,0,68.43
31109,0,0,0,0,78.81
31110,0,0,1,0,90.6
31111,1,0,1,1,0.0
31112,0,0,0,0,0.0
31113,0,0,0,0,38.59
31114,0,0,0,0,133.76
31115,0,0,0,0,73.46
31116,1,1,1,0,241.85
31117,0,0,1,0,78.88
31118,0,1,1,0,30.69
31119,0,1,0,1,158.1
31120,0,0,0,0,0.0
31121,1,0,0,0,111.91
31122,0,0,1,0,159.12
31123,0,0,0,0,76.19
31124,0,0,0,0,75.67
31125,0,0,0,0,130.94
31126,0,0,0,0,40.54
31127,1,0,1,0,108.85
31128,0,1,0,0,55.06
31129,1,0,1,0,13.09
31130,1,0,1,0,288.18
31131,0,0,1,0,54.93
31132,0,0,0,0,89.36
31133,0,0,1,0,2.69
31134,0,1,0,0,0.0
31135,1,0,1,0,44.1
31136,1,0,0,1,15.85
31137,1,0,0,0,8.15
31138,1,0,0,0,0.0
31139,0,0,0,0,82.94
31140,0,1,1,0,112.11
31141,0,0,0,0,90.16
31142,0,1,1,0,48.97
31143,1,0,1,0,152.15
31144,0,0,1,0,26.73
31145,0,0,0,0,84.95
31146,0,1,0,0,17.37
31147,1,0,0,0,29.58
31148,0,1,1,0,0.0
31149,1,1,1,0,3.19
31150,0,1,0,0,160.26
31151,1,0,0,0,102.56
31152,1,0,1,0,65.26
31153,1,0,1,0,96.18
31154,0,1,0,0,0.0
31155,1,0,0,0,35.9
31156,1,0,1,1,0.01
31157,0,0,0,0,5.53
31158,1,0,0,0,0.0
31159,0,0,0,0,37.96
31160,0,0,0,0,101.68
31161,0,0,0,0,40.37
31162,0,1,0,0,78.48
31163,1,1,0,0,79.04
31164,0,0,0,1,135.45
31165,0,0,0,0,0.0
31166,0,0,1,0,31.15
31167,0,0,0,0,0.0
31168,0,0,1,1,45.5
31169,0,0,1,0,87.65
31170,1,0,1,0,20.88
31171,0,0,0,0,148.58
31172,0,0,0,0,85.02
31173,1,0,0,0,0.0
31174,0,1,0,0,92.53
31175,0,0,0,0,114.28
31176,0,0,0,0,6.45
31177,1,0,1,0,166.06
31178,0,0,0,0,90.34
31179,1,0,1,0,172.35
31180,0,1,1,0,121.23
31181,0,0,0,0,0.0
31182,0,0,1,0,201.46
31183,0,0,1,0,0.0
31184,0,0,0,0,172.59
31185,1,1,0,0,35.22
31186,1,0,0,0,105.56
31187,1,0,1,0,203.81
31188,0,0,1,0,0.0
31189,0,0,1,0,81.99
31190,1,0,1,1,185.8
31191,0,0,0,1,0.0
31192,0,0,1,0,48.28
31193,0,0,0,0,65.05
31194,1,0,1,0,94.98
31195,0,0,1,0,102.93
31196,1,0,0,0,44.37
31197,1,0,1,0,105.04
31198,0,1,1,0,70.5
31199,0,1,0,1,61.33
31200,1,1,1,0,110.74
31201,0,0,0,0,156.61
31202,0,0,0,0,50.51
31203,0,0,0,0,54.24
31204,1,0,1,0,77.34
31205,0,0,1,0,10.8
31206,0,0,0,0,84.58
31207,0,0,0,0,62.49
31208,1,0,1,0,0.0
31209,0,0,0,0,70.13
31210,0,0,0,0,37.44
31211,0,1,1,0,1.4
31212,0,0,0,0,100.74
31213,0,0,1,0,17.57
31214,0,0,0,0,143.7
31215,0,0,0,0,4.33
31216,0,1,1,0,104.66
31217,0,0,0,0,189.68
31218,0,0,1,0,28.9
31219,1,0,1,0,43.77
31220,1,0,0,0,105.55
31221,0,0,0,0,42.54
31222,0,0,0,0,74.97
31223,1,1,1,0,64.1
31224,0,0,0,0,94.39
31225,1,0,1,0,0.0
31226,1,1,1,0,151.69
31227,1,0,1,0,0.0
31228,1,0,0,0,98.77
31229,0,1,1,0,112.39
31230,0,1,0,0,154.68
31231,0,0,0,0,62.06
31232,0,0,0,0,29.76
31233,1,0,1,0,35.69
31234,1,0,1,0,0.0
31235,1,0,1,0,44.7
31236,1,0,0,0,0.0
31237,0,0,0,0,86.77
31238,0,0,1,0,90.91
31239,1,0,1,0,87.6
31240,1,0,1,0,89.04
31241,1,1,1,0,89.18
31242,0,0,1,0,134.43
31243,0,0,0,0,20.48
31244,1,0,0,0,71.44
31245,0,1,1,0,27.18
31246,1,0,0,0,81.75
31247,1,0,1,0,111.6
31248,0,0,1,0,59.79
31249,1,0,1,0,142.82
31250,0,0,0,0,74.31
31251,1,0,0,0,8.51
31252,1,0,1,0,1.15
31253,0,0,0,0,199.72
31254,0,0,0,0,52.06
31255,1,0,1,0,146.74
31256,1,0,0,0,112.21
31257,0,0,0,0,58.82
31258,0,1,0,0,188.89
31259,0,0,1,0,0.0
31260,0,0,1,0,0.0
31261,0,0,0,0,0.0
31262,1,0,1,0,103.06
31263,1,0,0,0,40.35
31264,1,0,0,0,33.09
31265,0,0,0,0,151.2
31266,0,0,0,1,52.67
31267,0,0,0,0,34.77
31268,1,0,1,0,68.23
31269,0,0,0,0,88.44
31270,0,0,0,0,20.86
31271,1,1,1,0,44.05
31272,0,0,0,0,0.83
31273,1,0,0,0,16.66
31274,0,0,0,0,0.0
31275,1,0,0,0,31.37
31276,1,1,1,0,7.78
31277,0,0,1,0,0.0
31278,0,0,1,0,111.7
31279,0,0,0,0,0.0
31280,1,0,1,1,74.11
31281,0,0,0,1,0.0
31282,0,0,0,0,20.56
31283,1,0,1,0,33.31
31284,1,0,0,0,0.0
31285,1,0,1,0,48.85
31286,0,0,0,0,89.88
31287,0,0,0,0,0.0
31288,0,1,0,0,86.38
31289,0,0,0,0,77.13
31290,0,0,1,0,120.3
31291,1,0,1,0,87.52
31292,0,0,0,0,39.51
31293,0,0,1,0,44.73
31294,0,0,1,0,71.04
31295,0,0,1,0,114.32
31296,0,0,0,0,76.81
31297,0,1,1,0,170.55
31298,1,0,0,0,97.54
31299,0,0,0,0,110.07
31300,1,0,0,0,75.79
31301,1,1,1,0,180.65
31302,0,0,0,0,88.36
31303,0,0,0,0,0.0
31304,0,0,1,0,0.0
31305,0,0,0,0,106.25
31306,0,0,1,0,134.63
31307,0,0,0,0,95.6
31308,1,0,0,0,43.05
31309,0,0,0,0,20.15
31310,0,0,1,0,75.29
31311,1,0,0,0,69.59
31312,1,0,1,0,0.0
31313,0,0,0,0,107.95
31314,1,0,0,0,11.68
31315,1,1,0,0,117.12
31316,0,0,0,0,0.0
31317,1,1,1,0,7.99
31318,0,0,1,0,32.77
31319,0,0,1,0,94.19
31320,0,0,0,0,87.02
31321,1,1,1,1,110.24
31322,1,0,1,0,34.74
31323,1,1,1,0,7.02
31324,1,0,1,0,0.0
31325,1,0,0,0,49.28
31326,1,0,0,0,17.74
31327,0,1,0,0,28.56
31328,1,0,0,0,86.38
31329,1,0,1,0,49.23
31330,0,0,0,0,48.76
31331,0,1,0,0,72.08
31332,1,0,0,1,79.59
31333,0,1,0,0,37.59
31334,1,1,1,0,78.86
31335,1,0,1,0,61.86
31336,0,0,1,0,92.75
31337,1,1,0,1,45.67
31338,1,1,1,0,9.62
31339,0,0,0,0,0.15
31340,1,0,0,0,5.05
31341,0,0,0,0,32.01
31342,0,0,0,0,0.0
31343,0,0,0,0,49.73
31344,0,0,0,0,70.9
31345,0,0,1,0,0.0
31346,0,0,0,0,65.97
31347,1,1,1,1,167.57
31348,0,0,0,0,0.0
31349,1,0,0,0,0.0
31350,0,0,0,0,0.0
31351,1,0,1,0,94.73
31352,0,0,0,0,69.3
31353,0,0,1,0,76.58
31354,0,1,0,0,0.0
31355,1,0,0,0,127.46
31356,1,0,0,0,104.54
31357,0,0,1,0,168.82
31358,1,0,0,0,60.47
31359,0,0,0,1,48.69
31360,1,0,0,0,25.83
31361,0,0,0,0,62.46
31362,0,0,0,0,81.93
31363,0,0,0,1,126.16
31364,0,0,1,0,0.0
31365,0,0,0,0,61.9
31366,0,0,0,0,114.66
31367,0,0,1,0,4.7
31368,1,1,0,0,83.56
31369,1,0,1,0,18.24
31370,0,0,1,0,120.01
31371,1,0,1,0,145.25
31372,0,0,0,0,69.1
31373,0,0,0,0,74.96
31374,0,1,1,0,128.62
31375,0,0,0,0,63.83
31376,1,0,1,0,0.0
31377,1,0,0,0,62.01
31378,1,0,1,0,156.19
31379,0,0,1,0,73.59
31380,1,0,1,0,61.92
31381,0,0,1,0,111.0
31382,1,0,0,0,75.92
31383,1,0,0,0,0.0
31384,0,0,0,0,160.01
31385,0,0,0,0,7.75
31386,0,0,0,0,57.83
31387,0,0,0,0,123.14
31388,1,0,1,0,142.05
31389,0,1,1,0,84.54
31390,0,0,1,1,58.55
31391,0,0,0,0,64.99
31392,1,0,1,0,127.18
31393,0,0,0,0,13.35
31394,1,0,0,0,14.36
31395,0,0,1,0,0.0
31396,0,0,0,0,0.0
31397,0,0,0,0,83.42
31398,0,0,0,0,69.78
31399,1,1,1,1,165.95
31400,0,0,0,0,29.42
31401,0,0,0,0,0.0
31402,0,0,1,0,5.89
31403,0,0,0,0,0.0
31404,1,1,0,0,91.6
31405,1,0,1,0,0.0
31406,1,0,1,0,89.24
31407,0,0,0,0,71.17
31408,1,1,1,0,159.31
31409,1,0,1,0,119.5
31410,0,0,0,0,0.0
31411,0,0,0,0,26.81
31412,0,0,1,0,0.0
31413,1,0,1,0,159.55
31414,0,0,0,1,127.33
31415,0,0,0,0,157.81
31416,0,0,0,0,44.29
31417,0,0,0,0,101.59
31418,0,0,0,0,51.32
31419,0,1,1,0,15.75
31420,0,0,0,0,21.73
31421,1,1,0,0,69.86
31422,0,0,1,0,86.95
31423,0,0,0,0,91.68
31424,0,0,0,0,53.36
31425,0,0,1,0,124.03
31426,0,0,0,0,23.79
31427,0,0,0,0,80.07
31428,0,0,1,0,74.69
31429,1,0,0,0,0.0
31430,1,1,1,1,149.17
31431,0,0,1,0,53.49
31432,1,0,0,0,175.12
31433,0,1,0,0,98.81
31434,0,0,1,0,0.0
31435,0,0,1,0,74.83
31436,1,0,1,0,102.33
31437,0,0,1,0,69.42
31438,0,0,0,0,182.61
31439,0,0,0,0,56.43
31440,1,1,0,0,11.26
31441,0,0,0,0,0.0
31442,0,1,1,1,63.41
31443,1,0,1,0,19.79
31444,0,0,1,0,113.31
31445,1,1,0,0,0.0
31446,0,0,0,0,142.07
31447,0,0,0,0,0.0
31448,0,0,0,0,114.76
31449,1,1,0,0,99.46
31450,0,0,0,0,104.17
31451,1,1,1,0,95.2
31452,1,1,1,0,156.99
31453,0,0,0,0,7.44
31454,1,0,0,0,123.42
31455,0,0,0,0,73.42
31456,1,0,1,0,102.94
31457,0,1,1,0,47.18
31458,0,0,0,0,199.36
31459,0,0,0,0,95.59
31460,0,0,1,1,43.7
31461,0,1,1,0,134.5
31462,0,0,0,0,0.0
31463,1,1,1,0,0.0
31464,0,0,0,0,5.37
31465,1,0,1,0,41.92
31466,0,0,0,0,43.38
31467,1,0,1,0,133.17
31468,1,1,1,0,132.36
31469,0,0,1,0,36.62
31470,0,0,1,1,107.78
31471,0,0,0,0,58.22
31472,1,1,1,0,83.54
31473,0,0,0,0,114.7
31474,0,0,0,0,65.33
31475,0,0,0,0,130.0
31476,0,0,1,1,81.46
31477,1,0,0,0,115.06
31478,0,0,1,0,126.58
31479,1,0,1,0,39.74
31480,0,0,1,0,57.17
31481,1,1,1,0,168.45
31482,1,0,1,0,151.59
31483,0,0,1,0,109.51
31484,1,0,0,0,132.02
31485,0,1,1,0,9.55
31486,0,0,1,0,78.61
31487,0,1,1,0,124.05
31488,0,0,0,0,121.52
31489,0,0,1,0,145.84
31490,0,0,0,0,7.26
31491,1,1,1,0,32.7
31492,0,0,1,0,56.71
31493,0,0,0,0,150.45
31494,0,0,1,0,60.89
31495,1,0,1,0,69.8
31496,0,1,1,0,103.96
31497,0,0,0,0,75.56
31498,0,0,0,0,0.27
31499,0,0,0,0,79.33
31500,1,1,1,1,78.52
31501,1,0,1,0,128.56
31502,0,0,0,0,93.66
31503,0,0,0,0,135.97
31504,0,1,0,0,71.55
31505,1,0,1,0,112.95
31506,0,0,0,0,14.54
31507,0,0,0,0,105.88
31508,1,0,0,0,123.11
31509,0,1,0,0,0.0
31510,0,0,0,0,71.24
31511,1,1,1,0,162.5
31512,1,1,0,0,3.16
31513,1,0,1,0,60.54
31514,0,0,0,0,59.31
31515,0,1,0,0,48.78
31516,0,0,1,0,94.18
31517,1,0,1,0,8.6
31518,0,0,0,0,31.73
31519,1,0,1,0,130.54
31520,1,0,0,0,160.15
31521,0,0,0,0,121.56
31522,0,0,0,0,61.68
31523,0,0,1,0,52.16
31524,0,0,1,0,68.55
31525,1,0,0,0,78.74
31526,0,0,0,0,55.77
31527,0,0,0,0,0.0
31528,1,0,1,0,39.81
31529,1,0,1,0,0.0
31530,0,1,1,0,81.81
31531,0,0,0,0,0.0
31532,1,0,1,0,90.18
31533,0,0,0,0,0.0
31534,0,0,0,1,107.44
31535,1,0,0,0,16.54
31536,0,0,1,0,141.11
31537,0,0,0,0,102.17
31538,0,0,0,1,33.88
31539,1,0,1,0,43.12
31540,0,0,1,0,0.0
31541,1,0,0,0,0.0
31542,0,0,1,0,18.29
31543,1,0,0,0,167.85
31544,0,0,0,0,0.0
31545,1,1,1,0,58.35
31546,0,1,0,0,22.57
31547,1,1,1,0,0.0
31548,0,0,0,0,25.09
31549,0,1,0,1,40.95
31550,0,1,1,0,67.59
31551,0,0,1,0,60.27
31552,0,1,0,0,131.27
31553,1,0,0,0,67.58
31554,1,0,1,0,88.1
31555,1,0,1,0,157.46
31556,0,0,0,0,0.0
31557,1,0,1,0,60.35
31558,0,0,0,0,0.0
31559,1,0,0,0,0.0
31560,0,0,0,0,0.0
31561,1,1,1,0,224.45
31562,1,1,0,0,21.42
31563,1,0,1,0,118.88
31564,1,0,1,1,86.47
31565,0,0,1,0,125.86
31566,1,0,1,0,0.0
31567,0,1,1,0,38.15
31568,0,0,0,0,45.73
31569,1,0,1,0,55.42
31570,1,1,1,0,118.64
31571,1,0,1,1,55.64
31572,0,0,0,0,27.31
31573,0,0,0,0,35.71
31574,1,0,1,0,0.0
31575,0,0,0,0,53.45
31576,1,0,1,0,104.73
31577,1,1,1,0,241.76
31578,0,0,0,0,69.59
31579,0,0,1,0,11.9
31580,1,0,0,0,23.77
31581,0,0,0,0,0.0
31582,1,0,1,0,114.58
31583,0,1,1,0,17.89
31584,0,1,0,0,157.66
31585,1,0,0,0,6.72
31586,0,0,1,0,17.43
31587,0,0,0,0,143.52
31588,1,0,0,0,13.69
31589,0,0,0,0,119.56
31590,0,1,0,0,201.71
31591,0,0,0,0,0.0
31592,1,1,1,0,109.7
31593,0,0,0,0,0.0
31594,1,0,1,0,12.22
31595,1,0,1,0,72.89
31596,0,0,1,0,120.14
31597,0,1,1,0,1.42
31598,0,0,1,0,0.0
31599,0,1,0,0,0.0
31600,1,1,0,0,68.98
31601,0,0,0,0,73.39
31602,0,0,0,0,73.38
31603,0,0,0,0,0.0
31604,1,1,1,0,115.67
31605,0,1,1,0,0.0
31606,0,1,1,1,127.54
31607,1,1,1,1,54.73
31608,0,1,0,0,25.74
31609,0,0,0,0,144.53
31610,0,0,0,0,79.05
31611,0,0,0,0,0.0
31612,1,0,1,0,64.71
31613,1,1,1,1,90.37
31614,0,0,1,0,66.56
31615,0,0,0,1,19.15
31616,0,1,0,0,53.71
31617,1,0,1,0,136.08
31618,0,0,1,0,106.0
31619,0,0,0,0,18.95
31620,0,0,1,0,67.85
31621,0,1,1,0,169.3
31622,0,0,0,0,77.44
31623,0,0,0,0,70.36
31624,1,0,0,1,124.54
31625,1,0,0,0,37.01
31626,1,0,0,0,99.56
31627,0,0,1,0,102.94
31628,0,0,0,0,3.16
31629,0,0,0,0,68.1
31630,1,0,0,0,110.05
31631,0,0,0,0,10.02
31632,1,0,0,0,41.91
31633,1,0,1,0,56.59
31634,0,0,0,0,83.25
31635,1,0,1,0,19.13
31636,0,0,0,0,92.42
31637,0,0,1,0,0.0
31638,1,0,0,0,82.41
31639,0,0,0,0,36.92
31640,0,0,0,0,49.87
31641,1,1,0,0,0.0
31642,1,0,0,0,91.8
31643,0,1,0,0,48.01
31644,0,1,0,0,153.7
31645,0,1,1,0,98.16
31646,1,0,0,0,4.29
31647,1,1,0,0,23.36
31648,0,0,1,0,113.52
31649,1,0,0,1,124.3
31650,1,0,1,0,0.0
31651,0,0,0,0,0.0
31652,1,0,1,0,247.03
31653,0,0,1,0,57.38
31654,0,0,0,0,0.0
31655,1,0,1,0,74.38
31656,0,1,1,0,0.0
31657,0,0,1,0,143.8
31658,0,1,0,0,38.63
31659,0,0,1,0,38.9
31660,0,0,0,0,68.56
31661,0,1,1,0,80.42
31662,0,0,1,0,60.86
31663,1,0,0,0,110.95
31664,0,0,0,0,127.5
31665,0,0,0,0,97.47
31666,0,0,0,0,32.53
31667,0,0,0,0,52.89
31668,0,0,1,0,0.0
31669,0,0,0,0,19.42
31670,1,1,1,0,66.69
31671,1,0,0,1,75.85
31672,1,1,1,0,11.1
31673,1,1,1,0,0.0
31674,0,1,0,0,0.0
31675,0,1,1,0,69.13
31676,0,0,0,0,37.29
31677,0,0,1,1,0.0
31678,0,0,0,0,59.05
31679,0,0,1,0,40.04
31680,0,0,1,0,0.0
31681,0,0,0,0,110.25
31682,1,0,0,0,9.74
31683,0,0,1,0,47.68
31684,0,0,0,1,30.62
31685,0,1,1,0,37.3
31686,1,0,0,0,132.79
31687,0,0,1,0,55.4
31688,1,0,1,0,152.02
31689,0,0,1,0,92.88
31690,0,0,0,0,50.91
31691,0,0,0,1,168.85
31692,0,1,1,0,17.34
31693,1,0,1,1,0.0
31694,0,0,1,0,111.06
31695,1,0,1,0,51.11
31696,0,0,0,0,18.41
31697,1,1,1,0,0.0
31698,0,1,1,0,59.38
31699,0,0,1,0,41.01
31700,1,0,0,0,0.0
31701,0,0,1,0,137.15
31702,0,1,1,0,82.39
31703,0,0,1,0,95.37
31704,1,0,1,0,69.57
31705,1,0,1,0,87.8
31706,0,0,0,0,76.27
31707,0,0,1,0,0.0
31708,0,0,0,0,75.48
31709,0,1,0,0,120.25
31710,0,1,1,0,79.85
31711,1,1,1,1,0.88
31712,0,1,0,0,52.58
31713,0,0,0,0,0.0
31714,1,1,1,1,162.98
31715,0,0,1,0,197.89
31716,1,0,0,0,8.99
31717,0,0,0,0,92.27
31718,0,0,1,0,98.74
31719,0,0,0,0,103.89
31720,0,0,0,0,120.54
31721,0,0,0,0,0.0
31722,0,0,0,0,117.47
31723,0,0,0,0,59.06
31724,0,0,0,1,126.74
31725,0,0,0,0,0.0
31726,1,1,0,0,0.0
31727,0,0,0,0,86.52
31728,0,0,0,0,58.74
31729,0,0,0,0,90.45
31730,1,0,1,0,80.24
31731,1,0,0,0,94.98
31732,1,1,1,0,79.73
31733,0,0,0,0,56.83
31734,0,0,0,0,89.85
31735,1,0,1,0,39.64
31736,1,0,0,0,5.63
31737,0,0,1,0,83.26
31738,0,0,0,0,56.86
31739,0,0,1,0,0.0
31740,1,0,1,0,85.04
31741,0,0,0,0,95.77
31742,0,1,0,1,55.02
31743,0,0,0,0,0.0
31744,1,0,1,1,99.07
31745,0,0,0,0,128.8
31746,1,1,1,0,80.23
31747,1,0,1,0,103.01
31748,0,1,1,0,19.49
31749,1,0,1,0,56.66
31750,1,0,0,0,108.83
31751,0,0,0,0,0.0
31752,0,0,0,0,168.62
31753,0,0,0,0,101.17
31754,0,0,0,1,54.33
31755,0,0,0,0,44.65
31756,1,1,1,0,147.23
31757,1,0,1,0,120.31
31758,0,0,0,0,88.71
31759,1,0,0,0,131.0
31760,0,0,1,0,101.08
31761,0,1,0,1,10.48
31762,0,1,0,0,31.45
31763,0,0,0,0,61.25
31764,0,0,0,0,41.51
31765,1,0,0,0,99.53
31766,0,0,0,0,63.94
31767,1,1,1,1,121.63
31768,0,0,0,0,78.45
31769,1,1,0,0,128.31
31770,0,0,0,1,120.97
31771,1,0,0,1,51.67
31772,1,0,0,0,226.49
31773,0,0,0,0,58.09
31774,0,1,1,0,96.04
31775,0,1,1,0,64.35
31776,1,0,0,0,129.28
31777,0,0,0,0,100.69
31778,0,0,0,0,148.81
31779,1,0,0,0,88.28
31780,0,0,0,0,66.37
31781,1,0,1,0,66.62
31782,1,0,0,0,159.07
31783,1,0,0,0,55.49
31784,0,0,0,0,17.68
31785,0,0,1,0,27.15
31786,0,0,0,0,14.94
31787,0,0,1,0,69.62
31788,0,0,1,0,218.91
31789,0,1,1,0,116.51
31790,1,0,1,1,149.61
31791,0,0,1,0,100.79
31792,1,0,0,0,138.59
31793,1,0,1,0,0.0
31794,1,0,1,0,99.21
31795,0,0,1,0,110.02
31796,0,1,0,0,0.0
31797,1,1,1,0,39.1
31798,0,1,0,0,0.0
31799,1,1,1,0,50.21
31800,0,0,0,0,187.34
31801,1,0,1,0,72.87
31802,0,0,0,1,117.24
31803,0,0,0,0,52.01
31804,0,0,0,1,0.0
31805,0,0,1,0,86.55
31806,1,0,1,0,77.91
31807,0,0,1,0,130.97
31808,0,0,0,0,86.43
31809,1,0,0,0,148.52
31810,1,1,0,0,56.75
31811,0,0,0,0,83.71
31812,1,0,0,0,138.81
31813,1,1,1,0,32.0
31814,0,0,0,0,96.91
31815,1,1,1,1,71.05
31816,0,0,1,0,0.0
31817,1,1,0,0,107.3
31818,0,0,0,0,15.08
31819,0,0,1,0,0.0
31820,0,0,0,0,79.73
31821,0,1,1,0,200.84
31822,0,0,0,0,0.0
31823,1,1,1,0,161.25
31824,1,1,0,0,0.0
31825,1,1,1,0,56.14
31826,0,0,0,0,94.72
31827,0,0,0,0,56.55
31828,0,0,0,0,11.36
31829,0,0,0,1,0.0
31830,0,0,0,0,0.0
31831,1,0,0,0,36.2
31832,0,0,1,0,11.91
31833,1,1,1,0,89.04
31834,1,0,1,0,83.49
31835,0,0,0,0,149.31
31836,0,0,0,0,0.0
31837,1,1,0,0,130.04
31838,1,0,0,0,124.24
31839,0,0,1,0,92.76
31840,0,0,0,0,68.16
31841,0,0,0,0,13.9
31842,0,0,1,0,0.0
31843,0,1,1,0,56.6
31844,0,0,0,0,67.44
31845,1,0,1,0,55.28
31846,0,0,0,0,13.66
31847,1,1,1,0,69.29
31848,0,1,1,0,92.38
31849,0,0,0,0,61.41
31850,1,1,1,1,197.28
31851,1,0,0,0,30.57
31852,0,1,1,0,64.43
31853,0,0,0,0,0.19
31854,1,0,0,0,49.39
31855,1,0,0,0,52.07
31856,0,0,0,0,0.0
31857,1,0,0,0,0.0
31858,0,0,0,0,108.22
31859,0,0,0,0,42.56
31860,0,0,0,0,38.16
31861,1,1,1,1,99.37
31862,0,0,0,0,75.91
31863,0,0,1,0,55.53
31864,0,0,0,0,56.66
31865,0,0,1,0,105.92
31866,0,0,0,0,124.78
31867,0,0,0,0,6.25
31868,1,1,0,0,59.99
31869,0,1,1,0,97.88
31870,0,0,0,0,124.45
31871,1,0,0,0,23.9
31872,0,1,0,0,9.31
31873,0,0,0,0,88.6
31874,0,0,0,0,33.56
31875,0,0,0,0,80.68
31876,0,0,1,0,36.2
31877,0,0,1,0,129.57
31878,0,0,0,0,48.23
31879,0,1,1,0,0.0
31880,0,0,0,0,61.52
31881,0,0,0,0,0.0
31882,0,0,1,0,63.17
31883,1,0,0,0,0.0
31884,0,0,0,0,0.0
31885,1,0,0,0,44.66
31886,1,0,1,0,89.74
31887,1,0,1,0,108.91
31888,1,0,0,0,112.06
31889,1,0,1,0,88.93
31890,0,1,1,0,96.39
31891,0,0,1,0,0.0
31892,1,0,1,0,163.54
31893,0,0,1,0,77.1
31894,0,0,0,0,125.29
31895,0,0,0,0,60.74
31896,0,0,1,0,29.95
31897,1,0,0,0,0.0
31898,0,0,0,0,29.74
31899,0,0,0,0,0.0
31900,0,0,0,0,0.0
31901,1,1,0,0,80.04
31902,1,0,1,0,166.56
31903,0,0,0,0,113.92
31904,0,0,0,0,88.38
31905,1,0,0,0,160.79
31906,1,0,0,0,54.6
31907,1,0,0,0,174.35
31908,1,1,1,0,118.27
31909,0,0,0,0,0.0
31910,0,0,0,0,29.91
31911,0,0,0,0,36.28
31912,1,1,1,0,94.04
31913,0,0,0,0,49.34
31914,1,0,0,0,133.3
31915,1,0,1,0,135.85
31916,1,0,0,0,119.11
31917,0,0,0,0,169.16
31918,0,1,0,0,123.99
31919,1,1,1,0,96.71
31920,0,0,0,0,68.77
31921,0,0,1,0,69.56
31922,0,1,0,0,27.88
31923,0,0,0,0,144.48
31924,1,1,1,0,43.68
31925,1,0,1,0,9.44
31926,0,1,0,1,53.34
31927,1,0,0,0,0.0
31928,1,0,0,0,102.98
31929,0,1,0,0,96.0
31930,1,0,0,0,70.45
31931,1,0,1,0,51.27
31932,0,0,0,0,22.8
31933,1,0,1,0,125.06
31934,0,0,0,0,37.58
31935,0,0,0,0,31.72
31936,1,0,0,0,60.91
31937,0,0,1,0,0.0
31938,0,0,1,0,115.0
31939,1,0,1,0,83.23
31940,1,0,1,1,127.87
31941,0,0,0,0,0.0
31942,1,0,0,0,0.0
31943,1,1,1,0,85.48
31944,0,0,0,1,101.5
31945,1,0,1,0,48.73
31946,0,0,0,0,53.07
31947,1,0,0,0,0.0
31948,1,1,1,0,24.57
31949,1,0,0,0,0.0
31950,1,0,1,0,213.64
31951,0,1,1,0,119.7
31952,1,0,0,1,159.84
31953,0,1,1,0,117.22
31954,0,0,0,0,71.01
31955,1,0,0,0,81.48
31956,1,0,0,0,8.2
31957,1,0,1,0,53.51
31958,0,0,0,1,83.63
31959,0,0,0,0,68.58
31960,0,0,0,1,20.6
31961,0,0,0,0,2.25
31962,0,0,0,0,73.28
31963,1,0,0,0,49.96
31964,0,0,1,0,119.84
31965,0,1,1,0,20.24
31966,1,0,1,0,122.72
31967,0,0,0,0,67.76
31968,0,0,0,0,95.82
31969,0,0,1,0,6.37
31970,1,1,0,0,159.33
31971,1,0,1,0,40.79
31972,0,0,0,0,171.12
31973,0,0,1,0,216.72
31974,0,0,0,0,7.42
31975,0,1,1,0,140.78
31976,0,1,0,0,63.65
31977,0,0,0,0,146.09
31978,0,0,0,0,0.0
31979,0,0,0,0,4.89
31980,0,0,0,0,50.0
31981,0,0,0,1,83.07
31982,0,1,1,0,131.75
31983,0,0,0,0,23.04
31984,1,0,1,0,0.0
31985,1,0,1,0,0.0
31986,0,1,1,0,182.32
31987,0,0,0,0,51.96
31988,0,0,0,0,1.82
31989,1,1,1,0,118.23
31990,0,0,0,0,120.36
31991,1,0,0,0,95.13
31992,0,0,0,0,80.64
31993,0,0,1,0,123.62
31994,1,0,0,0,0.0
31995,0,0,0,0,0.0
31996,1,0,1,0,103.19
31997,1,1,1,0,50.69
31998,0,0,0,0,0.0
31999,0,0,0,0,0.0
32000,1,1,1,0,88.32
32001,0,0,0,0,0.0
32002,0,0,0,0,119.77
32003,1,0,0,0,0.0
32004,1,0,1,0,25.68
32005,0,0,1,0,103.09
32006,1,1,0,0,43.16
32007,0,1,0,0,113.3
32008,0,0,0,0,58.5
32009,0,0,0,0,72.12
32010,0,0,0,0,162.25
32011,0,0,0,1,0.0
32012,0,0,0,1,43.55
32013,0,0,0,1,53.52
32014,1,0,0,0,49.37
32015,0,0,0,0,30.07
32016,1,0,0,0,95.01
32017,0,0,1,0,2.29
32018,0,0,0,0,0.0
32019,0,0,0,0,39.51
32020,1,0,1,0,169.14
32021,1,1,0,0,19.83
32022,0,0,0,0,149.65
32023,0,0,1,0,118.01
32024,0,0,1,0,70.8
32025,0,0,0,0,74.8
32026,1,0,0,0,67.61
32027,0,1,1,0,4.16
32028,0,0,1,0,107.79
32029,0,0,0,0,58.73
32030,1,1,1,0,164.92
32031,1,1,1,0,106.28
32032,0,0,0,0,90.14
32033,1,0,0,0,27.49
32034,0,0,0,0,113.67
32035,1,0,1,0,86.25
32036,1,1,0,1,88.3
32037,0,0,0,0,48.81
32038,0,0,1,0,14.38
32039,0,0,0,0,0.0
32040,0,0,0,1,66.1
32041,1,0,0,0,10.33
32042,0,1,1,0,168.36
32043,1,1,0,0,171.9
32044,0,0,0,0,37.29
32045,0,0,0,0,28.09
32046,1,0,0,0,34.46
32047,0,0,0,0,94.5
32048,0,0,0,0,52.25
32049,1,0,1,0,17.52
32050,0,0,0,0,65.99
32051,1,1,1,1,153.91
32052,1,0,0,0,62.76
32053,0,0,0,0,84.89
32054,0,0,0,0,0.0
32055,1,1,1,0,71.62
32056,0,0,0,0,0.0
32057,0,1,0,0,103.11
32058,1,1,1,0,13.59
32059,1,0,1,0,0.0
32060,1,0,1,0,90.17
32061,0,1,1,0,159.36
32062,1,0,0,0,139.41
32063,0,1,1,0,39.58
32064,0,0,0,0,0.0
32065,0,0,0,0,22.37
32066,1,0,1,0,0.0
32067,0,0,0,0,143.34
32068,1,0,1,0,20.1
32069,1,1,1,0,35.57
32070,1,0,0,0,11.02
32071,0,0,0,0,109.45
32072,0,0,0,0,41.16
32073,0,0,1,1,68.47
32074,0,0,1,0,93.79
32075,0,1,1,0,120.05
32076,1,1,0,1,89.92
32077,0,0,0,0,135.02
32078,1,1,1,0,107.99
32079,0,0,0,1,82.15
32080,1,1,1,0,120.83
32081,0,0,0,0,59.07
32082,1,0,0,1,89.68
32083,0,0,1,0,118.6
32084,0,1,0,0,0.0
32085,0,0,0,0,83.0
32086,0,0,0,0,0.14
32087,0,1,0,0,0.54
32088,0,0,0,0,22.31
32089,1,0,1,0,87.42
32090,1,0,1,0,0.0
32091,1,0,1,0,73.26
32092,0,0,0,0,33.88
32093,1,1,1,0,125.94
32094,0,0,0,0,0.0
32095,0,1,0,0,181.9
32096,0,1,1,0,39.91
32097,0,1,0,0,41.23
32098,1,0,1,0,116.72
32099,1,0,1,0,78.14
32100,0,0,0,0,3.93
32101,0,0,1,0,66.3
32102,0,0,1,0,15.63
32103,0,0,1,1,23.19
32104,1,0,0,0,101.55
32105,1,0,1,0,161.61
32106,0,0,0,0,0.0
32107,0,0,0,0,103.72
32108,1,0,1,0,43.08
32109,0,0,0,0,0.0
32110,0,0,0,0,103.77
32111,0,1,1,0,105.78
32112,0,1,1,1,7.56
32113,1,0,1,1,210.82
32114,1,0,1,0,100.74
32115,0,0,1,0,85.28
32116,0,0,0,0,84.11
32117,0,1,0,0,72.51
32118,0,1,1,0,0.0
32119,0,1,0,0,107.65
32120,0,0,0,0,29.81
32121,0,0,0,0,41.91
32122,0,0,0,0,155.81
32123,1,0,0,0,63.22
32124,0,0,1,0,49.5
32125,0,0,0,0,53.96
32126,1,0,1,0,7.29
32127,0,0,0,0,113.03
32128,1,1,1,0,2.32
32129,0,1,0,0,17.37
32130,0,0,0,0,0.0
32131,0,0,1,0,82.92
32132,0,0,1,0,0.0
32133,0,0,1,0,0.65
32134,0,0,1,0,142.49
32135,0,0,0,1,0.0
32136,1,0,0,0,49.09
32137,0,0,0,0,17.06
32138,0,0,0,1,22.55
32139,1,0,1,0,0.0
32140,0,0,1,0,0.0
32141,0,0,0,0,0.0
32142,0,1,0,0,87.7
32143,1,0,1,0,97.63
32144,0,1,0,1,121.29
32145,0,0,0,0,0.0
32146,0,0,0,0,51.04
32147,0,0,1,0,132.9
32148,1,0,0,0,0.0
32149,0,1,0,0,34.64
32150,1,1,1,0,171.4
32151,0,0,0,0,31.69
32152,1,0,0,0,72.17
32153,0,0,1,0,24.66
32154,0,0,1,0,109.65
32155,0,1,1,0,112.24
32156,0,1,0,0,92.71
32157,0,0,1,0,129.56
32158,0,0,0,0,62.41
32159,0,0,1,0,107.9
32160,0,0,0,0,80.81
32161,1,0,0,0,84.94
32162,1,1,0,0,82.0
32163,0,0,0,0,149.19
32164,0,0,1,0,72.47
32165,1,0,0,1,137.67
32166,0,0,0,0,11.51
32167,0,0,0,0,95.17
32168,1,0,0,0,84.69
32169,0,0,0,0,84.69
32170,0,0,0,0,0.0
32171,0,0,0,0,80.86
32172,0,0,0,0,0.0
32173,1,0,1,0,43.79
32174,1,1,0,0,163.85
32175,0,0,0,0,58.79
32176,0,0,1,0,89.36
32177,0,0,0,0,0.0
32178,0,0,0,0,9.99
32179,1,0,1,0,112.53
32180,1,0,0,0,63.36
32181,0,0,0,0,54.64
32182,0,0,0,0,67.2
32183,1,0,1,0,69.7
32184,0,0,0,0,144.2
32185,1,0,1,0,79.19
32186,1,0,1,1,0.0
32187,1,0,0,0,96.3
32188,0,0,0,0,147.69
32189,0,0,0,0,90.22
32190,0,1,0,1,19.56
32191,0,0,0,0,39.51
32192,0,0,0,0,95.3
32193,0,0,0,0,64.76
32194,0,0,0,0,112.91
32195,0,0,1,0,9.85
32196,1,0,0,0,81.56
32197,1,0,0,0,109.77
32198,1,1,1,0,119.29
32199,0,0,0,0,50.01
32200,0,0,0,0,40.0
32201,0,0,1,0,120.72
32202,0,0,0,1,0.0
32203,0,0,0,0,17.03
32204,1,0,1,0,37.94
32205,0,0,0,0,46.16
32206,1,1,1,0,68.35
32207,0,0,1,0,66.2
32208,0,0,0,0,90.32
32209,1,0,1,0,0.0
32210,0,0,0,0,0.0
32211,0,0,0,0,0.0
32212,0,0,1,0,0.0
32213,0,0,0,0,8.15
32214,1,0,1,1,97.12
32215,1,0,1,0,58.68
32216,1,0,1,0,38.36
32217,1,0,1,1,228.95
32218,1,0,0,1,76.53
32219,1,0,0,0,198.93
32220,1,0,0,1,95.85
32221,0,0,1,1,57.75
32222,0,0,0,0,0.0
32223,0,0,1,0,42.69
32224,0,0,0,0,0.0
32225,1,1,1,1,96.21
32226,0,1,0,0,0.0
32227,0,0,0,0,111.95
32228,0,0,0,0,153.69
32229,0,0,0,0,61.41
32230,0,0,0,0,0.0
32231,0,0,0,0,108.82
32232,0,0,0,0,86.55
32233,1,0,0,0,85.21
32234,0,0,0,0,0.0
32235,0,0,0,0,72.37
32236,0,0,0,0,82.28
32237,0,0,1,0,78.14
32238,1,0,0,0,83.07
32239,1,0,1,0,99.01
32240,0,0,1,0,151.22
32241,1,1,1,0,0.0
32242,1,0,1,0,0.0
32243,0,1,1,0,111.29
32244,0,0,0,0,24.86
32245,0,0,0,0,54.91
32246,0,0,0,0,133.27
32247,0,1,0,0,0.0
32248,1,1,1,0,129.63
32249,1,0,0,0,0.0
32250,0,0,0,0,0.0
32251,0,0,1,0,55.8
32252,1,0,0,0,78.65
32253,1,0,1,0,130.89
32254,0,0,0,0,86.48
32255,0,0,0,0,0.0
32256,0,0,1,0,138.64
32257,0,0,0,0,39.14
32258,0,0,0,1,55.78
32259,1,0,0,0,87.35
32260,0,0,0,1,95.5
32261,0,0,0,0,140.43
32262,1,1,0,0,70.49
32263,1,0,1,0,84.55
32264,0,1,0,0,130.4
32265,0,0,0,0,0.0
32266,1,0,0,0,0.0
32267,0,0,0,0,71.84
32268,1,0,0,1,120.03
32269,0,1,0,0,184.22
32270,1,1,0,0,101.11
32271,0,0,0,0,101.3
32272,1,0,1,0,0.06
32273,1,0,1,0,88.64
32274,0,0,0,0,0.0
32275,0,1,0,0,21.39
32276,1,1,1,0,47.56
32277,1,0,0,0,111.42
32278,0,0,1,0,68.22
32279,0,1,1,0,0.0
32280,0,1,1,0,87.09
32281,0,0,1,0,77.74
32282,1,0,1,0,182.19
32283,0,0,1,0,32.97
32284,0,0,1,0,12.82
32285,0,1,0,0,113.04
32286,0,1,0,0,97.12
32287,1,0,1,0,19.86
32288,0,0,0,0,159.22
32289,0,0,1,1,107.0
32290,0,0,1,0,125.21
32291,1,0,1,0,165.01
32292,1,0,0,1,129.09
32293,0,0,0,0,155.82
32294,1,0,0,0,80.44
32295,1,1,1,0,134.54
32296,0,0,1,0,169.25
32297,1,0,1,0,135.57
32298,1,1,0,0,0.0
32299,0,0,1,0,185.12
32300,0,1,0,0,172.8
32301,0,1,0,0,52.78
32302,1,1,1,0,30.09
32303,0,0,1,0,0.0
32304,1,0,0,0,0.0
32305,0,0,0,0,33.51
32306,0,0,0,0,14.09
32307,0,1,0,0,11.09
32308,0,0,0,0,120.94
32309,0,0,0,1,77.12
32310,1,0,1,0,178.98
32311,0,0,0,0,0.0
32312,0,0,0,0,66.24
32313,0,0,0,0,176.69
32314,1,0,1,0,45.89
32315,1,0,1,0,88.36
32316,1,0,1,0,33.43
32317,0,0,1,0,46.03
32318,1,0,0,1,126.84
32319,1,0,1,0,98.8
32320,0,0,0,0,99.72
32321,0,0,0,0,89.06
32322,1,0,1,0,159.68
32323,0,0,1,0,12.82
32324,0,0,0,1,0.0
32325,0,0,0,0,56.78
32326,1,0,0,1,14.81
32327,1,1,1,0,29.75
32328,1,0,1,0,64.53
32329,0,1,0,1,187.52
32330,1,0,1,0,104.01
32331,0,0,0,0,140.11
32332,0,0,0,0,0.0
32333,1,0,1,0,20.44
32334,0,0,1,0,27.88
32335,1,0,1,0,139.86
32336,0,0,0,0,0.0
32337,0,0,0,0,0.0
32338,1,1,1,0,28.47
32339,0,0,0,0,154.66
32340,0,0,0,0,51.11
32341,0,1,1,0,26.24
32342,0,1,1,0,26.67
32343,0,0,0,0,157.19
32344,1,1,0,0,98.65
32345,1,0,0,0,70.12
32346,0,0,1,0,75.08
32347,1,1,1,0,111.73
32348,0,0,1,0,89.31
32349,0,0,0,0,99.46
32350,0,0,0,0,144.9
32351,0,0,1,0,113.39
32352,0,1,0,1,105.55
32353,1,0,1,0,49.38
32354,1,0,0,0,0.0
32355,1,1,1,0,70.19
32356,0,0,0,0,0.0
32357,0,0,0,0,88.56
32358,0,0,0,0,122.29
32359,0,0,0,0,7.58
32360,1,0,1,0,74.34
32361,1,1,1,0,0.0
32362,1,0,0,0,70.38
32363,1,0,0,0,59.41
32364,1,0,0,0,88.86
32365,1,1,1,0,197.41
32366,0,0,0,0,172.71
32367,1,1,0,0,45.34
32368,0,0,0,1,69.44
32369,0,0,0,0,0.0
32370,0,1,0,0,24.92
32371,1,1,1,0,106.18
32372,0,0,0,0,90.44
32373,1,0,1,1,76.01
32374,1,1,1,0,139.08
32375,1,0,0,0,172.41
32376,0,1,1,0,119.41
32377,0,0,0,0,121.92
32378,1,0,1,0,168.43
32379,0,0,0,0,124.46
32380,0,0,1,0,89.65
32381,0,0,0,0,197.05
32382,0,1,1,0,43.65
32383,0,1,1,0,90.14
32384,1,0,1,0,0.0
32385,0,0,0,0,152.07
32386,1,0,0,0,125.33
32387,0,0,0,0,100.8
32388,1,1,1,0,158.26
32389,0,0,1,0,33.52
32390,0,0,1,0,253.42
32391,1,0,1,0,100.64
32392,1,0,0,0,126.22
32393,0,0,0,1,136.51
32394,0,0,0,0,136.15
32395,0,0,1,0,120.57
32396,0,0,0,0,0.0
32397,0,0,0,0,40.69
32398,1,0,0,0,189.33
32399,1,0,1,1,0.0
32400,0,0,1,0,190.35
32401,0,0,1,0,130.38
32402,1,1,1,1,165.99
32403,0,0,0,0,155.03
32404,0,0,0,0,27.24
32405,1,0,1,0,26.21
32406,0,0,0,0,102.26
32407,0,0,1,0,0.0
32408,0,1,0,1,72.52
32409,0,0,0,0,59.76
32410,0,0,0,0,37.14
32411,0,0,0,0,19.58
32412,0,0,0,0,78.37
32413,0,0,0,0,65.49
32414,0,0,1,0,98.7
32415,1,1,1,0,226.29
32416,0,0,0,0,70.97
32417,1,0,1,0,57.25
32418,0,0,1,0,20.78
32419,1,0,1,0,141.18
32420,0,0,0,0,3.32
32421,1,0,0,0,58.06
32422,0,0,0,0,106.64
32423,0,0,1,1,127.12
32424,0,1,0,0,50.4
32425,0,1,1,0,0.0
32426,0,1,0,0,86.71
32427,1,0,1,0,103.86
32428,0,0,0,0,0.0
32429,1,0,0,0,75.25
32430,0,1,1,0,0.0
32431,1,0,0,0,0.0
32432,1,0,1,0,28.24
32433,0,0,0,0,98.95
32434,0,0,0,0,0.0
32435,0,1,0,0,123.08
32436,1,0,1,0,15.19
32437,0,0,0,0,0.0
32438,1,0,1,0,0.0
32439,0,0,0,0,0.0
32440,0,0,0,0,19.37
32441,0,0,0,0,90.53
32442,0,0,0,0,0.0
32443,0,0,0,0,105.17
32444,1,0,0,1,17.18
32445,1,1,1,0,123.7
32446,1,0,1,0,90.51
32447,1,0,1,1,105.08
32448,0,0,0,0,108.95
32449,0,0,0,0,88.51
32450,0,1,1,0,98.18
32451,0,0,0,0,172.92
32452,1,0,1,1,123.91
32453,1,1,1,0,206.11
32454,1,0,1,0,47.18
32455,1,0,1,0,87.73
32456,0,0,1,0,76.6
32457,0,0,0,0,111.66
32458,0,0,0,0,0.0
32459,0,1,0,0,118.0
32460,0,0,0,0,2.81
32461,0,0,0,0,82.82
32462,0,0,0,0,76.76
32463,0,0,0,1,147.09
32464,0,0,0,0,45.72
32465,1,0,1,0,81.96
32466,1,1,1,0,0.0
32467,1,0,1,0,52.14
32468,0,0,1,0,87.34
32469,1,0,1,0,0.0
32470,1,0,1,0,106.99
32471,0,0,1,0,0.0
32472,1,1,1,0,88.78
32473,1,0,0,0,89.92
32474,0,0,0,1,66.87
32475,0,0,0,0,145.01
32476,0,0,1,0,0.0
32477,1,0,1,0,0.0
32478,1,0,1,0,83.67
32479,0,0,1,1,91.87
32480,1,0,1,0,71.39
32481,1,0,0,0,60.95
32482,1,0,1,0,80.88
32483,1,1,0,0,181.79
32484,0,0,0,0,0.0
32485,0,0,0,0,28.93
32486,1,0,1,0,166.21
32487,0,0,0,0,0.0
32488,0,0,0,0,93.11
32489,0,0,0,0,44.71
32490,0,0,1,0,39.8
32491,0,0,1,0,95.5
32492,1,1,1,0,195.59
32493,0,0,1,0,9.95
32494,0,1,0,0,162.61
32495,0,1,1,0,80.37
32496,1,0,1,0,126.68
32497,1,0,1,0,134.72
32498,0,0,1,0,82.31
32499,1,0,1,0,21.12
32500,0,0,0,0,48.16
32501,0,0,0,0,162.24
32502,0,0,0,0,135.65
32503,1,0,1,1,0.0
32504,1,0,0,0,42.05
32505,0,0,0,0,40.99
32506,0,0,0,0,56.32
32507,0,0,0,0,40.51
32508,1,0,0,0,78.61
32509,0,0,0,0,151.37
32510,0,0,0,0,69.73
32511,0,1,1,0,18.99
32512,1,0,1,0,107.14
32513,0,0,0,0,28.13
32514,1,0,1,0,64.59
32515,0,0,0,0,91.98
32516,1,0,0,0,0.0
32517,0,0,0,1,122.53
32518,1,0,0,0,14.49
32519,0,0,0,0,0.0
32520,0,0,0,0,165.8
32521,0,0,0,0,8.74
32522,0,1,1,0,30.65
32523,1,1,1,0,72.49
32524,0,0,0,0,101.26
32525,1,0,0,0,50.93
32526,1,0,1,0,120.62
32527,1,0,1,0,183.11
32528,1,1,1,1,0.0
32529,0,1,1,0,45.65
32530,1,1,1,0,109.67
32531,0,0,0,0,6.53
32532,0,0,0,0,65.05
32533,1,0,1,0,238.82
32534,0,0,1,0,0.0
32535,0,0,0,0,48.87
32536,1,0,0,0,217.8
32537,0,1,0,0,110.23
32538,1,0,1,0,56.43
32539,1,0,1,0,94.62
32540,1,0,1,0,113.4
32541,0,0,0,0,19.0
32542,0,0,0,0,139.48
32543,0,0,1,0,123.39
32544,0,0,0,0,71.65
32545,0,1,1,0,131.93
32546,1,0,1,0,71.46
32547,1,0,1,0,128.54
32548,1,0,0,0,78.61
32549,1,1,1,0,128.02
32550,1,0,1,0,102.96
32551,1,1,1,0,164.03
32552,0,0,0,0,82.4
32553,1,1,1,0,73.79
32554,0,0,0,0,7.4
32555,1,0,1,0,16.06
32556,0,0,0,1,131.14
32557,0,0,1,0,0.0
32558,1,0,1,0,83.85
32559,0,1,1,0,19.72
32560,1,0,0,0,42.76
32561,0,0,1,0,82.01
32562,0,0,0,0,0.0
32563,1,1,1,0,80.53
32564,1,0,0,0,57.72
32565,0,0,1,0,85.72
32566,0,0,0,0,54.24
32567,0,0,0,0,113.89
32568,0,0,0,0,0.0
32569,0,0,0,0,114.22
32570,1,0,0,0,62.7
32571,0,0,0,0,137.17
32572,1,0,0,0,198.34
32573,1,1,1,0,0.0
32574,0,0,0,0,47.33
32575,0,0,0,0,188.49
32576,1,0,0,1,65.11
32577,0,0,0,0,2.56
32578,0,0,0,0,107.59
32579,0,0,0,0,35.25
32580,0,0,0,0,56.43
32581,0,0,1,1,0.0
32582,0,0,1,0,60.32
32583,0,0,0,0,173.14
32584,0,0,0,0,118.91
32585,1,0,0,1,0.0
32586,1,1,1,0,34.66
32587,0,1,1,0,85.67
32588,0,1,1,0,164.0
32589,0,0,0,0,62.33
32590,0,0,1,0,186.26
32591,1,0,0,0,61.02
32592,0,0,0,0,49.7
32593,0,1,1,1,0.0
32594,1,0,1,0,104.81
32595,0,0,1,0,30.56
32596,0,1,1,0,130.62
32597,0,0,0,0,0.0
32598,0,0,0,0,53.9
32599,1,0,0,1,195.36
32600,1,0,0,0,27.6
32601,1,1,1,0,88.2
32602,0,0,0,0,146.98
32603,1,1,0,0,45.77
32604,0,0,0,0,6.98
32605,0,0,0,0,116.0
32606,0,0,0,1,65.12
32607,1,1,1,1,87.83
32608,1,1,0,0,180.49
32609,0,0,1,0,31.65
32610,0,0,0,0,108.81
32611,0,0,0,0,78.09
32612,0,0,0,0,60.05
32613,1,0,0,1,31.6
32614,0,0,1,0,21.17
32615,0,1,1,0,68.25
32616,1,1,1,0,106.36
32617,1,0,1,0,105.69
32618,0,0,0,0,56.35
32619,1,0,1,0,41.43
32620,0,0,0,0,76.14
32621,0,0,0,0,99.0
32622,0,0,0,0,30.68
32623,0,0,0,0,131.17
32624,0,0,0,0,140.66
32625,0,0,0,0,30.9
32626,1,0,0,0,76.79
32627,1,0,0,0,7.42
32628,0,1,1,0,49.64
32629,0,0,0,0,0.0
32630,1,1,1,0,107.72
32631,1,0,1,0,195.4
32632,0,0,0,0,49.41
32633,0,0,0,0,11.04
32634,0,0,1,0,0.0
32635,0,0,0,0,139.78
32636,1,0,1,0,67.01
32637,0,1,0,0,68.41
32638,0,0,0,1,0.0
32639,0,1,1,0,0.0
32640,0,0,0,0,0.0
32641,1,0,0,0,86.03
32642,0,0,0,0,0.0
32643,0,0,1,0,0.0
32644,0,0,0,0,47.98
32645,1,0,1,0,139.78
32646,0,0,0,0,75.96
32647,1,0,1,0,91.02
32648,0,0,1,0,86.2
32649,0,0,1,0,46.97
32650,0,0,0,0,86.3
32651,0,0,1,0,81.81
32652,1,0,0,0,44.2
32653,1,0,0,0,0.0
32654,0,1,1,0,66.6
32655,0,1,1,0,13.21
32656,1,0,1,0,71.19
32657,1,0,1,0,10.54
32658,0,0,1,0,0.0
32659,0,1,1,0,74.88
32660,0,1,1,0,61.66
32661,1,0,0,0,83.58
32662,1,0,1,0,0.0
32663,1,0,1,0,28.89
32664,1,1,1,0,192.78
32665,0,0,0,0,0.0
32666,0,0,0,1,108.88
32667,0,0,1,0,14.07
32668,0,0,1,1,27.62
32669,1,0,0,0,4.55
32670,0,0,0,0,0.0
32671,0,0,1,0,83.59
32672,1,0,0,0,38.64
32673,0,0,0,0,129.46
32674,1,1,1,0,66.19
32675,1,0,1,0,0.13
32676,0,0,0,0,142.87
32677,0,0,0,0,47.46
32678,0,0,0,0,0.0
32679,0,0,0,1,90.83
32680,1,0,0,0,74.3
32681,0,0,1,0,44.38
32682,0,0,1,0,148.65
32683,1,1,1,0,101.63
32684,1,0,1,1,27.78
32685,0,0,0,1,99.2
32686,0,0,0,0,0.0
32687,0,1,1,0,79.06
32688,0,0,0,0,104.42
32689,0,0,0,0,49.46
32690,0,1,0,0,0.0
32691,1,1,1,0,31.1
32692,0,0,0,0,29.97
32693,0,0,0,0,129.04
32694,0,0,0,0,0.0
32695,1,0,0,0,107.28
32696,1,1,1,0,35.2
32697,1,0,1,0,179.6
32698,1,0,0,1,79.8
32699,0,0,0,0,27.67
32700,1,1,1,0,129.81
32701,0,0,1,0,126.41
32702,0,0,0,1,145.31
32703,0,0,0,0,93.06
32704,0,0,1,0,138.34
32705,0,0,1,0,172.36
32706,0,0,0,0,76.58
32707,1,0,0,0,36.92
32708,0,1,0,0,103.64
32709,0,0,0,0,67.3
32710,0,1,1,0,22.21
32711,0,1,1,0,93.31
32712,1,1,1,0,48.19
32713,0,0,0,1,2.62
32714,1,0,1,0,159.44
32715,0,0,0,0,129.05
32716,0,0,0,0,0.0
32717,1,0,1,0,78.11
32718,1,1,1,0,48.89
32719,1,0,0,0,42.77
32720,0,1,0,0,89.93
32721,0,0,0,0,44.28
32722,1,0,1,0,70.38
32723,0,0,0,0,86.28
32724,0,0,0,0,14.72
32725,1,1,0,0,59.79
32726,1,0,1,0,41.64
32727,0,0,0,0,25.2
32728,0,0,0,0,90.33
32729,0,0,0,1,58.76
32730,0,0,0,0,0.0
32731,0,0,0,0,46.81
32732,1,0,1,0,82.0
32733,0,1,1,0,70.52
32734,0,1,1,0,60.99
32735,0,0,1,0,111.59
32736,1,0,0,0,0.0
32737,0,1,0,1,106.97
32738,0,0,0,0,149.95
32739,1,1,0,0,104.73
32740,1,0,1,0,194.15
32741,0,0,1,0,211.19
32742,0,0,0,0,0.0
32743,1,0,0,0,0.0
32744,0,1,1,0,32.92
32745,0,1,1,0,21.13
32746,0,0,1,0,48.75
32747,1,1,0,0,27.58
32748,1,1,1,1,194.39
32749,0,0,1,0,137.7
32750,1,0,0,0,87.49
32751,0,0,0,0,68.7
32752,1,1,1,0,134.51
32753,1,1,1,1,98.07
32754,0,0,0,0,116.71
32755,0,0,0,0,84.33
32756,0,1,1,1,63.98
32757,1,0,0,0,54.04
32758,0,0,0,0,0.0
32759,0,0,0,0,44.29
32760,0,0,0,0,77.62
32761,1,1,1,0,167.11
32762,1,0,1,0,157.3
32763,1,0,0,1,84.43
32764,0,0,0,0,111.44
32765,1,0,1,0,40.44
32766,0,0,0,0,72.85
32767,0,0,1,0,27.41
32768,0,0,1,1,42.62
32769,0,0,0,0,68.84
32770,0,0,0,0,80.78
32771,0,0,1,0,47.09
32772,0,1,1,0,73.49
32773,0,1,0,0,16.82
32774,0,0,0,0,111.89
32775,0,0,0,0,75.52
32776,1,1,1,0,159.19
32777,1,0,0,1,96.1
32778,0,0,0,1,62.61
32779,0,0,0,1,117.66
32780,1,0,0,0,114.86
32781,0,1,1,0,105.2
32782,0,0,1,0,83.3
32783,0,0,1,0,49.73
32784,1,0,1,1,0.0
32785,0,1,1,1,53.22
32786,1,0,0,0,89.36
32787,0,0,0,0,103.48
32788,1,1,0,0,96.96
32789,1,0,1,1,0.0
32790,1,0,1,0,86.77
32791,0,1,1,0,48.62
32792,0,0,1,0,0.0
32793,1,0,1,0,140.16
32794,0,0,0,1,197.54
32795,1,0,1,0,64.47
32796,1,1,1,0,59.79
32797,0,1,0,0,0.0
32798,0,0,1,0,45.01
32799,1,0,0,0,125.62
32800,0,0,0,1,29.22
32801,0,0,0,0,131.12
32802,0,0,1,0,46.82
32803,0,0,0,0,73.7
32804,1,0,1,1,131.61
32805,1,0,0,0,0.0
32806,0,0,0,0,15.95
32807,0,0,0,0,8.11
32808,1,0,1,0,153.73
32809,0,0,1,1,0.0
32810,0,0,0,0,150.32
32811,1,0,1,0,0.0
32812,0,0,1,0,149.49
32813,0,0,0,1,78.29
32814,1,0,0,0,36.32
32815,0,0,1,0,32.32
32816,0,0,1,0,68.59
32817,0,1,1,0,0.0
32818,1,0,0,0,162.87
32819,1,1,1,0,258.72
32820,0,0,0,0,79.27
32821,1,0,1,0,53.82
32822,0,0,0,1,40.59
32823,0,1,1,0,28.43
32824,1,1,1,0,138.84
32825,1,0,1,0,0.0
32826,0,0,1,0,0.0
32827,0,0,0,0,132.32
32828,0,0,0,0,0.0
32829,0,0,0,0,41.95
32830,1,1,1,0,134.43
32831,0,0,0,0,89.13
32832,0,0,1,0,142.49
32833,1,0,1,0,161.38
32834,1,0,1,0,67.53
32835,1,0,0,0,81.88
32836,1,0,1,1,43.72
32837,0,0,1,1,115.12
32838,0,1,0,0,62.23
32839,1,1,1,0,190.55
32840,0,0,0,1,86.0
32841,0,0,1,0,181.51
32842,0,0,0,0,21.23
32843,1,0,1,0,10.15
32844,0,0,0,0,9.24
32845,0,0,0,0,42.65
32846,1,1,0,0,86.11
32847,1,0,1,0,78.65
32848,0,0,0,0,131.64
32849,0,0,0,0,70.96
32850,0,0,0,0,111.59
32851,1,1,1,1,89.45
32852,1,0,1,0,0.0
32853,0,0,0,0,0.0
32854,0,0,0,0,17.49
32855,0,0,0,0,0.0
32856,0,0,0,1,51.21
32857,0,0,0,0,56.38
32858,0,0,0,0,28.16
32859,1,1,1,0,117.8
32860,1,0,0,0,78.51
32861,0,1,1,0,56.79
32862,1,1,1,0,163.92
32863,0,0,0,0,179.17
32864,0,0,0,0,130.82
32865,0,0,0,0,97.84
32866,0,0,1,0,153.5
32867,0,1,1,0,81.44
32868,0,0,0,0,165.55
32869,0,1,0,0,104.48
32870,1,0,1,0,47.81
32871,1,0,1,0,75.25
32872,0,0,0,0,84.77
32873,1,0,1,1,14.24
32874,0,0,0,0,57.78
32875,1,1,1,0,137.81
32876,0,0,0,0,10.62
32877,0,0,0,0,0.0
32878,1,1,1,0,86.64
32879,1,1,1,0,23.08
32880,1,1,1,0,199.74
32881,0,0,1,0,0.0
32882,0,1,0,0,58.67
32883,1,0,0,0,81.15
32884,0,0,0,1,192.11
32885,0,0,0,0,0.0
32886,0,0,1,0,81.7
32887,1,1,0,0,135.61
32888,0,0,1,0,68.5
32889,0,0,1,0,34.96
32890,0,0,1,0,65.9
32891,0,0,0,0,59.26
32892,0,0,0,0,20.27
32893,0,1,0,0,0.0
32894,0,1,1,0,138.05
32895,0,0,0,0,74.37
32896,1,0,1,0,0.0
32897,0,0,0,0,124.29
32898,1,0,1,0,82.08
32899,1,0,1,1,124.33
32900,0,0,0,0,32.35
32901,0,0,0,0,72.88
32902,0,0,0,1,0.0
32903,0,0,1,0,37.06
32904,1,1,1,1,83.73
32905,0,0,1,1,0.0
32906,0,1,1,0,52.88
32907,0,0,0,0,126.81
32908,1,0,1,0,84.5
32909,0,0,0,0,70.48
32910,0,0,0,0,54.64
32911,1,1,1,0,123.39
32912,0,0,0,0,67.69
32913,0,0,0,0,26.95
32914,0,0,1,0,9.58
32915,0,1,1,0,76.44
32916,1,0,1,0,20.38
32917,1,1,1,0,44.42
32918,0,0,0,0,0.0
32919,0,0,1,0,7.35
32920,1,0,0,0,62.05
32921,1,1,1,0,154.14
32922,1,1,1,0,110.3
32923,1,1,1,0,175.28
32924,0,0,0,0,10.87
32925,0,0,1,0,104.7
32926,0,0,1,0,0.0
32927,1,1,1,0,68.01
32928,0,0,0,0,13.12
32929,0,0,0,0,50.01
32930,1,0,0,0,105.03
32931,0,0,0,1,53.78
32932,0,0,1,0,104.81
32933,1,1,0,0,10.92
32934,1,0,0,0,21.19
32935,1,0,1,1,49.61
32936,1,1,0,0,100.23
32937,0,0,1,0,85.4
32938,1,0,1,0,127.03
32939,1,0,0,0,119.37
32940,0,1,1,0,71.58
32941,0,0,0,0,151.17
32942,1,0,0,0,169.53
32943,1,1,1,1,116.18
32944,0,0,0,0,102.3
32945,0,0,0,0,0.0
32946,1,1,1,0,197.54
32947,1,0,0,1,41.09
32948,0,0,0,0,56.62
32949,1,0,1,0,141.82
32950,1,0,1,0,113.83
32951,0,0,1,0,52.98
32952,0,0,1,0,74.91
32953,0,0,0,1,24.79
32954,1,1,1,0,58.75
32955,0,0,0,0,0.0
32956,0,0,0,1,100.79
32957,0,0,0,0,49.25
32958,0,0,0,0,0.0
32959,0,0,0,0,110.95
32960,0,1,0,0,62.97
32961,1,1,1,0,58.04
32962,1,0,0,0,76.44
32963,1,0,1,0,246.41
32964,1,0,1,0,139.86
32965,1,0,0,1,30.03
32966,0,0,0,0,123.45
32967,0,0,0,0,9.22
32968,0,1,0,0,143.42
32969,1,0,1,0,91.08
32970,1,0,1,0,97.57
32971,0,0,0,0,99.51
32972,0,0,0,0,75.97
32973,0,0,1,0,0.0
32974,1,0,0,0,0.0
32975,1,0,0,0,58.86
32976,0,0,0,0,164.44
32977,0,0,1,0,56.61
32978,0,0,0,0,155.67
32979,0,1,0,0,22.56
32980,1,0,0,1,82.75
32981,0,1,0,1,37.27
32982,0,0,0,0,22.48
32983,0,0,0,0,89.39
32984,1,1,1,0,0.0
32985,1,0,1,0,116.78
32986,0,0,0,0,60.9
32987,0,0,0,0,0.0
32988,0,0,0,0,74.55
32989,0,0,0,0,127.3
32990,0,1,1,0,87.66
32991,0,0,0,0,36.45
32992,1,0,0,0,31.92
32993,0,0,0,0,61.24
32994,0,1,1,0,103.76
32995,0,1,0,0,135.63
32996,1,1,1,0,62.69
32997,1,0,0,0,5.36
32998,1,0,0,1,69.83
32999,0,0,0,1,38.23
33000,1,0,1,0,27.27
33001,0,0,0,0,40.19
33002,0,1,1,0,50.24
33003,0,0,0,0,52.62
33004,1,0,0,0,100.57
33005,0,0,0,0,128.71
33006,0,0,0,0,157.14
33007,0,0,0,0,167.8
33008,0,1,0,0,44.34
33009,0,0,0,0,89.48
33010,1,1,0,0,136.46
33011,1,0,1,0,94.51
33012,0,0,0,0,82.48
33013,1,0,1,0,0.0
33014,0,1,0,0,160.65
33015,0,0,1,0,62.0
33016,1,0,0,0,128.38
33017,0,1,1,0,56.8
33018,0,0,0,0,166.4
33019,0,1,0,0,194.38
33020,1,0,0,1,121.89
33021,1,0,1,0,83.3
33022,0,0,0,0,59.69
33023,1,0,1,0,132.91
33024,1,0,1,0,190.11
33025,0,0,0,0,36.87
33026,0,0,0,0,10.77
33027,0,0,0,0,100.17
33028,0,0,0,0,84.04
33029,1,0,0,0,136.36
33030,0,0,0,0,48.38
33031,1,0,1,0,89.74
33032,0,0,0,0,29.78
33033,1,0,0,0,22.33
33034,0,0,0,0,100.01
33035,0,0,1,0,0.0
33036,1,0,0,0,0.0
33037,0,0,1,0,0.0
33038,1,0,0,0,61.88
33039,1,1,1,0,96.1
33040,0,1,0,1,15.69
33041,0,0,0,0,40.93
33042,1,0,1,0,78.46
33043,1,0,0,1,108.28
33044,1,0,1,0,222.35
33045,1,0,1,0,135.88
33046,1,0,0,0,98.13
33047,0,1,1,0,60.32
33048,0,0,1,0,109.88
33049,0,0,0,0,126.39
33050,0,0,0,0,62.41
33051,1,0,1,0,66.49
33052,0,0,0,0,93.18
33053,0,0,0,1,41.17
33054,0,1,1,0,6.95
33055,1,0,0,0,142.13
33056,1,0,1,0,87.85
33057,1,0,1,0,26.08
33058,1,0,1,0,64.18
33059,0,0,0,0,110.73
33060,0,0,0,0,134.59
33061,1,1,0,1,51.83
33062,1,0,0,0,89.95
33063,1,0,1,0,0.0
33064,1,1,0,0,96.44
33065,0,0,1,0,0.0
33066,1,0,1,0,79.82
33067,1,0,0,1,21.6
33068,0,0,1,0,49.72
33069,1,0,0,0,55.65
33070,0,0,0,0,155.71
33071,0,1,0,0,44.4
33072,1,0,1,0,143.97
33073,0,0,1,0,63.24
33074,0,0,1,0,3.6
33075,0,0,0,0,161.67
33076,0,1,1,0,20.56
33077,1,0,1,0,75.63
33078,0,0,0,0,60.73
33079,0,0,0,0,0.0
33080,0,0,1,0,3.1
33081,0,0,1,0,9.64
33082,0,0,0,0,135.12
33083,1,1,0,0,126.6
33084,1,0,1,0,116.14
33085,0,0,0,0,0.0
33086,1,1,0,0,125.17
33087,0,1,1,0,44.37
33088,0,0,1,0,33.05
33089,0,1,1,0,69.79
33090,0,0,0,0,76.68
33091,0,0,0,1,0.0
33092,0,0,0,0,0.0
33093,0,0,0,0,84.13
33094,1,0,1,0,75.1
33095,0,0,0,0,44.58
33096,0,0,0,0,2.98
33097,1,1,1,0,205.08
33098,0,0,0,1,217.88
33099,1,1,0,0,22.57
33100,1,0,0,0,47.52
33101,0,0,1,0,0.0
33102,0,0,1,0,120.77
33103,0,0,1,0,0.0
33104,0,0,0,1,118.01
33105,1,0,1,1,66.72
33106,0,0,0,0,21.19
33107,0,0,0,0,61.7
33108,1,1,1,0,86.63
33109,0,0,0,0,19.85
33110,0,0,0,1,0.0
33111,1,0,0,0,64.94
33112,0,1,0,0,27.52
33113,0,0,0,0,7.69
33114,0,0,0,1,133.34
33115,0,0,0,0,36.44
33116,0,0,0,0,0.0
33117,0,0,0,0,27.99
33118,0,0,0,0,0.0
33119,1,1,1,0,43.74
33120,0,0,1,0,97.26
33121,0,0,1,0,101.71
33122,0,0,1,0,80.62
33123,0,0,0,0,94.94
33124,0,0,0,0,148.84
33125,0,0,1,0,111.29
33126,1,0,0,0,55.05
33127,1,0,0,0,59.72
33128,0,0,0,0,35.98
33129,0,0,0,0,209.82
33130,0,0,0,0,10.15
33131,1,0,1,1,245.14
33132,1,1,1,0,55.56
33133,0,0,0,0,11.74
33134,1,0,1,0,32.07
33135,1,1,0,0,125.9
33136,1,0,1,0,34.18
33137,0,0,0,0,102.32
33138,1,0,1,1,115.4
33139,1,0,1,0,17.84
33140,1,1,1,0,58.07
33141,1,1,1,0,21.24
33142,0,0,0,0,110.48
33143,0,1,1,1,0.0
33144,1,1,0,0,115.85
33145,0,0,0,0,180.77
33146,1,1,1,0,77.1
33147,1,1,1,0,149.03
33148,0,0,0,0,0.0
33149,1,0,1,0,40.87
33150,0,0,1,0,88.32
33151,0,0,0,0,32.45
33152,0,0,1,1,74.68
33153,0,0,1,0,19.96
33154,1,1,1,0,194.01
33155,0,1,0,0,39.65
33156,0,0,0,0,130.9
33157,0,0,0,0,18.74
33158,0,0,1,0,211.78
33159,0,1,0,0,69.08
33160,0,0,0,1,120.21
33161,0,1,1,0,24.95
33162,0,0,1,0,55.57
33163,1,0,0,0,43.19
33164,1,0,1,0,91.3
33165,1,0,0,0,106.4
33166,0,1,0,0,30.37
33167,0,0,0,0,0.0
33168,0,0,0,0,71.3
33169,0,0,0,0,50.89
33170,1,0,1,0,107.12
33171,0,0,0,0,0.0
33172,0,0,0,0,27.97
33173,0,0,0,0,73.2
33174,0,0,0,0,0.0
33175,0,0,1,0,65.62
33176,1,1,0,0,113.16
33177,1,1,1,0,137.02
33178,0,0,1,0,0.0
33179,1,1,0,0,0.0
33180,0,0,0,0,32.56
33181,1,0,1,0,140.42
33182,0,0,0,1,22.87
33183,0,0,0,0,145.04
33184,0,1,0,0,0.0
33185,0,1,1,0,184.35
33186,1,1,1,0,2.98
33187,1,0,0,0,11.65
33188,1,0,0,0,89.62
33189,0,0,1,0,95.76
33190,1,1,1,0,205.86
33191,1,0,0,0,81.41
33192,1,0,0,0,120.09
33193,0,0,0,0,0.0
33194,0,0,0,0,9.26
33195,0,0,0,1,34.79
33196,1,0,1,0,39.13
33197,1,1,1,1,168.19
33198,1,1,1,0,0.0
33199,0,0,0,0,115.18
33200,1,0,0,0,125.55
33201,0,0,0,0,4.77
33202,0,0,0,0,110.1
33203,1,0,0,1,87.19
33204,1,0,0,0,26.59
33205,0,0,0,0,0.0
33206,1,0,0,0,223.01
33207,0,0,0,0,12.09
33208,1,0,0,0,123.85
33209,0,0,1,0,13.27
33210,0,1,1,0,136.85
33211,0,0,0,0,32.1
33212,0,0,0,0,167.55
33213,0,0,1,0,93.1
33214,1,0,1,0,161.47
33215,1,0,0,0,0.0
33216,0,0,0,0,51.9
33217,1,0,0,0,35.24
33218,0,0,0,0,30.34
33219,0,1,1,0,14.35
33220,0,0,1,0,0.0
33221,0,1,1,0,1.59
33222,1,0,1,0,63.58
33223,1,0,0,0,17.66
33224,1,0,0,0,160.19
33225,1,0,1,0,24.19
33226,1,0,1,1,67.96
33227,1,1,0,0,0.0
33228,1,1,1,0,87.3
33229,1,0,1,1,83.48
33230,0,0,1,0,0.0
33231,1,0,0,0,174.81
33232,1,0,0,0,44.2
33233,1,0,0,0,127.66
33234,0,0,0,0,38.38
33235,1,0,0,0,54.17
33236,1,0,1,0,2.69
33237,0,0,0,0,0.0
33238,0,0,0,0,15.75
33239,0,0,0,0,27.54
33240,0,0,0,0,60.6
33241,0,0,0,0,47.98
33242,1,0,0,0,0.0
33243,0,0,1,0,58.19
33244,1,0,0,0,125.6
33245,0,0,0,0,38.56
33246,0,1,0,0,149.25
33247,0,0,0,0,152.49
33248,0,0,1,0,112.47
33249,1,0,0,0,24.97
33250,0,0,0,0,145.94
33251,1,0,1,0,100.29
33252,0,0,1,0,0.28
33253,1,0,1,1,54.47
33254,1,0,0,0,39.15
33255,0,0,1,0,75.58
33256,0,0,0,1,105.76
33257,0,1,0,0,138.1
33258,1,0,1,0,196.41
33259,0,0,0,0,165.09
33260,0,1,1,0,34.85
33261,0,0,1,0,90.9
33262,0,0,0,0,5.79
33263,0,0,1,0,115.42
33264,0,1,1,0,154.48
33265,0,0,0,0,89.66
33266,0,0,0,0,37.0
33267,0,0,0,0,81.93
33268,1,0,1,0,45.83
33269,1,1,0,0,198.47
33270,0,0,1,0,82.96
33271,0,0,1,0,42.5
33272,1,0,1,0,74.6
33273,0,0,0,0,69.64
33274,1,0,0,0,168.7
33275,1,0,1,0,44.95
33276,0,0,0,1,94.45
33277,1,1,0,0,66.76
33278,0,1,0,0,26.19
33279,0,1,1,0,84.07
33280,0,1,0,0,72.24
33281,0,0,1,0,63.9
33282,0,0,0,0,136.45
33283,1,1,0,1,6.72
33284,0,0,0,0,103.91
33285,1,0,0,1,74.49
33286,0,1,0,0,84.9
33287,1,0,0,0,35.97
33288,1,1,1,1,89.65
33289,0,0,1,0,49.48
33290,0,0,0,0,85.77
33291,0,0,0,0,44.11
33292,0,0,0,0,86.24
33293,0,0,0,1,82.39
33294,0,1,1,0,182.78
33295,0,0,0,0,22.32
33296,1,0,0,0,58.84
33297,1,1,0,0,134.46
33298,0,0,0,0,153.34
33299,0,0,0,0,35.41
33300,0,0,0,0,0.0
33301,0,0,0,0,14.91
33302,0,1,1,0,116.55
33303,0,1,0,0,29.91
33304,1,0,1,0,85.82
33305,0,1,0,0,131.04
33306,1,0,0,0,65.77
33307,0,0,0,0,0.0
33308,0,1,0,0,94.26
33309,0,0,0,0,20.79
33310,0,0,0,0,15.22
33311,1,1,1,0,69.94
33312,1,1,1,1,114.76
33313,0,0,1,0,96.1
33314,1,0,0,0,0.0
33315,0,0,0,1,109.08
33316,0,0,0,0,42.57
33317,0,1,1,0,48.47
33318,0,1,0,1,70.75
33319,1,0,0,0,0.95
33320,0,1,1,0,84.0
33321,0,0,0,1,140.73
33322,1,0,1,0,157.6
33323,1,0,1,0,59.1
33324,0,0,0,0,79.7
33325,1,0,0,0,108.12
33326,0,0,0,0,39.4
33327,0,0,0,0,32.89
33328,0,0,0,0,146.39
33329,0,0,0,0,0.0
33330,0,0,0,0,29.5
33331,0,0,0,0,63.73
33332,1,1,1,0,72.15
33333,0,1,1,0,141.35
33334,0,0,0,0,132.79
33335,0,0,0,0,102.84
33336,1,0,1,1,137.49
33337,0,0,0,0,143.97
33338,0,1,0,0,192.87
33339,0,0,0,0,172.15
33340,0,0,1,0,0.0
33341,1,1,1,0,168.81
33342,1,0,0,1,0.0
33343,0,0,0,0,117.13
33344,1,1,0,0,145.94
33345,1,0,0,0,0.0
33346,0,0,0,0,173.53
33347,0,0,0,0,169.23
33348,1,1,0,0,135.84
33349,0,1,0,1,24.39
33350,0,0,1,1,0.0
33351,1,0,0,0,0.0
33352,1,0,0,0,32.53
33353,0,0,0,0,0.0
33354,0,0,1,0,130.95
33355,0,0,0,1,44.77
33356,0,0,0,1,86.0
33357,1,0,0,0,57.2
33358,1,0,0,0,38.72
33359,0,0,1,0,0.0
33360,0,0,0,0,48.83
33361,1,0,0,0,100.58
33362,1,0,0,1,17.19
33363,1,0,1,0,53.18
33364,1,0,1,0,52.05
33365,0,0,0,0,3.61
33366,0,0,0,1,162.36
33367,0,0,1,0,17.73
33368,0,1,0,0,164.81
33369,1,0,1,0,9.25
33370,0,0,0,0,111.48
33371,0,0,0,1,118.92
33372,0,0,0,0,0.0
33373,1,0,1,1,167.92
33374,0,0,1,0,21.66
33375,0,0,1,0,45.09
33376,0,0,0,0,0.0
33377,1,0,0,0,50.71
33378,0,0,0,0,126.43
33379,0,0,0,0,0.0
33380,0,0,1,1,49.7
33381,0,0,0,1,30.8
33382,0,0,1,0,38.98
33383,1,1,0,0,0.0
33384,0,0,1,0,5.47
33385,0,1,1,0,78.7
33386,0,0,1,0,70.77
33387,0,0,0,1,82.83
33388,1,0,0,0,0.0
33389,0,0,1,0,19.62
33390,1,0,1,0,141.25
33391,1,1,1,0,54.53
33392,0,1,1,0,0.0
33393,1,0,1,0,84.72
33394,0,0,0,0,129.49
33395,1,1,1,1,228.37
33396,1,0,1,0,187.96
33397,1,1,1,0,96.02
33398,1,0,0,0,99.52
33399,0,0,1,0,35.64
33400,0,0,0,0,1.23
33401,1,0,1,0,213.58
33402,1,0,1,0,19.7
33403,1,0,1,0,62.22
33404,0,0,0,0,4.54
33405,1,1,1,0,86.16
33406,0,1,1,0,90.72
33407,0,0,0,0,10.49
33408,0,0,0,0,0.0
33409,0,0,0,0,15.77
33410,1,0,1,0,95.88
33411,1,0,1,0,124.14
33412,1,0,1,0,4.2
33413,0,0,0,0,113.08
33414,0,0,1,1,0.0
33415,1,0,0,0,66.41
33416,0,0,1,0,85.67
33417,0,0,0,0,75.41
33418,1,1,1,0,70.97
33419,0,0,1,0,0.0
33420,1,1,1,1,86.9
33421,0,0,0,0,82.62
33422,1,0,1,0,1.56
33423,1,0,0,0,45.93
33424,0,0,0,0,0.0
33425,1,0,0,0,0.0
33426,0,0,0,0,72.69
33427,0,0,0,0,10.21
33428,0,1,0,0,0.0
33429,0,0,0,0,0.0
33430,0,0,0,0,8.91
33431,1,0,1,0,65.65
33432,1,0,0,0,81.04
33433,0,0,1,1,91.62
33434,0,0,0,0,20.49
33435,0,0,0,0,120.99
33436,1,1,0,1,84.25
33437,0,0,0,0,61.56
33438,0,0,0,0,73.06
33439,0,0,1,0,66.46
33440,0,0,1,0,174.52
33441,0,1,0,0,71.22
33442,0,0,0,0,124.76
33443,0,0,0,0,0.0
33444,1,1,1,0,65.59
33445,0,0,1,0,59.2
33446,0,0,0,0,52.72
33447,0,0,0,0,3.97
33448,0,0,0,0,202.95
33449,0,1,1,0,193.78
33450,0,0,0,0,67.18
33451,1,0,0,1,19.31
33452,0,0,1,0,136.44
33453,1,0,0,0,100.53
33454,0,0,0,0,72.26
33455,0,0,0,0,0.0
33456,0,0,1,1,109.92
33457,0,0,1,0,81.98
33458,1,0,1,0,97.32
33459,0,0,0,0,11.07
33460,0,0,0,0,41.17
33461,0,0,0,0,119.18
33462,1,0,0,0,0.0
33463,0,0,1,0,0.0
33464,0,1,1,0,43.6
33465,0,0,1,1,71.96
33466,0,1,1,0,46.51
33467,0,1,0,0,60.18
33468,1,1,1,0,152.89
33469,1,0,0,0,67.34
33470,0,1,1,0,139.28
33471,0,1,1,1,55.72
33472,0,0,1,0,11.98
33473,0,0,0,0,38.48
33474,1,0,0,1,83.64
33475,0,0,0,0,94.89
33476,1,0,0,0,155.88
33477,1,0,1,0,96.64
33478,0,0,0,0,132.43
33479,0,0,0,0,168.72
33480,0,1,0,0,138.47
33481,0,0,0,0,54.75
33482,0,0,0,0,78.1
33483,0,0,0,0,89.03
33484,1,0,1,1,139.52
33485,1,0,0,0,20.38
33486,0,0,1,0,78.19
33487,0,0,1,0,50.75
33488,1,1,1,0,115.91
33489,1,0,1,0,87.49
33490,0,0,1,1,0.0
33491,1,0,0,1,48.57
33492,0,0,1,0,80.58
33493,0,1,0,0,114.25
33494,0,0,1,0,152.71
33495,0,0,1,0,28.71
33496,1,0,0,0,0.0
33497,0,0,0,0,14.94
33498,1,1,1,0,34.72
33499,0,0,0,1,0.0
33500,0,0,1,0,83.77
33501,1,1,1,0,155.64
33502,0,1,1,0,98.46
33503,1,0,0,0,43.51
33504,1,0,0,0,62.59
33505,0,1,0,0,22.45
33506,1,1,1,0,167.44
33507,0,0,0,0,37.69
33508,0,0,1,0,30.91
33509,1,0,1,0,84.74
33510,0,0,0,0,182.4
33511,0,0,0,0,157.66
33512,1,0,0,0,108.19
33513,1,0,1,0,0.0
33514,1,0,1,0,91.05
33515,0,1,0,1,94.87
33516,0,0,0,0,26.07
33517,0,0,0,0,140.15
33518,1,0,1,0,102.15
33519,1,1,1,0,126.78
33520,1,0,1,0,0.0
33521,0,0,1,0,91.49
33522,1,1,1,0,82.41
33523,1,0,0,0,180.25
33524,0,0,0,0,150.84
33525,1,0,1,0,98.4
33526,0,0,1,0,100.89
33527,1,0,1,0,46.27
33528,0,0,0,1,44.27
33529,0,0,0,0,26.93
33530,1,0,1,0,50.15
33531,0,0,0,0,38.21
33532,1,0,0,0,95.24
33533,0,1,0,0,180.09
33534,0,0,0,0,74.6
33535,1,0,1,0,0.0
33536,0,0,0,0,60.06
33537,0,0,0,0,14.39
33538,0,0,0,0,0.0
33539,0,0,0,0,138.31
33540,1,0,0,0,12.11
33541,1,1,1,0,60.91
33542,0,1,0,0,0.0
33543,0,0,0,0,68.31
33544,0,1,0,0,31.05
33545,0,0,0,0,24.42
33546,0,0,0,0,122.59
33547,0,0,1,0,103.4
33548,1,0,1,0,209.87
33549,1,0,1,0,155.36
33550,1,0,0,0,58.77
33551,1,0,1,0,117.51
33552,1,1,0,0,55.43
33553,1,0,0,0,88.73
33554,0,0,0,0,133.88
33555,0,0,0,0,41.9
33556,0,0,0,1,0.0
33557,1,0,0,1,105.78
33558,0,0,1,0,0.0
33559,1,1,1,1,77.18
33560,1,0,0,0,26.03
33561,0,0,0,0,0.0
33562,0,0,1,0,53.88
33563,0,0,0,0,3.21
33564,1,0,0,1,54.01
33565,1,1,1,0,75.29
33566,1,0,0,0,46.42
33567,1,1,1,0,105.37
33568,0,0,0,0,153.16
33569,0,0,0,0,0.0
33570,0,0,0,0,49.84
33571,0,0,0,0,109.04
33572,0,0,0,0,173.67
33573,0,0,0,0,86.76
33574,0,1,1,0,13.76
33575,0,0,0,0,44.35
33576,1,0,1,0,21.07
33577,0,0,0,0,76.31
33578,0,0,0,0,91.78
33579,0,1,1,0,110.65
33580,1,0,0,0,120.06
33581,0,0,0,0,0.0
33582,1,0,0,0,115.31
33583,0,1,1,0,127.46
33584,0,0,0,0,53.61
33585,0,0,1,0,122.65
33586,0,0,0,0,127.83
33587,1,0,0,0,19.25
33588,0,0,0,0,0.0
33589,1,0,1,0,108.0
33590,0,0,0,1,139.31
33591,0,0,0,1,74.76
33592,1,0,1,1,211.43
33593,1,1,1,0,64.14
33594,1,0,1,0,64.03
33595,0,0,0,0,13.86
33596,1,0,1,0,0.55
33597,0,0,0,0,24.09
33598,1,0,0,0,184.24
33599,0,0,0,0,67.97
33600,0,0,0,0,98.62
33601,1,0,1,0,47.04
33602,1,0,0,0,126.18
33603,1,1,1,0,74.8
33604,1,0,1,0,8.41
33605,1,1,1,0,67.51
33606,0,0,0,0,0.0
33607,0,1,1,0,75.74
33608,1,1,0,0,77.8
33609,1,0,0,0,11.46
33610,0,1,0,0,100.58
33611,1,0,0,0,67.52
33612,1,0,1,0,31.45
33613,0,1,1,0,0.0
33614,0,0,0,1,121.05
33615,0,0,0,0,75.81
33616,1,0,0,0,86.31
33617,0,0,0,0,0.0
33618,0,1,0,0,71.96
33619,0,0,0,1,84.64
33620,1,1,1,0,125.84
33621,0,0,1,0,118.61
33622,1,0,0,0,0.0
33623,0,1,1,1,132.4
33624,0,0,1,0,201.8
33625,0,1,1,0,41.47
33626,1,1,1,0,177.75
33627,0,0,0,0,94.6
33628,0,1,1,0,19.54
33629,0,0,0,0,73.07
33630,1,0,1,0,128.05
33631,0,0,0,0,37.86
33632,0,0,0,0,20.95
33633,1,0,1,0,111.83
33634,1,0,1,0,99.47
33635,1,0,0,0,147.3
33636,1,0,1,0,67.73
33637,0,0,0,0,68.92
33638,1,1,1,0,163.16
33639,0,0,0,0,87.18
33640,0,0,0,0,27.82
33641,1,0,0,0,109.65
33642,0,1,0,0,0.0
33643,0,0,1,0,0.0
33644,0,1,0,0,86.11
33645,1,1,0,0,59.3
33646,0,0,1,0,57.73
33647,1,1,0,0,0.0
33648,0,0,1,1,99.61
33649,1,0,1,0,14.91
33650,1,0,1,0,62.82
33651,0,1,1,1,176.83
33652,1,1,0,1,65.09
33653,0,0,0,0,17.36
33654,0,0,1,1,53.39
33655,1,0,0,0,3.34
33656,0,0,1,1,59.01
33657,0,0,0,0,86.83
33658,0,0,0,0,0.0
33659,0,1,0,0,116.98
33660,0,0,1,0,15.21
33661,0,0,0,1,65.49
33662,0,0,0,0,0.0
33663,0,0,1,0,5.09
33664,1,1,1,0,102.47
33665,1,0,1,0,78.07
33666,0,0,0,0,88.8
33667,0,1,0,0,58.95
33668,0,0,0,0,26.07
33669,0,1,0,0,74.37
33670,0,1,1,0,0.0
33671,1,1,0,0,23.5
33672,0,0,0,0,0.0
33673,1,0,0,0,148.63
33674,0,0,0,0,89.17
33675,0,0,0,0,0.0
33676,0,1,1,0,15.12
33677,0,0,0,0,65.56
33678,0,0,1,0,72.47
33679,0,0,1,0,0.0
33680,1,0,1,0,95.89
33681,0,1,0,0,6.08
33682,1,1,0,0,43.57
33683,0,1,0,0,119.58
33684,0,0,0,1,73.19
33685,1,0,1,0,66.79
33686,0,0,0,0,41.2
33687,0,0,0,0,23.52
33688,0,0,0,0,83.38
33689,0,0,0,0,56.25
33690,1,1,0,0,55.95
33691,0,1,0,1,114.57
33692,0,0,0,0,85.44
33693,1,0,1,0,82.73
33694,1,0,1,0,106.98
33695,0,0,0,0,127.99
33696,1,1,1,0,127.23
33697,0,0,1,0,96.68
33698,0,0,0,0,117.38
33699,0,0,0,0,28.48
33700,0,0,0,0,87.86
33701,0,0,0,0,7.17
33702,1,1,1,1,277.29
33703,0,1,0,0,67.73
33704,0,0,0,0,80.56
33705,1,0,1,0,59.23
33706,0,0,0,0,137.67
33707,0,0,1,1,33.9
33708,0,0,0,0,0.0
33709,1,1,0,0,0.0
33710,1,0,0,0,62.93
33711,1,0,1,0,149.52
33712,0,0,0,0,19.12
33713,1,0,0,0,110.71
33714,0,0,0,0,69.28
33715,1,0,1,0,156.29
33716,1,0,1,0,55.08
33717,1,1,1,0,0.0
33718,1,0,0,0,30.35
33719,1,0,1,0,34.92
33720,1,0,1,1,0.0
33721,1,0,1,0,155.67
33722,0,0,0,0,93.72
33723,1,0,0,0,181.87
33724,0,0,0,0,82.15
33725,1,1,1,0,156.82
33726,0,1,0,0,14.0
33727,0,0,0,0,54.08
33728,0,0,0,1,108.63
33729,0,0,0,0,103.92
33730,0,0,1,0,0.0
33731,0,0,1,1,86.41
33732,1,0,0,0,0.0
33733,0,0,0,0,81.42
33734,0,0,1,0,0.0
33735,0,0,0,0,34.16
33736,1,0,0,0,2.88
33737,0,1,0,0,92.62
33738,1,0,1,0,0.0
33739,0,0,1,0,43.2
33740,1,0,0,0,51.94
33741,0,0,0,0,52.41
33742,0,0,0,0,30.78
33743,1,1,1,0,119.51
33744,1,0,0,0,0.0
33745,0,0,0,0,83.51
33746,0,1,0,1,131.08
33747,0,0,0,0,0.0
33748,0,0,0,0,68.46
33749,0,0,0,0,124.96
33750,0,0,0,0,67.39
33751,0,0,0,0,44.98
33752,0,0,1,0,66.4
33753,0,0,0,0,60.11
33754,0,0,0,0,176.42
33755,1,1,1,1,273.37
33756,0,0,1,0,71.7
33757,0,0,0,0,51.09
33758,0,0,1,0,26.33
33759,0,0,1,0,0.0
33760,1,0,0,0,112.07
33761,0,0,0,0,29.48
33762,1,0,0,0,91.97
33763,0,0,1,0,0.0
33764,1,0,1,0,41.44
33765,1,1,0,0,34.67
33766,1,0,1,1,75.48
33767,0,0,1,0,93.79
33768,1,0,1,1,157.11
33769,0,0,0,1,37.94
33770,0,0,0,0,2.24
33771,1,0,1,0,45.66
33772,0,0,1,1,15.43
33773,0,1,0,0,111.74
33774,1,1,1,1,133.22
33775,1,1,1,0,12.52
33776,0,0,0,1,117.95
33777,1,1,0,0,74.25
33778,1,0,1,0,68.22
33779,1,1,1,0,46.11
33780,0,0,0,0,63.86
33781,1,0,0,0,8.28
33782,0,1,0,0,151.11
33783,0,0,0,0,0.0
33784,1,0,0,0,64.02
33785,0,0,0,0,74.41
33786,1,0,0,0,71.91
33787,0,1,1,0,83.68
33788,1,0,1,0,127.53
33789,0,0,0,0,128.08
33790,1,0,1,0,149.23
33791,0,0,0,1,102.49
33792,0,0,0,0,66.51
33793,1,0,1,0,33.77
33794,1,1,1,0,188.78
33795,1,1,1,0,49.05
33796,0,0,1,1,146.61
33797,0,1,0,0,100.28
33798,1,0,0,0,51.94
33799,0,0,0,0,51.74
33800,0,0,0,0,0.0
33801,0,0,1,0,68.18
33802,0,0,0,0,23.53
33803,0,0,0,0,42.27
33804,0,0,1,0,107.6
33805,0,0,0,0,42.92
33806,0,0,1,0,33.2
33807,1,0,0,0,74.5
33808,1,0,1,0,67.52
33809,1,1,1,0,109.91
33810,0,0,0,0,159.31
33811,1,0,0,1,31.63
33812,1,1,1,0,0.0
33813,1,0,0,0,117.4
33814,0,1,1,0,20.59
33815,0,0,0,0,65.62
33816,1,0,1,1,0.0
33817,1,1,1,0,129.44
33818,0,0,0,0,104.81
33819,0,0,0,0,80.26
33820,1,0,1,0,75.99
33821,0,0,0,0,20.91
33822,0,0,0,0,98.32
33823,0,0,0,0,79.57
33824,1,0,0,0,82.99
33825,0,0,1,0,10.99
33826,1,1,1,0,149.53
33827,1,0,0,0,55.05
33828,1,1,1,0,0.0
33829,1,0,0,0,97.41
33830,0,0,1,1,174.22
33831,0,0,0,0,48.67
33832,0,0,0,0,126.38
33833,0,0,0,0,0.0
33834,0,0,0,0,99.93
33835,1,0,1,1,190.53
33836,0,0,1,1,94.46
33837,0,0,0,0,33.39
33838,0,0,0,1,36.79
33839,0,0,0,0,40.69
33840,1,1,0,0,32.35
33841,1,1,1,0,196.63
33842,0,0,1,1,153.9
33843,1,0,1,0,1.56
33844,0,0,0,0,58.84
33845,1,0,1,0,110.57
33846,0,0,0,0,170.74
33847,0,0,0,0,56.09
33848,0,0,0,0,53.96
33849,0,0,0,0,93.15
33850,0,0,0,0,103.75
33851,1,0,1,0,45.81
33852,0,0,1,0,27.63
33853,0,0,0,0,67.18
33854,0,0,0,0,184.79
33855,0,0,0,0,90.89
33856,1,0,1,0,57.3
33857,1,0,0,0,0.0
33858,0,0,0,0,86.16
33859,1,1,0,0,0.0
33860,0,0,0,0,36.79
33861,0,0,0,0,98.29
33862,0,0,0,0,0.0
33863,1,1,1,0,89.22
33864,0,0,1,0,112.5
33865,1,0,1,0,110.37
33866,1,0,0,0,68.35
33867,1,0,1,0,104.57
33868,1,0,0,0,56.47
33869,0,0,0,0,68.36
33870,0,0,0,0,69.15
33871,0,0,1,0,121.82
33872,0,0,1,0,0.0
33873,0,0,1,0,23.37
33874,0,0,0,0,128.64
33875,1,0,0,0,160.99
33876,0,0,0,0,160.73
33877,0,0,1,1,8.23
33878,0,0,1,0,107.0
33879,0,0,1,0,70.54
33880,1,1,1,0,73.15
33881,1,1,1,0,55.41
33882,0,0,0,0,0.0
33883,1,1,0,0,151.09
33884,0,1,1,0,103.38
33885,1,0,1,0,0.0
33886,0,0,0,0,19.84
33887,0,0,1,0,51.01
33888,0,0,0,0,27.36
33889,0,0,0,0,55.47
33890,0,0,1,0,66.43
33891,0,0,0,0,20.36
33892,1,0,1,0,157.64
33893,1,0,0,0,90.56
33894,0,0,1,0,82.84
33895,1,1,1,1,55.3
33896,1,0,0,1,0.0
33897,1,1,1,0,76.89
33898,0,0,0,0,131.31
33899,0,0,0,0,39.92
33900,0,0,0,0,138.86
33901,1,0,1,0,87.24
33902,1,0,1,0,119.79
33903,0,0,1,0,74.94
33904,0,0,0,0,0.0
33905,0,0,0,1,11.08
33906,0,0,0,0,141.83
33907,0,0,0,0,172.09
33908,1,0,0,0,64.3
33909,0,0,0,0,86.44
33910,0,1,0,0,150.96
33911,1,1,0,1,137.21
33912,0,0,0,0,79.99
33913,0,0,0,0,0.0
33914,0,0,1,0,10.1
33915,0,0,0,0,48.48
33916,0,0,0,0,34.21
33917,0,0,0,0,221.26
33918,0,0,0,0,94.99
33919,1,0,1,0,84.81
33920,1,0,0,0,28.24
33921,1,0,0,0,105.74
33922,0,0,0,0,55.15
33923,1,0,1,0,223.14
33924,1,1,1,0,168.64
33925,0,0,0,0,80.09
33926,1,0,1,0,31.36
33927,1,0,0,0,75.89
33928,0,0,0,0,68.15
33929,0,0,0,0,166.71
33930,0,1,0,0,20.08
33931,0,0,0,0,74.43
33932,0,0,0,0,45.4
33933,1,1,1,0,109.98
33934,1,0,0,0,61.91
33935,1,0,0,1,34.38
33936,1,0,0,0,30.39
33937,0,0,0,0,36.32
33938,0,0,1,0,76.28
33939,0,0,1,0,137.76
33940,1,0,1,0,75.99
33941,0,0,0,0,73.67
33942,1,1,1,1,18.33
33943,0,0,1,0,0.0
33944,0,1,1,0,117.41
33945,1,1,1,0,105.14
33946,1,0,1,0,136.49
33947,1,1,0,0,211.1
33948,1,1,1,1,109.41
33949,1,0,0,0,61.52
33950,0,0,0,0,81.15
33951,1,1,0,1,115.77
33952,1,0,1,0,48.72
33953,1,0,1,0,100.58
33954,1,0,0,0,75.0
33955,0,0,0,1,79.24
33956,1,0,1,0,55.74
33957,1,1,1,0,0.0
33958,0,0,0,0,75.56
33959,0,0,0,0,67.62
33960,1,0,0,1,15.47
33961,1,0,0,0,0.0
33962,0,0,0,0,22.08
33963,0,0,0,0,74.08
33964,0,0,0,0,131.67
33965,0,1,0,0,70.85
33966,0,1,1,0,126.82
33967,1,0,1,0,106.85
33968,0,0,0,0,9.89
33969,1,1,0,0,65.16
33970,0,0,0,1,0.0
33971,1,0,1,0,41.18
33972,1,0,1,0,46.49
33973,1,0,0,0,42.13
33974,1,1,0,0,25.09
33975,0,1,0,0,80.33
33976,1,0,0,0,49.3
33977,0,0,0,0,74.56
33978,0,0,0,0,0.0
33979,1,0,1,0,126.24
33980,0,0,0,0,83.94
33981,1,0,0,0,0.0
33982,0,0,0,0,0.0
33983,1,1,1,0,138.72
33984,0,0,0,0,46.24
33985,0,0,1,0,49.51
33986,0,0,0,0,84.89
33987,0,0,0,0,78.06
33988,1,0,0,0,18.68
33989,1,1,1,0,54.09
33990,0,0,0,0,135.93
33991,1,0,0,0,74.82
33992,1,1,0,0,135.78
33993,0,1,1,0,95.75
33994,1,0,1,0,0.0
33995,1,0,1,0,72.71
33996,1,0,0,0,66.78
33997,1,0,1,0,51.7
33998,1,1,1,0,125.34
33999,0,0,0,0,0.0
34000,0,0,0,0,55.3
34001,1,0,0,0,107.46
34002,0,0,0,0,0.0
34003,1,0,0,0,111.13
34004,1,0,0,0,99.29
34005,0,1,0,0,104.13
34006,0,1,1,0,150.38
34007,1,0,1,0,101.36
34008,1,0,0,0,27.14
34009,0,1,0,0,45.87
34010,1,1,1,0,81.45
34011,0,0,1,0,27.48
34012,0,0,1,0,31.82
34013,0,0,0,0,125.4
34014,1,1,1,0,49.17
34015,0,0,0,0,88.28
34016,0,0,0,0,0.0
34017,0,1,1,0,0.0
34018,0,0,0,0,78.16
34019,0,0,0,0,78.54
34020,0,0,0,0,53.8
34021,0,0,0,0,199.95
34022,0,0,0,0,0.0
34023,0,1,1,0,101.97
34024,0,0,1,0,70.55
34025,1,1,0,0,77.59
34026,1,1,1,0,121.28
34027,0,0,1,0,169.98
34028,0,0,1,0,43.58
34029,0,0,0,0,90.59
34030,0,1,0,1,125.64
34031,0,0,0,0,128.39
34032,0,0,0,0,96.45
34033,0,0,0,0,130.9
34034,0,0,0,0,51.34
34035,1,0,1,0,0.0
34036,1,1,1,0,39.24
34037,1,0,1,0,54.15
34038,0,1,1,0,0.0
34039,0,0,1,0,96.76
34040,1,1,1,0,154.57
34041,1,0,1,0,169.14
34042,1,0,1,0,91.15
34043,0,0,0,1,62.7
34044,1,0,1,0,152.04
34045,0,0,0,0,60.93
34046,1,0,0,0,98.05
34047,0,0,0,0,70.28
34048,1,0,0,0,142.81
34049,0,0,0,0,83.01
34050,0,0,0,0,0.0
34051,0,0,1,0,96.12
34052,0,0,0,0,200.6
34053,0,0,0,0,14.86
34054,0,0,1,0,0.0
34055,1,0,0,0,23.47
34056,1,0,1,0,39.06
34057,1,0,1,0,163.18
34058,0,0,0,0,61.14
34059,1,0,0,0,45.51
34060,0,0,0,0,104.8
34061,0,0,1,0,138.86
34062,0,0,1,1,53.33
34063,1,0,1,0,87.22
34064,1,0,0,0,63.66
34065,0,1,0,0,154.16
34066,1,0,0,0,47.75
34067,0,1,0,0,98.83
34068,1,1,1,0,108.39
34069,1,0,1,0,39.61
34070,1,1,1,0,47.14
34071,0,0,0,0,114.47
34072,0,1,1,0,57.11
34073,0,0,1,0,0.0
34074,0,0,0,0,43.34
34075,0,0,0,0,7.13
34076,1,0,0,0,0.0
34077,1,0,1,1,92.23
34078,0,0,0,0,126.07
34079,0,0,0,0,66.2
34080,1,0,0,0,101.67
34081,0,0,0,0,0.0
34082,1,0,1,0,42.53
34083,0,0,0,0,0.0
34084,1,0,1,0,175.09
34085,1,0,0,0,173.54
34086,0,0,1,0,107.37
34087,1,0,1,0,184.35
34088,1,0,1,0,88.43
34089,0,0,0,0,0.0
34090,0,0,1,0,105.17
34091,0,0,0,1,65.78
34092,1,1,1,0,248.39
34093,0,0,1,0,190.18
34094,0,0,0,0,4.04
34095,0,0,1,0,33.62
34096,0,0,1,0,101.44
34097,0,0,1,0,59.73
34098,0,0,0,0,99.3
34099,1,0,1,0,77.35
34100,1,0,0,0,105.59
34101,1,1,1,0,216.89
34102,0,0,0,0,69.54
34103,0,1,0,0,0.0
34104,0,0,0,0,86.39
34105,0,0,0,1,0.0
34106,0,0,1,0,0.0
34107,0,0,1,0,57.07
34108,0,0,0,1,120.45
34109,0,0,0,0,0.0
34110,0,0,0,1,67.02
34111,0,0,0,0,13.62
34112,0,1,1,0,84.58
34113,1,1,1,0,0.0
34114,1,0,1,0,163.84
34115,0,0,0,0,177.59
34116,1,0,1,0,134.4
34117,0,0,0,0,97.02
34118,0,0,0,0,89.51
34119,1,1,0,0,77.71
34120,1,0,0,0,95.33
34121,0,0,0,0,80.91
34122,0,0,0,0,42.99
34123,0,0,0,0,83.08
34124,0,0,1,0,130.66
34125,0,0,0,1,0.0
34126,0,0,0,0,57.23
34127,0,0,0,0,124.35
34128,0,0,0,1,97.77
34129,0,0,0,0,78.7
34130,0,0,1,0,169.54
34131,0,0,0,0,24.94
34132,0,0,1,0,83.39
34133,0,1,1,0,49.66
34134,0,0,0,0,39.08
34135,1,1,1,0,109.81
34136,1,0,0,0,79.36
34137,1,0,1,0,25.46
34138,0,0,0,0,0.0
34139,1,0,1,0,56.5
34140,1,0,1,0,34.76
34141,1,0,0,0,38.03
34142,0,0,0,0,0.0
34143,0,0,0,0,104.45
34144,0,0,1,0,36.45
34145,0,0,0,0,114.13
34146,0,0,0,0,99.65
34147,0,0,0,0,92.09
34148,0,1,1,1,130.39
34149,0,0,0,0,10.37
34150,0,0,0,0,109.82
34151,0,0,0,0,119.8
34152,1,1,1,0,59.88
34153,0,0,0,0,68.99
34154,1,0,1,0,130.04
34155,0,0,0,0,5.45
34156,1,0,1,0,66.18
34157,0,1,1,0,107.97
34158,1,0,1,0,161.5
34159,0,1,1,1,151.44
34160,0,0,0,0,38.07
34161,0,1,1,0,89.42
34162,0,0,0,0,116.15
34163,0,0,0,0,0.0
34164,0,0,1,0,66.42
34165,1,0,1,0,43.55
34166,0,0,0,0,57.56
34167,0,0,0,0,70.2
34168,0,1,1,0,79.66
34169,1,1,1,0,136.96
34170,1,0,0,0,61.74
34171,0,0,0,0,2.53
34172,1,1,1,0,31.58
34173,0,0,1,0,29.75
34174,1,0,0,0,65.3
34175,1,1,1,0,22.95
34176,1,0,1,0,33.59
34177,0,0,0,0,47.19
34178,0,0,0,0,0.0
34179,0,1,0,0,88.02
34180,0,0,0,0,61.95
34181,0,0,1,0,0.0
34182,0,0,1,0,80.23
34183,0,0,0,1,28.61
34184,0,0,0,0,71.96
34185,0,0,1,0,82.67
34186,1,1,0,0,73.31
34187,0,0,0,0,139.51
34188,0,0,0,0,62.33
34189,1,1,1,0,64.3
34190,0,0,0,0,32.08
34191,0,0,0,0,35.52
34192,0,0,0,0,7.36
34193,1,0,0,0,13.12
34194,1,0,1,0,77.13
34195,1,1,1,0,2.95
34196,0,1,0,0,57.91
34197,0,0,0,0,10.36
34198,0,0,0,0,39.2
34199,0,1,0,0,71.87
34200,1,0,0,0,21.02
34201,0,0,0,0,111.2
34202,1,0,1,0,0.0
34203,1,0,1,0,47.65
34204,1,0,0,0,57.43
34205,0,0,1,0,102.25
34206,1,1,1,0,105.21
34207,0,0,0,0,45.38
34208,0,0,1,0,0.0
34209,0,0,0,0,85.74
34210,1,0,0,0,70.79
34211,0,0,0,0,50.25
34212,1,1,0,0,125.44
34213,0,0,0,0,0.0
34214,0,1,1,1,56.1
34215,1,0,0,0,143.88
34216,0,0,0,0,25.46
34217,0,0,0,0,0.0
34218,0,0,0,0,104.91
34219,0,0,1,0,66.73
34220,0,0,0,0,88.48
34221,1,0,1,0,178.91
34222,1,0,1,0,108.65
34223,0,0,0,0,81.34
34224,1,0,1,0,124.68
34225,1,0,0,0,173.5
34226,1,0,1,0,58.05
34227,0,0,0,0,143.74
34228,0,0,0,0,0.0
34229,0,1,1,1,0.0
34230,0,1,1,0,0.0
34231,1,0,0,0,11.94
34232,0,1,0,0,113.07
34233,1,1,0,0,179.46
34234,0,0,0,0,95.65
34235,1,1,1,1,111.27
34236,0,0,0,0,45.08
34237,1,0,1,0,0.0
34238,1,0,0,0,0.0
34239,0,1,0,0,101.59
34240,0,0,0,1,53.76
34241,1,1,1,0,34.53
34242,0,0,1,0,74.46
34243,0,0,0,0,25.08
34244,0,1,0,0,27.63
34245,1,0,1,1,43.12
34246,0,1,1,0,0.0
34247,0,0,0,0,0.0
34248,0,1,1,0,15.31
34249,1,0,1,0,144.09
34250,0,0,1,0,75.88
34251,1,0,1,1,22.28
34252,1,0,1,1,61.35
34253,1,0,0,0,120.65
34254,0,0,1,0,53.88
34255,0,0,0,0,89.62
34256,0,1,1,0,105.78
34257,0,0,0,1,80.3
34258,0,1,1,1,0.0
34259,0,1,1,0,34.68
34260,0,0,1,0,0.0
34261,0,1,0,0,157.01
34262,1,0,1,0,72.94
34263,0,0,0,0,0.0
34264,1,1,1,1,33.97
34265,0,0,0,0,0.0
34266,0,0,0,1,76.74
34267,1,0,0,0,34.0
34268,1,0,1,1,191.07
34269,1,0,1,0,86.22
34270,1,0,1,0,19.17
34271,0,0,0,0,136.34
34272,0,1,0,0,36.96
34273,0,1,0,0,129.9
34274,0,0,0,1,28.15
34275,0,0,0,0,133.39
34276,0,0,0,0,0.4
34277,1,0,0,0,94.47
34278,0,1,1,0,40.92
34279,0,0,0,1,110.28
34280,0,0,0,0,45.26
34281,1,0,1,0,136.67
34282,0,1,0,0,64.73
34283,0,0,0,0,8.74
34284,0,0,0,1,22.88
34285,1,0,1,0,17.44
34286,1,0,1,0,86.41
34287,1,0,0,0,0.0
34288,0,0,0,0,63.46
34289,1,1,1,0,148.63
34290,1,0,1,0,148.11
34291,1,1,0,0,75.16
34292,0,1,0,0,27.56
34293,1,1,1,0,55.85
34294,0,0,1,0,86.68
34295,1,0,1,0,111.83
34296,0,0,0,0,6.85
34297,0,0,0,0,25.46
34298,0,0,0,0,47.14
34299,0,0,0,0,54.76
34300,0,0,0,0,101.86
34301,0,0,0,0,86.53
34302,1,1,1,0,85.29
34303,0,0,0,0,85.83
34304,0,0,0,0,32.03
34305,0,0,1,1,132.62
34306,0,0,0,0,96.84
34307,0,0,0,0,74.69
34308,1,0,1,0,151.37
34309,1,0,0,0,44.17
34310,1,0,1,1,44.94
34311,0,0,0,0,65.14
34312,1,1,1,0,132.84
34313,1,0,0,0,100.87
34314,1,1,1,0,133.06
34315,0,0,0,0,25.15
34316,0,0,0,0,27.67
34317,0,0,1,0,71.01
34318,1,0,1,1,3.49
34319,1,0,0,0,48.04
34320,1,1,1,0,0.0
34321,0,0,0,0,43.84
34322,1,0,1,0,0.0
34323,0,0,0,0,145.39
34324,1,0,0,0,32.26
34325,0,0,0,0,19.48
34326,0,1,1,0,72.64
34327,1,1,1,1,0.0
34328,0,0,0,0,0.0
34329,0,0,0,0,174.64
34330,0,0,1,0,18.64
34331,0,0,0,1,0.0
34332,0,0,1,0,32.27
34333,1,0,1,0,65.54
34334,0,0,0,0,6.57
34335,1,0,0,0,79.88
34336,0,1,1,0,34.35
34337,1,1,1,0,60.3
34338,0,0,0,0,77.0
34339,0,0,1,0,16.97
34340,0,0,0,0,106.97
34341,1,0,0,0,27.37
34342,0,0,0,0,124.12
34343,0,0,0,1,0.0
34344,1,1,1,0,9.86
34345,1,0,1,0,75.1
34346,0,0,0,1,47.67
34347,0,0,1,0,41.01
34348,0,0,0,1,23.29
34349,0,0,1,0,179.86
34350,0,1,1,1,32.09
34351,0,0,0,1,45.65
34352,1,0,1,0,23.96
34353,0,0,0,0,0.0
34354,1,0,1,0,0.0
34355,0,0,0,0,108.39
34356,1,0,0,0,91.02
34357,0,0,0,0,35.22
34358,0,0,0,0,45.63
34359,0,0,0,0,93.2
34360,1,0,1,0,115.67
34361,0,0,0,0,126.66
34362,1,0,1,0,88.92
34363,1,1,1,0,32.71
34364,0,0,1,0,0.0
34365,0,0,0,0,0.0
34366,1,0,1,0,134.15
34367,1,0,0,0,52.33
34368,1,0,1,0,5.95
34369,0,0,1,0,51.2
34370,0,0,1,0,94.48
34371,0,0,0,0,68.75
34372,0,0,0,0,108.03
34373,0,1,1,0,40.17
34374,0,0,0,0,82.12
34375,0,0,1,1,34.49
34376,0,0,0,0,39.41
34377,0,0,1,0,44.62
34378,0,0,1,0,48.71
34379,0,0,0,0,0.0
34380,1,0,0,0,155.52
34381,0,0,0,0,18.78
34382,1,1,0,0,110.41
34383,1,1,1,1,106.37
34384,0,0,0,0,40.51
34385,1,0,0,0,0.0
34386,0,0,0,0,19.05
34387,0,0,0,0,108.78
34388,0,1,1,0,0.0
34389,1,0,1,1,0.28
34390,0,0,0,0,0.0
34391,1,0,0,0,101.09
34392,0,1,0,0,0.0
34393,0,0,0,1,65.41
34394,0,1,1,0,148.86
34395,0,1,0,0,102.56
34396,1,0,1,0,69.15
34397,1,1,1,0,123.97
34398,1,1,1,1,43.79
34399,0,0,0,0,0.0
34400,0,0,1,0,164.53
34401,0,0,1,0,28.85
34402,0,0,0,0,26.14
34403,0,0,1,0,43.09
34404,0,0,1,1,75.66
34405,0,0,0,0,94.5
34406,1,0,1,0,112.84
34407,0,0,0,0,0.0
34408,0,0,0,0,144.19
34409,1,1,1,0,150.11
34410,1,0,1,0,32.44
34411,0,0,0,0,0.0
34412,0,0,1,0,24.24
34413,1,0,1,0,73.76
34414,0,0,0,0,152.77
34415,0,1,1,1,148.57
34416,0,0,0,0,63.96
34417,1,0,1,0,198.74
34418,1,1,1,0,0.0
34419,1,1,1,0,105.55
34420,0,1,1,0,164.36
34421,1,1,1,0,12.38
34422,1,0,1,0,138.46
34423,1,1,1,0,35.5
34424,1,0,1,0,6.51
34425,0,0,0,0,29.1
34426,0,0,0,1,97.37
34427,0,0,0,0,7.56
34428,0,0,1,0,0.0
34429,1,0,1,0,0.0
34430,1,1,1,0,168.23
34431,0,0,0,0,168.27
34432,0,0,0,0,139.39
34433,1,0,0,0,0.0
34434,0,0,1,0,111.83
34435,1,1,1,0,153.12
34436,1,1,0,0,72.5
34437,0,0,0,0,26.94
34438,1,1,1,0,89.36
34439,0,0,0,1,0.0
34440,0,0,1,0,58.29
34441,0,0,1,0,122.68
34442,0,0,0,1,35.43
34443,1,0,0,0,133.23
34444,0,0,1,0,85.89
34445,0,1,0,0,17.98
34446,1,0,0,0,86.91
34447,0,0,0,0,0.0
34448,1,0,1,0,208.23
34449,0,0,0,0,85.45
34450,0,0,0,0,0.0
34451,0,0,1,1,127.15
34452,0,0,1,0,94.85
34453,0,0,1,0,69.56
34454,1,1,1,0,81.46
34455,1,0,0,0,25.34
34456,0,0,1,0,92.6
34457,1,0,1,0,187.4
34458,0,0,0,0,107.25
34459,0,0,0,0,0.0
34460,1,0,1,0,28.99
34461,0,0,0,1,83.59
34462,0,0,1,0,35.11
34463,0,0,1,0,8.56
34464,1,0,0,0,124.63
34465,0,0,0,1,87.64
34466,1,0,1,0,66.57
34467,0,0,1,0,0.0
34468,1,0,0,0,71.61
34469,1,1,0,0,96.72
34470,0,0,0,0,29.47
34471,0,0,0,0,53.98
34472,1,1,0,0,168.9
34473,0,0,1,0,96.33
34474,0,0,0,0,11.07
34475,0,0,1,1,15.32
34476,0,0,0,1,5.02
34477,1,1,1,0,119.64
34478,1,0,1,0,91.56
34479,0,1,0,0,58.57
34480,0,0,0,0,0.0
34481,0,0,0,1,27.72
34482,0,1,0,0,71.45
34483,0,0,0,0,0.0
34484,0,0,1,0,0.0
34485,1,0,0,0,102.27
34486,0,0,0,0,132.18
34487,1,0,1,0,108.32
34488,0,1,0,0,165.8
34489,1,0,0,0,21.96
34490,0,0,0,0,0.0
34491,0,0,0,0,175.61
34492,1,0,0,0,111.99
34493,1,0,1,0,121.22
34494,1,0,0,0,0.0
34495,1,0,0,0,60.6
34496,1,0,0,0,23.61
34497,1,0,1,0,118.23
34498,0,0,0,0,141.01
34499,0,0,0,0,55.63
34500,0,0,0,0,28.88
34501,0,0,0,0,26.21
34502,0,0,0,0,96.92
34503,0,0,1,0,40.77
34504,0,0,0,1,92.69
34505,0,0,0,0,7.21
34506,0,0,0,0,100.19
34507,0,0,0,0,85.26
34508,1,0,1,0,97.31
34509,1,0,1,0,103.65
34510,0,0,0,0,44.35
34511,0,0,1,0,79.14
34512,0,0,0,0,190.59
34513,1,0,0,0,64.68
34514,0,0,0,1,0.0
34515,0,0,0,1,208.11
34516,1,0,0,1,32.04
34517,0,0,1,0,0.0
34518,0,1,0,0,114.47
34519,1,1,0,0,73.99
34520,1,0,1,0,13.01
34521,0,1,0,0,140.68
34522,0,0,0,0,2.29
34523,1,0,0,0,0.0
34524,0,0,0,0,108.89
34525,1,0,1,0,53.48
34526,0,0,0,0,157.03
34527,1,0,1,0,0.0
34528,0,1,1,0,62.81
34529,0,0,1,0,128.56
34530,0,0,0,0,37.87
34531,0,0,0,0,10.62
34532,0,0,1,0,150.23
34533,1,0,0,0,59.11
34534,1,0,1,0,26.38
34535,0,1,0,0,0.0
34536,0,0,1,0,0.0
34537,0,0,1,0,19.82
34538,1,0,0,0,104.35
34539,1,1,1,0,61.22
34540,0,1,0,0,72.0
34541,1,0,1,0,155.59
34542,0,1,1,0,13.58
34543,0,0,0,0,59.71
34544,0,0,0,0,5.43
34545,0,1,1,1,0.0
34546,0,0,0,0,70.89
34547,0,1,1,0,79.02
34548,1,0,0,0,93.55
34549,0,0,0,0,0.0
34550,0,0,0,0,11.78
34551,0,0,1,0,154.44
34552,1,0,1,0,0.0
34553,0,0,0,0,81.66
34554,1,1,1,0,106.87
34555,1,1,1,0,238.56
34556,1,0,1,0,0.0
34557,0,0,0,0,16.42
34558,1,0,1,0,114.72
34559,0,0,0,0,147.81
34560,1,1,1,0,20.18
34561,0,0,0,0,41.38
34562,0,0,0,0,136.03
34563,0,1,0,0,169.51
34564,1,1,1,0,0.0
34565,1,0,0,0,67.55
34566,0,1,0,0,54.56
34567,0,0,0,0,31.7
34568,1,0,1,0,89.3
34569,0,0,0,0,0.0
34570,0,1,0,0,31.95
34571,1,0,1,0,140.98
34572,0,0,0,0,20.07
34573,0,0,0,0,25.99
34574,0,0,0,0,16.79
34575,1,0,0,0,26.92
34576,0,0,1,0,45.6
34577,1,1,0,0,75.47
34578,0,0,0,1,37.49
34579,0,0,1,0,90.95
34580,0,0,1,1,116.83
34581,0,1,1,0,42.74
34582,0,0,0,0,89.53
34583,0,0,0,0,63.3
34584,1,0,0,0,35.88
34585,0,0,0,0,72.63
34586,0,0,0,0,0.0
34587,1,1,1,1,117.76
34588,0,1,1,0,108.31
34589,0,0,1,0,80.74
34590,0,0,0,0,12.86
34591,1,0,1,0,31.14
34592,0,0,0,0,21.22
34593,0,1,0,1,44.76
34594,0,0,0,1,10.46
34595,1,0,1,0,32.55
34596,0,0,0,0,0.0
34597,1,1,1,0,120.8
34598,0,1,0,1,0.0
34599,0,0,0,0,69.61
34600,0,0,1,0,76.32
34601,0,0,0,0,120.0
34602,0,0,0,0,51.21
34603,1,0,1,0,67.93
34604,0,0,1,0,185.49
34605,0,0,0,0,23.99
34606,0,0,1,0,0.0
34607,0,0,0,0,0.0
34608,0,0,0,0,0.0
34609,0,1,0,0,0.0
34610,0,1,0,0,19.5
34611,0,0,0,1,75.58
34612,0,0,0,0,17.69
34613,0,0,0,0,113.03
34614,0,0,0,0,31.68
34615,0,0,0,0,120.97
34616,0,0,0,0,33.3
34617,1,0,1,0,152.39
34618,1,0,1,0,1.75
34619,0,0,0,0,19.88
34620,0,0,0,0,24.13
34621,1,0,1,0,111.57
34622,0,0,1,0,42.54
34623,0,0,0,1,111.68
34624,0,0,0,0,0.0
34625,1,1,1,0,130.39
34626,1,1,1,0,81.93
34627,0,0,0,0,15.13
34628,1,0,0,0,101.34
34629,1,0,0,0,5.11
34630,1,0,0,0,84.67
34631,0,0,1,1,0.0
34632,1,0,1,0,109.4
34633,0,1,0,0,53.62
34634,0,0,1,0,196.61
34635,0,1,1,0,76.28
34636,0,0,1,0,0.0
34637,1,0,0,1,165.49
34638,0,0,0,0,0.0
34639,1,1,1,1,103.51
34640,0,0,0,0,76.49
34641,0,0,0,0,118.36
34642,0,0,0,0,137.1
34643,0,0,1,0,122.57
34644,0,0,0,0,0.0
34645,1,0,0,0,13.88
34646,0,0,1,0,41.77
34647,0,0,0,0,49.66
34648,0,0,0,1,70.64
34649,0,0,0,0,46.73
34650,0,0,0,0,41.39
34651,1,0,0,0,82.35
34652,0,0,0,0,0.0
34653,0,0,0,0,13.48
34654,0,0,0,1,107.03
34655,1,0,0,0,105.67
34656,0,0,1,1,58.46
34657,0,0,0,0,88.73
34658,0,0,1,0,114.15
34659,0,0,0,0,25.89
34660,0,1,0,0,0.0
34661,0,0,1,1,17.36
34662,0,0,0,1,28.85
34663,0,1,1,0,124.98
34664,0,0,0,0,15.96
34665,0,0,0,0,0.0
34666,0,1,0,0,83.31
34667,1,0,1,0,99.92
34668,0,1,0,0,94.9
34669,1,1,1,0,39.33
34670,1,0,1,0,144.33
34671,0,1,0,1,0.0
34672,0,1,1,0,63.42
34673,0,0,0,1,100.04
34674,1,0,1,1,0.0
34675,0,0,0,0,22.53
34676,1,0,1,0,28.62
34677,0,0,0,1,25.81
34678,0,0,1,0,39.85
34679,0,0,0,1,84.47
34680,0,0,0,0,0.0
34681,0,0,0,0,0.0
34682,0,0,0,0,28.74
34683,0,1,0,0,83.39
34684,0,0,0,0,72.48
34685,0,0,1,0,98.27
34686,0,0,0,0,165.57
34687,1,1,1,0,75.14
34688,1,0,0,0,88.78
34689,0,0,0,0,170.31
34690,0,0,0,0,51.4
34691,0,0,0,0,68.4
34692,1,0,1,0,61.31
34693,1,0,0,0,62.97
34694,0,0,1,0,128.06
34695,0,1,1,0,202.49
34696,0,0,1,0,0.0
34697,0,0,0,0,162.24
34698,0,1,1,0,91.36
34699,0,1,1,0,28.5
34700,1,0,1,0,0.0
34701,1,1,1,0,121.12
34702,0,1,0,0,37.32
34703,0,0,0,0,94.63
34704,0,0,0,1,45.66
34705,0,0,0,0,3.16
34706,0,0,1,0,13.35
34707,1,1,1,0,104.43
34708,1,0,1,1,44.65
34709,1,1,0,0,67.74
34710,0,1,0,1,46.02
34711,1,1,0,0,107.19
34712,0,0,0,0,9.93
34713,0,0,0,0,64.86
34714,1,0,1,0,0.0
34715,0,0,0,1,125.6
34716,0,0,1,0,120.4
34717,1,0,1,0,32.5
34718,0,0,0,0,66.2
34719,1,0,0,1,17.24
34720,0,0,1,0,34.06
34721,1,0,0,0,35.2
34722,1,1,1,0,43.96
34723,1,0,1,0,75.21
34724,1,0,1,0,10.73
34725,0,0,0,0,16.73
34726,0,0,0,0,33.34
34727,0,1,0,0,0.0
34728,0,1,1,0,122.87
34729,1,0,0,0,4.81
34730,0,0,0,1,73.7
34731,1,1,1,0,65.63
34732,1,0,1,0,43.88
34733,0,0,0,0,69.44
34734,0,1,1,0,31.84
34735,0,1,0,0,12.21
34736,0,0,1,0,71.98
34737,0,0,0,0,96.41
34738,1,0,0,0,164.46
34739,1,0,0,0,85.42
34740,0,0,0,0,112.26
34741,0,0,0,0,96.75
34742,1,0,1,0,256.68
34743,0,0,0,1,37.09
34744,1,1,1,0,150.43
34745,0,0,1,0,152.91
34746,0,0,0,0,69.68
34747,0,0,0,0,88.77
34748,0,0,0,1,67.16
34749,0,0,0,0,55.2
34750,0,0,0,0,130.76
34751,0,0,0,0,22.27
34752,1,0,1,0,35.3
34753,0,1,1,0,137.25
34754,0,1,0,0,32.14
34755,1,0,1,0,11.22
34756,1,0,1,0,81.67
34757,1,0,0,0,133.81
34758,0,1,0,0,18.64
34759,0,0,1,0,93.96
34760,1,0,0,0,7.74
34761,1,0,1,0,142.93
34762,1,0,1,0,123.35
34763,0,0,0,0,0.0
34764,0,0,0,0,0.0
34765,0,0,0,0,10.1
34766,0,0,1,0,49.29
34767,0,1,1,0,51.38
34768,1,1,1,0,40.84
34769,1,0,1,0,15.89
34770,0,0,0,0,93.46
34771,0,0,0,0,105.13
34772,1,1,1,0,9.67
34773,1,1,0,0,153.81
34774,1,1,1,1,0.0
34775,0,0,1,0,119.63
34776,0,0,0,0,161.78
34777,0,0,0,0,91.24
34778,0,0,0,0,107.82
34779,1,1,1,0,40.38
34780,0,0,0,0,82.82
34781,0,0,1,0,25.86
34782,0,1,1,1,91.14
34783,0,0,1,1,18.01
34784,1,0,0,0,144.64
34785,1,0,0,0,78.63
34786,0,1,0,0,88.4
34787,0,0,0,0,83.73
34788,0,0,1,0,0.0
34789,0,0,0,0,63.25
34790,1,0,1,0,202.44
34791,0,0,1,0,60.38
34792,0,0,0,0,156.73
34793,1,0,0,0,125.87
34794,0,0,0,0,0.0
34795,0,0,0,0,164.23
34796,0,0,0,0,128.58
34797,0,1,1,0,40.14
34798,0,0,0,0,0.0
34799,0,0,1,0,164.77
34800,0,0,0,0,141.61
34801,0,1,1,0,41.19
34802,0,0,1,0,148.75
34803,0,0,0,0,0.0
34804,0,0,0,0,43.16
34805,0,1,1,0,21.33
34806,0,1,0,0,93.6
34807,1,0,1,0,0.0
34808,1,1,1,0,80.81
34809,1,0,1,0,135.12
34810,0,0,1,0,130.72
34811,1,0,0,0,38.39
34812,0,0,0,0,54.28
34813,0,0,0,0,34.21
34814,0,1,0,0,70.47
34815,1,1,1,0,18.41
34816,0,0,1,0,0.0
34817,1,0,1,0,3.09
34818,1,1,1,0,7.02
34819,0,0,1,0,53.31
34820,0,0,0,0,1.05
34821,1,0,0,0,68.83
34822,1,0,1,1,69.08
34823,0,0,1,1,145.28
34824,0,0,0,1,23.64
34825,0,0,0,0,89.89
34826,0,0,0,0,39.35
34827,1,0,1,0,59.52
34828,1,0,1,0,105.79
34829,1,0,0,0,175.0
34830,1,1,0,0,76.05
34831,0,0,0,1,158.09
34832,0,0,1,0,0.0
34833,0,0,0,0,92.55
34834,1,1,1,0,86.83
34835,1,1,1,0,130.28
34836,1,0,1,0,11.6
34837,0,0,0,0,79.88
34838,0,0,1,0,152.46
34839,0,0,0,0,60.11
34840,0,0,0,0,92.2
34841,1,0,0,0,168.79
34842,0,0,0,0,36.71
34843,0,0,0,0,86.57
34844,0,0,0,0,36.11
34845,0,1,0,0,10.9
34846,1,0,0,0,107.45
34847,1,0,1,0,109.27
34848,1,0,1,0,81.28
34849,1,1,1,1,110.9
34850,0,0,0,0,63.93
34851,1,1,1,0,38.31
34852,1,0,1,0,0.0
34853,0,0,0,0,55.5
34854,1,0,1,1,90.66
34855,0,0,0,0,72.98
34856,1,0,1,0,140.68
34857,0,0,0,0,136.21
34858,0,1,1,0,86.81
34859,0,1,0,0,82.4
34860,1,0,0,0,83.63
34861,1,0,1,0,42.29
34862,0,0,0,0,40.35
34863,0,0,0,0,55.45
34864,0,1,1,0,143.99
34865,1,1,0,0,83.79
34866,0,0,0,0,152.69
34867,1,0,1,0,0.0
34868,1,0,1,0,49.22
34869,1,1,1,0,77.49
34870,1,0,1,0,174.28
34871,0,0,1,0,55.68
34872,0,0,0,0,71.65
34873,0,1,0,0,41.12
34874,0,0,0,0,10.35
34875,0,0,0,0,46.15
34876,0,0,1,0,58.89
34877,1,0,1,0,21.91
34878,0,0,0,0,126.98
34879,0,0,1,0,94.51
34880,1,0,0,0,7.43
34881,1,0,0,0,63.02
34882,1,0,0,0,222.21
34883,0,1,0,0,34.05
34884,0,0,0,0,54.24
34885,1,0,1,1,74.01
34886,1,0,0,0,31.49
34887,1,0,1,0,167.96
34888,1,0,1,0,13.46
34889,1,0,1,0,133.11
34890,0,0,0,1,65.49
34891,1,1,1,0,189.13
34892,0,0,0,0,39.41
34893,1,1,0,1,51.9
34894,1,1,1,0,109.38
34895,0,1,0,0,0.0
34896,0,0,0,0,30.56
34897,1,0,1,0,168.32
34898,1,0,1,0,124.09
34899,0,0,0,0,23.06
34900,0,0,1,0,44.81
34901,0,0,0,0,13.39
34902,1,0,1,0,34.26
34903,0,1,0,0,7.15
34904,0,0,0,1,97.73
34905,0,0,0,1,155.17
34906,0,0,0,0,130.96
34907,0,0,0,0,24.53
34908,0,0,0,0,9.08
34909,1,0,1,0,79.22
34910,0,0,0,0,0.0
34911,1,0,1,0,79.71
34912,0,0,0,0,66.5
34913,1,1,1,0,262.89
34914,0,0,0,0,55.96
34915,1,1,1,0,36.58
34916,0,1,0,0,91.12
34917,1,1,1,0,276.21
34918,0,0,0,0,90.32
34919,0,0,0,0,0.0
34920,1,0,0,0,15.22
34921,1,0,0,0,35.56
34922,0,1,1,0,4.3
34923,1,0,0,0,77.01
34924,1,1,1,0,101.01
34925,0,0,0,1,49.22
34926,0,0,1,0,59.6
34927,0,0,0,0,140.37
34928,0,0,0,0,0.0
34929,0,0,0,0,0.0
34930,0,0,0,0,70.54
34931,0,0,0,0,19.98
34932,0,0,1,0,157.0
34933,0,1,0,0,83.67
34934,1,0,1,0,10.61
34935,0,0,0,0,0.0
34936,0,0,0,0,117.06
34937,0,0,1,0,106.54
34938,1,0,1,0,84.46
34939,1,0,1,0,2.02
34940,0,1,0,0,48.68
34941,0,0,0,0,0.0
34942,1,0,1,0,140.89
34943,1,0,0,0,116.42
34944,0,0,1,0,22.24
34945,0,0,1,0,83.57
34946,0,1,1,0,110.63
34947,0,0,1,0,84.7
34948,0,1,1,0,165.27
34949,0,0,0,0,0.0
34950,0,0,0,0,12.87
34951,1,0,1,0,175.18
34952,1,0,1,1,55.81
34953,0,0,0,0,96.81
34954,1,0,1,0,99.67
34955,1,0,1,0,45.47
34956,1,1,0,0,63.77
34957,1,0,1,0,149.71
34958,0,0,1,0,106.65
34959,0,0,0,0,148.94
34960,0,0,1,0,42.45
34961,1,0,1,1,49.29
34962,0,0,1,0,110.59
34963,1,0,0,0,41.59
34964,1,0,0,0,0.0
34965,1,0,0,1,202.99
34966,1,0,0,0,123.21
34967,0,0,1,0,100.77
34968,0,0,1,0,0.0
34969,0,0,0,0,69.12
34970,0,0,0,0,0.0
34971,0,1,0,1,213.08
34972,1,0,0,0,38.0
34973,1,0,1,0,212.15
34974,1,1,1,0,85.08
34975,0,1,0,0,4.53
34976,0,0,0,0,47.16
34977,0,0,0,1,0.0
34978,0,0,0,0,25.17
34979,0,0,0,0,1.83
34980,1,0,1,1,143.89
34981,0,0,1,1,0.0
34982,0,0,0,0,151.81
34983,1,0,1,0,0.0
34984,0,0,0,0,29.09
34985,1,0,0,0,0.0
34986,0,0,0,0,61.13
34987,0,0,0,0,0.0
34988,0,0,0,0,35.98
34989,1,0,0,0,83.64
34990,0,0,1,0,34.69
34991,1,1,1,0,212.81
34992,0,0,0,0,0.0
34993,0,0,0,0,54.22
34994,1,0,0,0,0.0
34995,1,0,0,0,147.94
34996,0,0,1,0,95.42
34997,0,0,0,0,0.0
34998,0,0,0,0,0.0
34999,0,0,1,0,79.57
35000,0,0,0,0,94.92
35001,1,0,1,0,76.72
35002,1,0,0,0,0.0
35003,0,0,1,0,83.22
35004,1,1,1,0,111.82
35005,0,1,0,0,52.36
35006,0,0,0,0,0.0
35007,1,1,1,0,111.1
35008,0,0,1,0,16.14
35009,1,0,1,0,73.52
35010,0,0,0,0,41.35
35011,1,0,1,0,20.86
35012,0,1,1,0,154.85
35013,0,1,0,1,2.15
35014,0,1,0,0,78.88
35015,0,1,1,0,147.35
35016,0,0,0,0,0.0
35017,0,0,0,0,59.98
35018,0,0,1,0,3.65
35019,0,0,0,0,105.17
35020,0,0,1,0,0.0
35021,1,0,1,0,40.39
35022,0,1,0,0,0.0
35023,0,0,1,0,49.79
35024,0,0,0,0,27.08
35025,1,0,1,0,101.09
35026,0,0,0,0,93.53
35027,0,1,0,0,0.0
35028,0,0,0,0,191.31
35029,0,0,0,0,185.94
35030,1,0,1,0,116.68
35031,0,0,1,0,58.7
35032,0,0,1,0,0.0
35033,1,0,1,0,116.94
35034,0,0,1,0,77.69
35035,0,0,1,0,148.97
35036,1,0,1,0,145.59
35037,1,1,0,0,15.01
35038,0,0,0,0,137.03
35039,1,0,1,0,50.76
35040,1,1,0,1,0.0
35041,0,0,1,0,178.26
35042,0,0,0,0,22.38
35043,1,1,1,1,161.84
35044,1,1,0,0,0.0
35045,0,0,1,0,75.61
35046,0,1,0,0,73.82
35047,1,0,0,1,0.0
35048,0,0,0,0,91.49
35049,0,1,1,0,72.09
35050,0,0,0,0,117.11
35051,0,1,0,1,44.12
35052,0,0,1,1,52.86
35053,0,0,0,0,32.75
35054,1,1,0,0,88.55
35055,0,0,0,1,0.0
35056,1,0,1,0,151.88
35057,1,1,0,0,0.0
35058,0,1,1,0,89.43
35059,1,0,0,1,38.56
35060,0,0,0,1,47.32
35061,1,1,1,0,5.38
35062,0,0,0,0,0.0
35063,1,1,0,1,46.92
35064,1,1,0,0,145.99
35065,0,0,0,0,0.0
35066,1,1,1,0,74.53
35067,0,1,1,1,47.8
35068,0,0,1,0,42.15
35069,1,1,1,1,4.08
35070,0,0,0,0,34.21
35071,0,0,0,0,102.41
35072,1,0,1,0,93.62
35073,0,0,0,0,83.15
35074,0,0,0,0,148.04
35075,0,1,0,0,48.99
35076,0,0,1,0,0.0
35077,0,0,0,0,50.75
35078,1,0,0,0,22.79
35079,0,0,0,0,64.31
35080,1,0,0,0,86.83
35081,0,0,1,0,0.0
35082,1,0,1,0,189.27
35083,0,0,1,0,215.62
35084,0,0,1,0,0.52
35085,0,0,0,0,152.38
35086,0,1,1,0,114.24
35087,1,0,0,0,79.89
35088,0,1,0,0,50.6
35089,0,0,0,0,17.54
35090,0,0,1,0,188.6
35091,0,0,1,0,149.24
35092,1,1,1,0,61.24
35093,1,0,0,0,7.62
35094,1,0,1,0,28.75
35095,1,0,0,0,80.51
35096,0,0,0,0,50.66
35097,1,1,1,0,127.08
35098,0,0,0,1,138.19
35099,1,0,1,0,84.05
35100,1,1,0,0,142.28
35101,0,0,1,1,3.99
35102,1,1,1,0,175.43
35103,1,1,1,0,0.0
35104,1,1,1,0,143.57
35105,0,1,1,0,180.82
35106,0,0,0,0,78.99
35107,0,1,1,0,14.68
35108,0,0,0,0,27.16
35109,1,0,0,0,64.25
35110,1,0,0,0,102.78
35111,0,0,1,0,0.0
35112,0,1,1,0,32.19
35113,1,0,1,0,0.0
35114,0,1,0,0,53.61
35115,1,0,0,0,113.09
35116,0,0,0,0,176.97
35117,1,0,1,0,107.78
35118,0,1,0,0,61.14
35119,0,0,0,0,70.66
35120,1,1,1,0,105.84
35121,0,1,1,0,55.1
35122,0,0,0,0,133.43
35123,0,1,1,1,73.66
35124,1,0,1,0,66.82
35125,1,0,0,0,1.65
35126,0,0,1,0,0.0
35127,0,0,0,0,135.26
35128,0,0,0,0,69.73
35129,0,0,0,0,113.52
35130,0,0,0,0,9.33
35131,0,1,0,0,0.0
35132,1,0,1,0,0.0
35133,1,1,1,0,17.63
35134,1,0,1,0,56.3
35135,0,0,0,1,170.6
35136,0,0,0,0,33.73
35137,0,0,0,0,59.27
35138,0,1,1,0,151.84
35139,0,0,0,0,88.86
35140,0,0,0,0,15.05
35141,0,1,0,0,24.98
35142,0,0,0,0,131.29
35143,1,1,1,0,118.52
35144,0,0,1,0,77.62
35145,1,0,1,0,99.07
35146,1,1,1,0,189.79
35147,0,0,1,0,0.0
35148,0,0,1,0,91.33
35149,0,0,1,0,13.37
35150,0,0,0,0,70.75
35151,1,0,1,0,35.01
35152,1,1,0,1,195.77
35153,1,0,1,0,46.58
35154,0,0,0,0,136.6
35155,0,1,0,0,80.87
35156,0,0,0,0,116.6
35157,0,0,1,0,132.3
35158,1,1,0,0,47.26
35159,0,1,1,0,92.46
35160,0,0,0,0,92.37
35161,1,0,1,0,90.19
35162,0,0,1,0,70.23
35163,0,0,0,0,0.0
35164,0,0,0,0,67.51
35165,1,0,0,0,54.59
35166,1,0,1,0,173.37
35167,0,0,0,0,142.93
35168,0,0,0,0,27.03
35169,0,0,0,0,98.05
35170,0,0,0,0,74.64
35171,0,1,1,0,214.28
35172,0,0,1,0,89.67
35173,1,0,1,0,0.0
35174,1,0,0,0,50.68
35175,1,1,1,0,40.69
35176,0,0,1,0,111.09
35177,0,1,1,0,0.0
35178,1,0,1,0,26.48
35179,1,0,1,0,0.0
35180,0,0,0,0,0.0
35181,0,0,1,0,69.45
35182,0,0,1,0,58.19
35183,1,0,1,0,59.9
35184,0,0,0,0,0.0
35185,1,0,0,0,0.0
35186,0,0,0,0,0.0
35187,1,1,1,0,168.38
35188,1,1,1,0,65.57
35189,0,0,1,1,64.01
35190,0,0,1,1,0.0
35191,0,0,0,0,70.54
35192,0,1,0,0,76.14
35193,0,0,0,0,134.59
35194,0,1,1,0,80.47
35195,1,1,0,0,129.21
35196,0,0,1,0,85.37
35197,0,0,0,0,74.53
35198,0,0,0,1,79.59
35199,0,0,0,0,27.19
35200,1,0,1,0,0.0
35201,0,0,1,1,150.55
35202,0,0,0,0,105.12
35203,0,0,1,0,35.57
35204,0,0,0,1,63.49
35205,0,0,1,1,119.45
35206,0,0,0,0,101.71
35207,0,0,0,0,19.85
35208,0,0,1,0,19.29
35209,1,1,1,1,144.6
35210,0,1,1,0,112.05
35211,0,1,1,0,72.46
35212,0,1,0,0,142.33
35213,0,0,0,0,105.3
35214,1,1,0,0,74.91
35215,0,1,0,0,60.46
35216,1,1,1,1,152.83
35217,0,0,0,0,92.31
35218,0,0,0,0,38.61
35219,0,0,0,0,114.6
35220,1,0,1,1,65.57
35221,0,0,0,0,93.61
35222,0,0,0,0,98.55
35223,0,0,1,1,38.69
35224,0,0,0,0,5.22
35225,1,0,0,0,120.89
35226,0,0,1,0,79.56
35227,0,0,1,0,85.23
35228,0,1,0,1,104.46
35229,1,0,0,0,69.56
35230,0,0,0,0,73.08
35231,0,0,0,0,37.68
35232,0,0,0,0,0.0
35233,0,0,1,0,102.43
35234,0,0,0,0,106.45
35235,0,0,0,0,0.0
35236,1,0,0,0,41.84
35237,0,0,0,0,0.0
35238,1,0,1,0,99.36
35239,0,0,0,0,0.0
35240,0,0,0,0,28.82
35241,1,1,0,0,59.96
35242,0,0,0,1,132.16
35243,1,0,1,0,146.9
35244,0,0,0,0,85.99
35245,0,0,0,0,110.36
35246,1,0,0,0,112.29
35247,0,0,0,0,38.44
35248,0,0,0,1,8.49
35249,0,0,0,0,63.52
35250,0,0,0,0,0.0
35251,1,1,1,0,140.03
35252,0,0,0,0,31.55
35253,0,0,0,0,51.61
35254,0,0,0,0,21.5
35255,0,0,0,1,0.0
35256,0,0,0,0,0.0
35257,0,0,0,0,47.91
35258,0,0,0,0,140.26
35259,1,0,0,0,59.48
35260,0,0,0,0,60.99
35261,1,0,0,0,45.68
35262,0,0,1,0,111.36
35263,0,1,1,0,101.19
35264,1,1,0,0,138.85
35265,0,0,0,0,19.53
35266,1,0,0,0,100.03
35267,0,0,0,0,86.39
35268,1,0,0,0,4.33
35269,0,0,0,0,42.65
35270,0,0,0,1,0.0
35271,0,0,0,1,115.61
35272,1,1,0,0,18.28
35273,0,0,1,0,74.82
35274,1,0,0,0,88.38
35275,1,0,1,0,67.38
35276,1,0,0,0,36.78
35277,1,0,0,0,42.4
35278,0,0,0,0,163.87
35279,1,0,0,0,175.46
35280,1,0,1,0,0.0
35281,1,0,0,1,106.87
35282,0,1,1,0,0.0
35283,1,0,1,0,144.55
35284,0,0,0,0,123.08
35285,0,1,1,0,0.0
35286,0,0,0,0,74.05
35287,1,1,1,0,124.71
35288,0,1,0,0,71.81
35289,0,0,0,0,86.28
35290,1,0,0,0,64.06
35291,0,0,0,0,113.45
35292,0,1,1,0,136.77
35293,0,0,0,0,0.0
35294,1,0,1,0,41.96
35295,0,0,1,0,163.49
35296,0,1,0,1,37.7
35297,0,0,0,0,90.68
35298,0,0,0,0,1.75
35299,0,0,0,0,148.73
35300,0,0,1,0,182.4
35301,1,0,1,0,74.28
35302,0,0,0,0,0.0
35303,0,0,0,0,51.69
35304,0,0,0,0,65.14
35305,0,0,0,0,106.12
35306,0,0,0,0,115.77
35307,0,0,0,0,8.59
35308,0,0,0,0,117.42
35309,0,0,0,0,11.79
35310,1,1,0,0,110.09
35311,1,0,1,0,102.29
35312,0,1,0,1,67.67
35313,0,0,1,0,0.0
35314,1,0,0,0,176.04
35315,1,0,1,1,107.04
35316,0,1,0,0,27.79
35317,0,0,0,0,112.47
35318,0,0,0,0,108.13
35319,1,0,1,0,169.04
35320,1,0,0,0,68.88
35321,0,1,0,0,0.0
35322,0,1,1,1,182.8
35323,0,0,0,0,57.09
35324,0,0,0,0,50.89
35325,1,0,1,0,71.03
35326,0,0,1,0,46.74
35327,1,0,0,0,7.21
35328,1,0,1,0,0.0
35329,0,0,0,1,57.3
35330,0,0,0,0,89.53
35331,0,0,0,0,0.0
35332,0,0,0,0,0.0
35333,0,1,1,0,85.16
35334,0,0,0,0,22.13
35335,0,0,0,0,0.0
35336,1,0,1,0,91.47
35337,1,0,0,0,20.33
35338,0,0,0,0,7.11
35339,0,0,0,0,22.72
35340,0,0,0,0,14.17
35341,0,0,0,0,76.97
35342,0,0,0,0,54.82
35343,0,0,1,0,34.35
35344,1,0,0,0,108.37
35345,1,1,1,0,74.53
35346,1,0,0,0,111.61
35347,0,0,0,1,60.47
35348,1,0,0,0,0.0
35349,0,0,0,0,32.73
35350,0,1,1,1,103.11
35351,0,0,0,0,23.71
35352,0,0,1,0,0.0
35353,0,0,0,0,143.71
35354,0,1,0,0,128.19
35355,1,0,0,0,48.78
35356,0,0,0,0,102.34
35357,1,1,0,0,76.33
35358,1,0,0,0,78.76
35359,0,0,0,1,0.0
35360,0,0,0,0,136.98
35361,1,0,0,1,2.05
35362,1,0,1,0,58.78
35363,1,1,1,0,1.42
35364,1,0,1,0,82.9
35365,0,1,1,1,116.73
35366,0,0,0,0,112.59
35367,1,0,0,0,81.13
35368,0,0,0,0,137.66
35369,0,0,1,0,158.12
35370,1,1,0,0,22.84
35371,1,0,0,1,55.49
35372,1,0,0,0,112.03
35373,1,0,1,0,121.85
35374,1,0,0,0,0.0
35375,0,1,0,1,54.65
35376,0,1,1,1,98.51
35377,1,0,1,0,127.03
35378,0,0,0,0,63.4
35379,1,0,1,0,45.2
35380,1,1,1,0,261.3
35381,0,0,0,0,73.49
35382,0,0,0,0,164.35
35383,1,1,0,0,22.21
35384,0,0,0,0,39.14
35385,0,0,1,0,0.0
35386,0,0,0,0,91.95
35387,1,0,1,0,131.89
35388,0,0,0,0,100.15
35389,1,0,0,0,88.45
35390,0,1,0,0,81.27
35391,1,0,1,0,10.61
35392,0,0,1,0,186.54
35393,0,0,0,0,171.08
35394,0,0,0,0,60.51
35395,1,0,0,0,96.49
35396,0,0,0,0,141.22
35397,0,0,0,0,20.42
35398,1,0,1,0,86.69
35399,1,0,1,0,56.82
35400,0,0,1,1,94.83
35401,0,1,1,1,162.42
35402,0,0,0,0,92.88
35403,1,0,1,0,53.18
35404,0,0,0,0,124.84
35405,0,0,0,0,62.16
35406,0,1,1,0,64.58
35407,0,0,0,0,93.72
35408,1,1,1,0,29.02
35409,1,1,0,0,143.69
35410,0,0,0,0,69.18
35411,1,0,0,0,93.72
35412,1,0,1,0,168.02
35413,0,0,0,1,82.86
35414,1,0,0,0,29.32
35415,1,0,0,0,114.96
35416,0,0,0,0,86.12
35417,1,0,0,0,94.92
35418,0,0,1,0,132.94
35419,0,0,0,0,46.27
35420,1,0,0,1,156.59
35421,0,1,0,0,89.95
35422,0,0,0,0,0.0
35423,0,0,0,0,40.87
35424,0,0,0,0,7.05
35425,1,0,1,0,91.69
35426,0,0,0,1,27.06
35427,1,0,0,0,33.63
35428,0,0,0,0,121.7
35429,0,0,0,0,14.3
35430,0,0,1,0,164.22
35431,1,0,1,0,138.13
35432,1,0,1,0,113.63
35433,0,1,0,0,106.39
35434,0,1,1,0,65.99
35435,0,1,0,0,38.34
35436,0,0,1,0,66.66
35437,0,1,1,0,78.98
35438,0,0,1,0,4.0
35439,1,0,1,0,228.83
35440,0,0,1,0,82.84
35441,0,0,0,0,79.97
35442,0,0,0,0,0.11
35443,0,0,0,0,45.83
35444,0,0,1,1,152.46
35445,0,0,0,0,112.49
35446,0,1,1,0,109.7
35447,0,0,0,1,5.84
35448,1,1,1,1,58.26
35449,0,0,1,1,87.99
35450,1,0,1,0,151.65
35451,1,0,0,0,81.28
35452,0,0,1,1,5.17
35453,1,0,0,1,107.56
35454,0,0,0,0,125.74
35455,0,1,0,0,0.0
35456,0,0,0,0,62.76
35457,0,1,0,1,231.14
35458,1,0,1,0,77.97
35459,0,1,0,0,31.0
35460,1,1,1,0,15.63
35461,1,0,1,0,0.0
35462,0,0,0,0,73.93
35463,1,0,0,0,166.82
35464,0,0,1,0,75.15
35465,0,0,0,0,9.81
35466,1,0,1,0,35.5
35467,0,0,0,0,5.75
35468,0,0,0,0,0.0
35469,0,0,1,0,0.0
35470,0,0,0,0,104.91
35471,0,0,1,0,7.01
35472,0,1,0,0,38.2
35473,0,0,0,1,52.88
35474,0,0,0,0,73.66
35475,1,0,0,0,104.1
35476,0,0,0,0,21.31
35477,0,0,1,0,48.83
35478,0,0,0,0,0.01
35479,1,1,0,0,182.45
35480,1,0,1,0,112.42
35481,0,0,0,1,75.84
35482,1,0,0,0,73.75
35483,0,0,0,1,126.9
35484,0,0,0,0,54.56
35485,0,0,0,0,8.26
35486,1,0,1,0,0.0
35487,1,0,1,0,174.77
35488,0,1,0,0,78.57
35489,1,0,1,1,62.34
35490,1,0,1,0,5.59
35491,0,0,0,0,5.62
35492,1,0,1,0,120.39
35493,1,1,0,0,167.89
35494,0,0,0,0,6.22
35495,1,0,0,0,29.2
35496,1,0,1,0,21.56
35497,0,0,0,0,35.26
35498,1,0,1,0,99.15
35499,1,1,1,0,118.08
35500,1,0,0,0,95.23
35501,0,0,0,0,0.0
35502,0,0,1,0,0.0
35503,0,0,1,0,11.47
35504,1,0,0,0,86.78
35505,1,0,1,0,89.56
35506,0,0,1,0,88.34
35507,0,0,0,0,52.86
35508,0,0,0,0,107.64
35509,1,0,1,0,20.74
35510,1,0,1,1,87.82
35511,1,1,0,0,0.0
35512,1,1,1,0,158.42
35513,0,0,0,0,78.01
35514,0,0,0,0,97.28
35515,1,0,1,0,0.0
35516,1,0,1,0,143.53
35517,0,0,0,0,151.03
35518,0,0,0,0,114.46
35519,0,0,0,0,84.31
35520,1,0,1,0,106.77
35521,1,1,1,0,72.2
35522,1,1,0,0,213.37
35523,0,0,0,1,140.94
35524,0,0,0,0,67.63
35525,0,0,0,0,114.42
35526,1,0,1,0,96.18
35527,0,0,0,0,56.06
35528,1,1,1,0,138.68
35529,1,0,0,0,76.14
35530,0,0,1,1,0.0
35531,0,0,1,0,160.21
35532,0,0,1,0,188.4
35533,1,0,1,0,66.98
35534,1,0,0,0,127.26
35535,1,0,0,0,12.99
35536,0,0,0,1,0.0
35537,1,0,0,0,109.93
35538,0,0,0,0,15.39
35539,0,0,1,0,64.33
35540,0,1,0,0,0.0
35541,1,0,1,0,133.15
35542,1,1,1,0,60.02
35543,0,0,0,1,61.76
35544,0,0,0,0,43.3
35545,0,0,0,0,110.12
35546,1,1,1,0,126.33
35547,1,1,1,0,113.13
35548,0,1,1,0,102.84
35549,1,0,1,0,221.89
35550,0,0,0,0,115.52
35551,1,1,1,1,93.74
35552,0,0,0,0,164.2
35553,0,0,0,0,39.9
35554,1,0,0,0,189.95
35555,1,0,1,0,68.14
35556,1,1,1,0,78.26
35557,0,1,1,0,16.4
35558,0,0,0,0,76.34
35559,0,0,0,0,43.86
35560,0,1,0,0,0.0
35561,1,0,0,1,76.45
35562,0,0,0,0,53.88
35563,0,0,0,0,0.67
35564,0,0,0,0,101.79
35565,0,0,1,0,155.89
35566,1,0,0,1,0.0
35567,0,0,0,0,23.16
35568,0,0,1,0,60.91
35569,0,1,1,0,107.06
35570,0,1,1,0,0.0
35571,0,1,0,0,12.6
35572,0,0,0,0,0.0
35573,0,0,0,0,73.02
35574,0,0,0,0,48.78
35575,1,0,1,0,15.15
35576,1,1,0,0,29.63
35577,1,0,1,0,152.55
35578,0,1,1,0,74.11
35579,0,0,0,0,12.19
35580,1,0,0,0,36.56
35581,0,0,0,0,14.37
35582,1,1,0,0,5.94
35583,1,1,1,0,35.96
35584,0,0,0,0,187.77
35585,1,0,0,0,127.54
35586,1,0,0,0,4.59
35587,1,1,1,0,100.43
35588,0,0,0,0,13.52
35589,0,0,1,0,135.48
35590,1,0,1,0,36.23
35591,0,0,0,0,102.12
35592,0,0,0,0,62.09
35593,1,0,1,1,69.95
35594,0,0,0,1,52.11
35595,0,0,1,0,47.59
35596,1,0,1,0,0.0
35597,1,0,1,0,0.0
35598,1,1,1,0,186.26
35599,1,0,1,0,140.7
35600,0,0,0,0,21.26
35601,0,0,0,0,39.5
35602,1,0,0,0,110.03
35603,1,1,1,0,207.95
35604,0,0,0,0,0.0
35605,0,0,1,0,76.31
35606,1,0,0,0,162.77
35607,0,0,0,0,117.98
35608,0,0,1,0,114.5
35609,0,0,0,0,32.43
35610,0,0,0,0,0.0
35611,1,0,1,0,52.96
35612,0,0,0,0,65.23
35613,0,1,1,0,0.0
35614,0,0,0,0,103.61
35615,1,1,1,1,188.34
35616,1,0,1,0,17.41
35617,0,1,1,1,16.46
35618,0,0,1,1,174.37
35619,1,0,1,0,93.5
35620,1,0,0,0,53.13
35621,1,0,1,0,5.69
35622,0,0,1,0,80.09
35623,0,0,1,0,107.06
35624,1,0,1,0,190.44
35625,0,0,0,0,97.43
35626,1,0,1,0,52.22
35627,1,0,0,1,45.1
35628,0,0,0,0,0.0
35629,0,0,0,0,0.0
35630,0,0,0,0,0.0
35631,0,0,0,0,14.63
35632,1,1,1,0,75.41
35633,1,0,1,0,85.43
35634,0,0,0,1,0.0
35635,0,0,1,0,57.0
35636,1,0,1,0,0.16
35637,0,1,1,0,98.81
35638,0,0,1,0,76.24
35639,0,0,0,0,145.21
35640,0,0,0,1,61.05
35641,0,0,0,0,114.37
35642,0,0,0,0,13.22
35643,1,1,1,0,95.07
35644,1,0,0,0,79.43
35645,0,1,0,0,112.09
35646,0,0,0,1,0.0
35647,0,0,0,0,3.44
35648,0,0,0,0,0.0
35649,0,1,0,0,50.84
35650,1,0,1,1,18.77
35651,1,0,1,0,29.7
35652,1,0,0,0,29.54
35653,1,0,0,0,137.66
35654,1,1,1,0,39.8
35655,1,1,1,1,137.22
35656,0,0,0,0,61.67
35657,0,0,0,0,45.85
35658,0,0,0,0,122.98
35659,0,0,0,0,24.97
35660,1,0,0,0,43.37
35661,1,0,1,0,97.28
35662,1,1,1,0,96.05
35663,0,0,1,0,171.83
35664,1,0,0,0,84.01
35665,1,0,1,0,67.15
35666,0,0,0,0,0.0
35667,0,1,1,0,104.41
35668,0,0,0,0,0.0
35669,1,0,0,1,76.61
35670,0,1,0,0,71.64
35671,0,1,0,0,0.0
35672,1,0,1,0,55.11
35673,1,0,0,0,126.25
35674,1,1,1,0,0.0
35675,0,1,1,0,100.92
35676,0,1,1,0,68.23
35677,0,0,0,0,28.01
35678,1,0,0,0,0.0
35679,0,0,0,0,0.0
35680,1,1,1,0,21.98
35681,0,1,0,0,24.28
35682,1,0,0,0,34.61
35683,0,0,0,0,63.9
35684,0,0,0,0,0.0
35685,0,0,0,0,25.09
35686,1,0,0,0,32.9
35687,0,0,0,0,78.45
35688,1,0,0,0,163.4
35689,1,1,1,0,46.47
35690,0,0,0,0,46.74
35691,0,1,1,1,101.42
35692,1,0,1,0,141.6
35693,0,0,0,0,32.42
35694,0,0,0,0,103.99
35695,1,0,1,0,52.14
35696,1,0,0,0,12.46
35697,0,0,1,0,112.14
35698,1,0,1,0,24.67
35699,0,0,0,0,19.68
35700,1,1,1,0,27.23
35701,0,0,0,0,27.48
35702,1,0,0,0,70.39
35703,1,0,0,0,19.41
35704,0,0,0,0,72.43
35705,0,1,1,0,100.6
35706,1,0,0,0,45.66
35707,1,0,1,0,140.63
35708,0,0,0,0,89.32
35709,0,0,0,0,64.57
35710,1,1,1,0,127.13
35711,1,0,1,0,43.54
35712,0,0,0,0,207.21
35713,1,1,1,0,67.8
35714,1,0,1,0,142.2
35715,1,0,1,0,51.83
35716,0,0,1,0,76.18
35717,0,0,0,0,0.0
35718,0,0,0,0,3.03
35719,0,0,0,1,109.51
35720,1,0,1,0,111.63
35721,0,0,1,0,26.72
35722,0,0,0,0,0.0
35723,1,0,1,0,88.36
35724,1,0,0,0,208.57
35725,0,0,0,0,68.07
35726,0,0,1,0,0.0
35727,0,0,0,0,79.25
35728,0,0,0,0,116.11
35729,0,0,0,0,16.94
35730,0,0,0,0,93.28
35731,0,0,0,0,97.81
35732,1,1,0,0,67.41
35733,0,0,0,0,212.17
35734,1,0,0,0,106.66
35735,1,0,1,0,26.44
35736,1,1,1,0,83.4
35737,0,0,1,1,39.14
35738,0,0,1,0,124.73
35739,0,0,0,0,106.38
35740,0,0,0,0,0.0
35741,0,0,0,1,77.66
35742,0,0,0,0,92.56
35743,0,0,0,0,108.83
35744,0,0,1,0,31.51
35745,1,0,1,0,119.77
35746,1,0,1,0,0.0
35747,0,0,0,0,30.15
35748,0,0,0,0,58.79
35749,1,1,1,0,119.0
35750,0,1,1,0,58.22
35751,1,0,1,0,108.4
35752,1,0,1,0,176.33
35753,0,0,0,0,43.61
35754,1,0,0,1,26.9
35755,0,0,1,0,78.62
35756,0,0,0,1,0.0
35757,0,0,0,0,64.82
35758,1,0,1,0,66.19
35759,0,0,0,0,141.69
35760,0,0,1,0,42.11
35761,0,1,1,0,0.0
35762,1,1,1,0,112.31
35763,0,0,1,0,84.1
35764,0,0,1,0,46.89
35765,1,0,0,0,4.51
35766,0,0,0,0,67.57
35767,1,1,0,1,144.79
35768,0,0,0,0,63.06
35769,0,0,1,0,85.65
35770,1,0,1,0,34.34
35771,0,0,0,0,11.12
35772,0,0,0,0,0.37
35773,1,0,0,0,52.74
35774,1,1,0,0,0.0
35775,0,0,1,0,92.65
35776,0,0,1,0,119.6
35777,0,0,0,0,0.0
35778,0,0,1,0,19.05
35779,1,0,1,0,124.9
35780,0,0,0,0,74.02
35781,1,0,1,0,64.93
35782,0,1,0,0,5.32
35783,1,0,0,0,138.8
35784,1,1,1,0,94.23
35785,0,1,0,0,32.14
35786,1,1,1,0,183.61
35787,1,0,1,0,78.25
35788,0,0,1,0,107.6
35789,0,0,0,0,79.86
35790,0,0,1,0,0.0
35791,0,0,1,0,104.37
35792,0,0,0,0,6.97
35793,1,0,0,0,111.75
35794,1,0,0,0,110.62
35795,0,0,0,0,46.54
35796,0,0,0,0,40.32
35797,0,0,1,0,203.25
35798,1,0,0,0,0.0
35799,1,0,1,0,125.95
35800,1,0,0,0,188.75
35801,0,0,1,0,0.0
35802,1,0,1,0,57.13
35803,0,1,1,0,90.76
35804,1,1,1,0,73.6
35805,1,0,1,0,46.46
35806,0,0,0,1,44.37
35807,1,0,0,0,108.32
35808,0,0,0,0,0.0
35809,0,0,0,0,0.0
35810,1,0,0,0,24.08
35811,0,0,1,0,13.45
35812,1,0,0,0,15.37
35813,0,1,1,0,183.1
35814,0,0,1,0,22.83
35815,0,0,0,0,65.38
35816,0,1,1,0,118.47
35817,0,0,0,1,80.49
35818,0,0,0,0,120.75
35819,1,0,1,0,101.94
35820,0,0,0,0,104.16
35821,0,0,1,0,80.12
35822,1,0,1,0,82.3
35823,1,0,1,0,213.15
35824,0,0,0,0,0.0
35825,1,0,0,0,76.43
35826,0,0,1,0,184.35
35827,0,0,0,0,0.0
35828,0,1,0,0,94.86
35829,0,0,0,0,130.7
35830,0,1,0,1,30.5
35831,1,0,0,0,58.99
35832,0,1,0,0,108.52
35833,0,0,0,1,103.72
35834,0,0,0,0,116.87
35835,1,0,1,0,71.39
35836,1,1,1,0,0.0
35837,0,1,0,0,75.86
35838,1,0,1,1,74.22
35839,1,1,1,0,125.21
35840,0,0,0,0,23.48
35841,1,0,1,0,67.55
35842,0,0,0,0,37.97
35843,1,1,1,0,175.78
35844,0,1,1,0,121.39
35845,1,0,1,0,0.0
35846,1,0,0,0,66.49
35847,0,1,0,0,43.69
35848,0,0,1,0,138.06
35849,0,0,0,0,178.11
35850,0,0,0,0,88.19
35851,1,0,1,0,90.2
35852,0,0,1,0,46.72
35853,0,0,1,0,32.74
35854,0,0,1,0,0.0
35855,0,1,1,0,39.1
35856,0,1,0,0,117.6
35857,0,0,0,0,188.37
35858,1,0,0,0,153.54
35859,0,0,0,0,118.54
35860,1,0,1,0,55.83
35861,1,0,1,0,134.46
35862,0,0,0,0,41.02
35863,0,0,1,0,31.07
35864,0,1,1,0,0.0
35865,0,0,0,1,32.44
35866,0,0,0,0,65.31
35867,0,0,0,0,50.74
35868,0,0,0,0,0.0
35869,0,0,1,0,43.16
35870,0,0,0,0,116.64
35871,0,1,0,0,54.42
35872,0,0,0,0,40.01
35873,0,0,1,0,0.0
35874,1,0,0,0,94.53
35875,1,0,1,0,0.0
35876,0,0,0,0,99.21
35877,0,0,0,0,0.0
35878,1,0,0,0,11.03
35879,0,0,0,0,0.0
35880,0,0,0,0,0.0
35881,0,0,0,0,0.0
35882,0,0,1,0,119.43
35883,0,0,1,0,165.97
35884,0,0,0,0,63.74
35885,0,0,1,0,58.86
35886,1,1,1,0,42.16
35887,0,0,0,0,129.68
35888,1,1,0,0,123.05
35889,0,0,0,0,52.85
35890,1,0,1,0,119.52
35891,0,1,0,0,47.68
35892,0,0,1,0,153.81
35893,1,0,0,0,158.43
35894,0,0,0,0,0.0
35895,0,0,0,0,85.32
35896,1,1,1,0,0.0
35897,1,0,0,0,47.43
35898,0,0,0,0,61.33
35899,0,0,0,1,123.73
35900,0,0,0,0,67.45
35901,0,0,0,1,13.25
35902,0,0,0,0,20.19
35903,0,0,0,0,57.25
35904,0,0,0,0,0.0
35905,1,0,0,0,0.0
35906,0,0,0,0,61.51
35907,1,0,0,0,82.15
35908,0,1,0,1,0.0
35909,1,1,0,1,144.16
35910,0,1,1,0,60.37
35911,0,0,1,0,138.65
35912,1,0,1,0,83.98
35913,0,0,0,0,77.1
35914,0,1,0,1,46.32
35915,1,0,1,1,186.96
35916,0,0,0,1,0.0
35917,1,0,1,0,52.29
35918,1,0,0,0,58.24
35919,0,0,0,0,63.52
35920,1,0,1,0,130.09
35921,0,0,0,0,129.03
35922,1,1,1,1,256.0
35923,0,0,1,0,28.96
35924,0,0,0,1,178.42
35925,1,0,1,0,159.9
35926,0,0,0,0,114.85
35927,0,0,1,0,0.0
35928,1,0,1,0,25.64
35929,0,0,0,0,148.18
35930,0,1,0,0,92.75
35931,1,1,1,0,32.86
35932,0,1,0,0,92.2
35933,1,1,1,0,91.09
35934,0,0,0,0,21.82
35935,0,0,0,0,0.0
35936,0,0,0,0,4.64
35937,1,0,1,0,167.03
35938,0,0,1,0,15.85
35939,0,1,0,0,0.0
35940,0,0,1,0,103.88
35941,1,1,1,0,155.45
35942,1,1,1,0,68.68
35943,1,1,1,0,0.0
35944,1,1,1,0,110.07
35945,1,0,1,0,103.88
35946,1,0,0,0,80.76
35947,0,0,0,0,92.54
35948,0,0,0,0,205.93
35949,0,0,0,1,0.0
35950,1,1,1,0,25.01
35951,0,0,1,1,40.96
35952,0,0,0,0,0.0
35953,0,0,1,0,76.98
35954,0,0,0,0,76.02
35955,1,0,1,0,114.71
35956,0,0,0,0,141.5
35957,1,0,0,0,143.56
35958,0,0,0,0,49.36
35959,1,1,0,0,168.52
35960,1,0,0,0,63.54
35961,0,0,0,0,0.0
35962,0,1,0,0,99.1
35963,0,0,0,0,97.47
35964,0,0,0,0,130.03
35965,0,0,1,0,0.0
35966,0,0,0,0,14.98
35967,1,1,0,0,70.28
35968,1,0,0,0,41.0
35969,0,0,0,0,100.55
35970,0,1,1,0,48.98
35971,0,0,0,0,65.71
35972,0,0,0,0,184.59
35973,0,0,0,0,106.74
35974,0,0,1,0,12.25
35975,0,0,0,0,25.41
35976,0,0,1,0,65.48
35977,1,0,0,0,139.73
35978,1,0,0,0,5.04
35979,0,0,0,0,51.55
35980,1,0,0,0,44.67
35981,0,0,0,0,194.28
35982,1,0,1,0,151.19
35983,1,1,1,0,40.95
35984,0,1,0,1,0.0
35985,0,0,0,0,4.99
35986,0,0,1,0,74.67
35987,0,1,1,0,133.74
35988,1,1,1,0,115.03
35989,1,0,1,0,122.48
35990,1,0,0,0,0.0
35991,0,0,0,0,149.43
35992,0,1,0,0,157.75
35993,0,0,1,0,67.0
35994,0,1,1,0,111.47
35995,0,0,0,0,0.0
35996,1,0,1,0,47.11
35997,0,0,0,0,91.61
35998,1,0,1,0,0.0
35999,0,0,0,0,0.0
36000,0,0,1,0,91.27
36001,1,0,1,0,51.9
36002,0,0,0,0,48.97
36003,1,0,1,1,121.99
36004,1,0,1,0,0.0
36005,1,1,1,0,114.42
36006,1,1,1,0,73.84
36007,0,1,1,0,54.98
36008,0,0,0,0,65.86
36009,1,0,0,0,91.05
36010,1,0,0,0,48.08
36011,0,1,1,0,200.23
36012,0,0,0,0,43.7
36013,1,1,0,0,50.57
36014,1,0,1,0,64.0
36015,0,0,0,0,11.8
36016,1,0,1,0,165.21
36017,0,0,1,1,146.84
36018,0,0,0,0,101.8
36019,1,0,0,0,78.38
36020,1,0,1,0,154.19
36021,0,0,0,0,118.61
36022,1,0,0,0,160.87
36023,0,0,0,1,19.12
36024,0,0,0,0,39.84
36025,1,1,1,1,35.42
36026,0,0,1,0,4.81
36027,0,0,0,0,110.32
36028,0,0,0,0,81.02
36029,0,0,0,0,99.21
36030,1,0,1,0,65.05
36031,0,0,0,0,137.58
36032,1,0,1,0,0.0
36033,1,1,1,0,170.86
36034,1,1,1,0,0.0
36035,0,0,0,0,91.29
36036,0,0,1,0,117.72
36037,1,1,1,0,84.51
36038,0,0,0,0,0.0
36039,1,0,0,0,64.01
36040,0,0,1,0,95.08
36041,0,0,0,0,1.07
36042,0,0,0,0,31.2
36043,0,0,0,0,55.65
36044,0,0,0,1,0.0
36045,0,0,0,0,16.96
36046,0,0,0,0,100.22
36047,1,0,1,0,88.13
36048,0,0,1,0,149.59
36049,1,0,0,0,0.0
36050,0,0,0,0,33.91
36051,0,0,0,0,33.78
36052,0,0,0,0,10.61
36053,1,1,1,0,240.52
36054,1,1,1,0,166.65
36055,0,1,0,0,180.18
36056,0,0,0,0,147.38
36057,1,1,0,0,110.77
36058,0,1,1,0,95.67
36059,0,0,0,0,31.4
36060,1,0,1,0,110.71
36061,1,0,0,0,43.9
36062,1,1,1,0,90.7
36063,1,1,1,0,0.0
36064,0,0,0,0,1.94
36065,0,0,1,0,150.88
36066,1,0,1,1,75.31
36067,1,0,0,0,146.82
36068,1,0,1,0,23.38
36069,1,0,0,1,80.19
36070,0,0,0,0,39.79
36071,1,0,0,0,106.34
36072,0,0,0,0,72.28
36073,0,0,0,0,73.34
36074,1,0,1,1,83.26
36075,1,0,1,1,128.3
36076,0,0,0,0,156.93
36077,1,0,0,1,149.8
36078,0,0,0,1,132.56
36079,0,0,0,0,110.99
36080,0,0,1,0,76.44
36081,0,1,1,0,89.22
36082,0,0,1,0,0.0
36083,1,0,1,0,136.93
36084,0,1,0,0,137.1
36085,0,0,0,0,13.28
36086,0,1,0,0,114.18
36087,1,0,0,1,91.98
36088,0,0,0,0,0.0
36089,0,0,1,0,157.63
36090,0,0,0,0,5.77
36091,0,0,1,0,133.23
36092,0,0,1,0,113.05
36093,0,0,1,1,84.72
36094,0,0,0,0,80.6
36095,1,1,0,0,0.0
36096,1,0,1,0,133.94
36097,0,0,1,0,156.0
36098,1,0,1,0,49.7
36099,0,0,0,0,14.63
36100,0,0,0,0,78.87
36101,1,1,1,0,60.3
36102,0,0,0,0,39.01
36103,0,0,1,0,128.03
36104,0,1,0,0,42.81
36105,0,1,1,0,68.49
36106,0,0,0,0,25.58
36107,1,0,0,0,19.55
36108,1,1,1,0,76.94
36109,0,0,0,0,46.52
36110,0,0,0,0,98.77
36111,0,0,0,0,17.86
36112,0,1,0,0,0.0
36113,0,0,0,0,64.38
36114,0,0,1,0,74.92
36115,0,0,0,0,119.78
36116,0,0,0,0,169.08
36117,0,0,0,0,60.59
36118,0,1,1,0,127.23
36119,0,0,0,0,71.1
36120,1,0,1,0,144.16
36121,1,0,1,1,136.71
36122,0,0,0,1,62.4
36123,1,0,0,0,137.4
36124,0,0,0,0,5.55
36125,0,0,0,0,68.73
36126,0,0,0,0,101.12
36127,1,0,0,0,182.76
36128,0,0,0,0,51.06
36129,0,0,0,0,54.69
36130,1,0,1,0,63.51
36131,1,0,0,0,123.21
36132,0,1,1,0,109.95
36133,0,0,1,0,139.93
36134,0,0,1,0,51.59
36135,0,0,0,0,5.96
36136,0,0,0,0,160.4
36137,0,0,0,1,144.42
36138,0,0,0,0,139.63
36139,1,1,0,0,67.7
36140,0,1,0,0,90.01
36141,0,0,0,0,0.0
36142,0,0,1,0,89.66
36143,1,1,1,0,60.16
36144,0,0,0,0,82.32
36145,0,1,1,0,100.1
36146,0,1,0,0,103.63
36147,1,0,0,0,73.66
36148,0,0,0,1,57.62
36149,1,0,1,0,123.23
36150,1,1,1,0,55.63
36151,1,0,0,1,55.34
36152,0,1,0,0,30.38
36153,0,0,0,0,0.0
36154,1,0,0,0,139.41
36155,0,0,1,0,64.8
36156,1,0,1,0,66.77
36157,0,0,0,0,88.72
36158,1,1,1,0,31.44
36159,1,0,0,0,83.24
36160,0,0,0,1,96.49
36161,1,0,0,0,93.63
36162,0,0,0,0,9.14
36163,1,0,1,0,104.24
36164,0,0,1,0,54.74
36165,0,0,1,0,24.83
36166,0,1,0,0,87.9
36167,0,1,1,0,77.78
36168,0,0,0,0,164.37
36169,0,0,1,0,97.8
36170,0,0,0,0,33.14
36171,0,0,0,0,8.88
36172,0,1,1,1,75.68
36173,0,1,1,0,81.51
36174,0,1,0,0,121.79
36175,1,0,0,0,18.14
36176,0,0,1,1,144.56
36177,0,0,0,0,0.0
36178,0,1,0,1,119.22
36179,1,0,1,0,108.99
36180,0,0,0,0,25.4
36181,0,0,0,1,1.42
36182,0,0,0,0,100.6
36183,0,0,0,0,97.52
36184,1,0,1,0,37.49
36185,1,1,0,0,72.29
36186,1,0,1,0,97.41
36187,1,1,1,0,57.96
36188,0,0,0,0,118.75
36189,0,0,0,0,40.39
36190,1,0,1,0,136.04
36191,1,0,0,0,0.0
36192,1,1,0,0,85.81
36193,0,0,0,0,94.77
36194,0,0,0,0,97.5
36195,1,0,1,0,142.64
36196,1,1,1,0,201.97
36197,0,0,0,0,96.15
36198,0,0,0,0,55.9
36199,1,1,0,0,34.24
36200,0,0,0,0,20.73
36201,0,0,0,0,114.17
36202,1,0,1,0,148.64
36203,1,1,1,0,156.68
36204,0,0,1,0,0.0
36205,0,0,0,1,88.96
36206,0,1,0,0,67.42
36207,0,0,1,0,55.37
36208,0,1,1,0,108.44
36209,0,0,0,0,0.0
36210,1,0,1,0,176.38
36211,0,0,1,0,54.68
36212,0,0,0,0,158.57
36213,1,1,1,0,96.78
36214,1,0,0,0,29.01
36215,0,1,1,0,92.98
36216,0,0,1,0,33.76
36217,0,0,0,0,144.48
36218,0,0,1,0,69.82
36219,1,0,0,1,146.3
36220,1,0,1,0,115.68
36221,0,0,0,0,0.0
36222,1,0,1,0,19.02
36223,0,0,0,0,0.0
36224,1,1,0,0,15.99
36225,0,0,0,0,108.21
36226,1,1,0,0,71.11
36227,0,1,0,0,134.54
36228,1,1,1,0,108.77
36229,0,0,0,0,24.17
36230,1,0,0,0,47.52
36231,0,1,1,0,0.0
36232,0,0,0,0,0.0
36233,0,0,0,0,29.3
36234,0,1,0,0,92.64
36235,0,1,0,0,33.89
36236,0,0,0,0,59.67
36237,0,1,0,0,107.6
36238,0,0,1,0,80.32
36239,0,0,0,0,27.92
36240,0,0,1,0,94.1
36241,0,1,0,0,86.38
36242,0,0,1,0,103.21
36243,1,0,0,0,173.9
36244,0,1,1,0,108.77
36245,0,1,1,1,46.05
36246,1,0,0,0,0.0
36247,0,0,1,0,167.41
36248,0,0,0,0,0.0
36249,0,0,0,0,21.54
36250,0,0,1,0,112.9
36251,0,1,0,0,87.37
36252,0,1,1,0,119.54
36253,1,0,1,0,67.97
36254,0,0,0,1,101.32
36255,0,0,0,0,48.19
36256,1,0,1,0,47.43
36257,1,0,0,0,104.18
36258,0,0,0,0,148.27
36259,0,0,0,0,52.79
36260,0,0,1,0,170.77
36261,0,0,1,0,172.31
36262,0,0,1,0,0.0
36263,1,1,0,0,35.76
36264,0,1,1,0,69.68
36265,1,0,1,0,0.0
36266,0,0,0,0,93.27
36267,0,0,0,0,111.44
36268,1,1,1,0,55.71
36269,0,0,1,1,136.07
36270,0,0,0,0,56.79
36271,1,0,0,0,147.18
36272,0,0,0,0,15.08
36273,0,0,0,0,66.25
36274,0,1,1,0,73.61
36275,1,0,0,0,80.65
36276,0,0,1,0,0.0
36277,1,0,0,0,111.92
36278,0,0,0,0,30.62
36279,0,0,0,0,93.04
36280,0,0,0,0,94.47
36281,1,0,1,0,43.88
36282,0,0,1,0,101.53
36283,1,0,0,0,55.29
36284,1,0,1,0,97.79
36285,1,0,1,0,39.82
36286,0,0,0,0,138.62
36287,0,0,1,0,201.58
36288,1,1,1,0,142.6
36289,1,0,1,1,120.55
36290,1,0,0,0,44.34
36291,0,0,0,0,73.88
36292,0,0,0,0,11.16
36293,0,0,0,0,0.0
36294,1,1,0,0,104.12
36295,0,1,1,0,73.08
36296,0,0,0,0,77.0
36297,0,0,0,0,106.48
36298,0,0,0,0,85.44
36299,0,0,0,0,17.12
36300,1,0,0,0,0.9
36301,0,0,0,0,90.88
36302,0,0,0,0,16.3
36303,0,0,0,0,89.94
36304,1,0,0,0,113.22
36305,0,0,0,0,0.0
36306,0,0,1,0,10.64
36307,0,1,0,0,46.74
36308,0,0,0,0,59.38
36309,0,0,0,0,142.34
36310,0,0,0,0,83.4
36311,1,1,1,0,100.48
36312,0,1,0,0,81.26
36313,0,0,0,0,131.27
36314,0,0,0,0,138.16
36315,0,0,0,0,55.99
36316,0,0,1,0,38.64
36317,1,0,0,0,86.55
36318,0,0,0,0,99.85
36319,1,0,1,0,59.41
36320,1,0,1,0,4.77
36321,1,0,0,0,77.47
36322,0,1,1,0,51.93
36323,0,0,1,0,55.39
36324,0,0,0,0,11.27
36325,0,0,0,0,88.33
36326,1,0,0,1,53.15
36327,1,0,1,0,97.87
36328,0,0,0,0,88.92
36329,0,0,0,0,14.74
36330,0,0,0,0,135.19
36331,0,0,0,0,84.12
36332,0,0,0,0,146.91
36333,0,0,0,0,130.58
36334,0,0,1,0,144.69
36335,0,0,1,1,63.86
36336,0,0,0,0,76.26
36337,1,1,1,0,38.28
36338,0,0,0,0,80.99
36339,1,1,1,0,87.31
36340,0,0,1,0,114.75
36341,0,0,1,0,0.0
36342,1,0,1,1,53.19
36343,0,1,0,0,46.7
36344,0,0,0,0,113.87
36345,0,0,0,0,148.89
36346,0,0,0,0,61.91
36347,0,0,1,0,57.0
36348,1,0,1,0,167.16
36349,1,0,1,1,35.12
36350,0,0,0,0,0.0
36351,1,1,1,0,104.86
36352,0,0,1,0,0.0
36353,0,1,1,0,92.86
36354,1,0,0,1,131.63
36355,1,0,0,0,60.89
36356,0,0,0,0,54.58
36357,1,0,0,0,0.0
36358,0,0,1,0,84.82
36359,0,0,1,0,115.24
36360,0,0,1,0,63.68
36361,0,1,1,0,98.44
36362,1,0,0,0,80.08
36363,1,0,0,0,119.88
36364,0,0,0,0,140.38
36365,1,0,1,0,160.34
36366,0,0,0,0,122.34
36367,0,0,0,0,84.69
36368,0,0,0,0,136.63
36369,1,1,0,0,81.78
36370,0,0,0,0,56.89
36371,1,0,1,0,55.53
36372,0,1,0,0,179.87
36373,0,0,1,0,0.0
36374,1,1,1,0,112.96
36375,1,0,0,0,94.75
36376,1,0,1,0,133.07
36377,0,0,1,0,133.23
36378,1,0,1,0,188.59
36379,0,0,1,0,73.55
36380,0,1,1,0,47.5
36381,0,0,0,0,101.05
36382,0,1,1,0,0.0
36383,0,0,0,0,58.62
36384,1,0,0,1,91.18
36385,0,0,0,0,112.17
36386,0,0,0,0,129.42
36387,0,0,0,1,99.67
36388,0,1,1,0,62.02
36389,1,1,0,0,150.24
36390,0,0,0,0,0.0
36391,0,1,0,0,88.55
36392,0,0,1,0,0.0
36393,1,1,1,0,30.79
36394,0,0,0,0,0.0
36395,0,0,0,0,91.3
36396,0,0,0,0,66.86
36397,0,0,0,0,5.74
36398,1,0,0,0,78.53
36399,0,0,0,0,0.0
36400,0,0,0,1,0.0
36401,0,0,0,0,26.54
36402,1,0,0,0,0.0
36403,0,0,0,0,98.33
36404,0,0,0,0,99.79
36405,1,1,1,0,72.8
36406,0,1,1,0,43.54
36407,0,0,1,0,44.56
36408,1,1,1,1,144.4
36409,0,0,0,0,54.94
36410,0,0,0,0,58.15
36411,0,0,0,0,109.88
36412,0,0,1,0,78.22
36413,1,1,1,0,131.72
36414,1,1,1,0,42.95
36415,0,0,0,0,42.24
36416,0,1,1,1,51.09
36417,1,0,0,0,49.35
36418,1,1,1,1,186.7
36419,0,0,1,0,83.08
36420,0,0,0,0,37.91
36421,0,1,0,0,26.58
36422,1,0,1,1,69.02
36423,1,0,1,0,185.2
36424,1,0,0,0,0.0
36425,0,0,0,0,75.67
36426,0,0,1,0,57.31
36427,0,0,0,0,0.0
36428,0,1,1,1,120.61
36429,1,0,1,0,28.16
36430,0,0,0,0,114.99
36431,1,0,1,0,96.28
36432,1,0,0,1,67.65
36433,0,1,1,0,114.45
36434,0,1,0,0,23.67
36435,0,0,0,0,161.86
36436,0,0,0,0,142.22
36437,0,1,0,0,34.13
36438,0,0,0,0,0.0
36439,1,1,1,1,74.89
36440,1,1,1,0,66.89
36441,0,0,0,0,71.9
36442,1,0,1,0,89.72
36443,1,0,1,0,0.0
36444,0,0,1,0,147.79
36445,0,0,0,0,48.27
36446,0,0,0,0,70.79
36447,0,0,1,0,67.31
36448,0,0,0,0,71.81
36449,0,0,0,0,75.04
36450,1,0,1,0,92.86
36451,0,1,0,0,94.12
36452,0,0,0,0,43.71
36453,0,0,0,0,67.13
36454,0,0,0,0,98.95
36455,0,1,1,0,159.69
36456,0,0,0,1,79.9
36457,1,0,0,0,53.32
36458,0,0,1,0,120.2
36459,0,0,0,0,27.7
36460,1,0,0,0,8.7
36461,0,0,0,0,98.84
36462,0,0,0,0,28.35
36463,0,0,0,0,102.4
36464,0,0,0,0,182.16
36465,0,0,0,0,106.32
36466,0,1,0,0,95.8
36467,1,0,0,1,111.43
36468,0,0,0,0,105.89
36469,0,0,1,0,164.44
36470,0,0,1,0,41.68
36471,0,1,0,0,87.41
36472,0,0,0,0,0.0
36473,0,0,0,0,25.2
36474,1,0,1,0,178.95
36475,0,0,0,0,78.74
36476,0,0,0,0,105.11
36477,0,0,0,0,84.65
36478,1,0,1,0,157.27
36479,1,0,0,0,59.35
36480,0,0,0,1,128.3
36481,0,0,0,0,65.72
36482,0,0,0,0,28.75
36483,0,0,0,0,0.0
36484,1,1,1,0,19.78
36485,0,1,1,1,54.15
36486,1,1,1,0,50.9
36487,0,0,0,1,29.69
36488,1,0,1,0,2.43
36489,1,0,0,0,63.73
36490,1,0,1,0,103.24
36491,1,1,1,0,50.4
36492,0,1,1,0,118.3
36493,0,0,1,0,0.0
36494,0,0,0,0,81.56
36495,0,0,0,0,0.0
36496,1,0,1,0,39.05
36497,1,0,1,0,1.24
36498,1,1,1,0,153.8
36499,1,1,1,0,78.99
36500,0,0,0,0,164.86
36501,1,0,0,0,30.31
36502,0,0,0,0,89.73
36503,1,1,0,0,50.22
36504,1,0,0,0,0.0
36505,1,0,0,0,77.68
36506,0,0,0,0,41.6
36507,1,0,1,0,113.4
36508,0,0,0,0,111.1
36509,0,0,0,0,35.99
36510,1,0,0,0,57.5
36511,0,0,0,0,35.88
36512,0,0,0,0,88.51
36513,0,0,0,0,50.58
36514,1,0,1,1,104.54
36515,1,0,0,0,148.32
36516,0,0,0,0,0.0
36517,0,0,0,1,29.92
36518,1,1,1,0,35.03
36519,0,0,0,0,24.95
36520,0,0,0,0,0.0
36521,0,0,1,0,0.0
36522,0,0,1,0,76.63
36523,1,0,0,0,88.91
36524,1,0,1,0,111.43
36525,0,0,0,0,82.31
36526,0,0,0,1,105.57
36527,1,1,1,0,81.09
36528,0,1,0,0,0.0
36529,0,0,1,0,83.95
36530,0,0,1,0,125.57
36531,1,0,0,0,6.78
36532,1,0,1,0,137.86
36533,0,0,0,0,128.18
36534,0,0,0,0,0.0
36535,0,0,1,0,90.67
36536,1,0,0,0,149.97
36537,1,0,1,0,184.61
36538,0,0,0,0,14.24
36539,0,0,0,0,0.0
36540,0,0,0,0,80.65
36541,1,0,0,1,51.54
36542,0,1,0,0,115.54
36543,1,0,1,1,161.86
36544,0,0,1,0,72.58
36545,0,1,0,0,118.29
36546,1,1,1,0,116.73
36547,0,0,0,0,37.91
36548,0,0,0,0,52.0
36549,0,1,1,0,122.47
36550,1,0,0,0,144.5
36551,0,0,0,0,19.67
36552,0,0,1,0,146.11
36553,0,1,0,0,14.5
36554,0,0,0,0,0.0
36555,0,0,0,0,7.73
36556,0,0,0,0,30.82
36557,0,0,0,0,50.96
36558,1,0,1,0,0.0
36559,0,0,0,0,81.14
36560,1,0,0,0,97.85
36561,0,0,1,0,139.91
36562,0,0,0,0,97.48
36563,1,1,0,0,92.02
36564,0,0,0,0,5.34
36565,0,0,0,0,0.0
36566,0,0,1,0,49.45
36567,0,0,0,0,53.65
36568,0,0,0,0,33.16
36569,0,0,0,0,38.25
36570,0,0,0,0,11.97
36571,1,1,0,0,136.8
36572,1,0,0,0,109.03
36573,0,0,0,0,79.83
36574,1,1,0,1,111.48
36575,1,1,1,0,201.78
36576,1,1,1,0,146.29
36577,0,0,0,0,65.01
36578,1,1,1,0,140.75
36579,1,0,0,1,63.08
36580,1,0,0,0,2.81
36581,0,0,0,0,67.6
36582,1,0,1,0,268.53
36583,1,0,1,0,116.01
36584,0,0,0,0,61.06
36585,1,0,1,0,27.57
36586,1,1,0,0,85.08
36587,1,1,1,1,105.13
36588,0,0,0,0,13.02
36589,0,0,0,0,0.0
36590,0,0,1,0,0.0
36591,1,1,1,0,42.55
36592,0,0,0,0,0.0
36593,1,1,1,0,0.0
36594,1,0,1,0,140.39
36595,0,1,0,1,104.74
36596,1,0,0,0,64.75
36597,0,0,0,0,0.0
36598,0,0,0,0,82.41
36599,0,0,1,0,90.04
36600,1,0,1,0,139.87
36601,0,0,0,0,77.28
36602,0,1,1,0,0.0
36603,0,0,1,0,220.25
36604,0,0,1,0,6.06
36605,1,1,1,0,167.05
36606,0,0,0,0,95.94
36607,1,0,1,0,95.23
36608,0,0,0,0,45.36
36609,0,0,1,0,81.42
36610,0,0,0,0,12.69
36611,0,0,0,0,52.7
36612,1,0,1,0,58.54
36613,1,0,1,0,86.2
36614,0,1,1,1,16.49
36615,0,0,0,0,8.56
36616,0,0,0,0,28.15
36617,1,0,0,0,120.09
36618,1,0,1,0,49.99
36619,0,0,0,0,22.4
36620,1,0,1,0,85.38
36621,0,0,1,0,75.79
36622,1,0,1,0,134.59
36623,0,1,1,0,10.62
36624,0,1,0,0,13.16
36625,1,1,1,0,114.79
36626,1,0,0,0,45.72
36627,0,0,1,0,78.13
36628,0,0,1,0,0.0
36629,0,1,0,0,71.22
36630,1,1,1,0,95.26
36631,0,0,1,1,129.54
36632,0,1,1,0,110.84
36633,1,1,0,1,83.77
36634,0,0,1,0,17.52
36635,0,0,0,0,3.04
36636,0,0,0,0,44.03
36637,0,0,0,0,107.3
36638,0,0,0,0,141.06
36639,0,0,0,0,94.97
36640,1,0,1,0,41.63
36641,1,0,1,0,96.34
36642,0,0,0,0,0.0
36643,1,0,1,0,88.11
36644,1,0,0,0,22.1
36645,0,0,0,0,88.15
36646,1,1,1,1,62.33
36647,1,0,1,0,139.3
36648,0,0,0,0,0.0
36649,1,0,1,0,107.58
36650,1,0,0,0,57.27
36651,0,0,0,0,44.22
36652,1,1,1,0,30.69
36653,0,0,0,0,106.77
36654,1,0,0,0,0.0
36655,0,0,0,0,35.38
36656,0,0,0,1,0.0
36657,1,0,0,0,104.67
36658,0,1,0,0,49.0
36659,0,0,0,0,0.0
36660,0,0,0,0,93.89
36661,0,1,0,0,65.43
36662,0,0,0,0,70.15
36663,1,0,1,0,77.0
36664,1,0,1,0,93.36
36665,0,0,0,0,57.25
36666,0,0,0,0,69.22
36667,1,0,1,0,111.22
36668,0,0,0,0,69.3
36669,0,0,0,0,71.08
36670,0,0,0,0,11.47
36671,1,1,1,0,72.83
36672,0,0,0,0,111.67
36673,0,0,0,0,83.01
36674,0,0,0,0,144.16
36675,0,1,1,0,65.21
36676,0,0,0,0,166.39
36677,0,0,0,0,108.28
36678,0,0,1,0,0.0
36679,0,0,0,0,0.0
36680,1,0,1,0,74.88
36681,1,0,1,0,162.85
36682,0,0,1,0,23.36
36683,0,0,0,0,106.16
36684,1,0,1,1,117.23
36685,1,0,0,0,87.38
36686,1,1,1,0,146.84
36687,1,1,1,0,55.38
36688,0,0,0,0,71.18
36689,0,0,0,0,67.27
36690,0,0,0,0,36.95
36691,0,0,0,1,132.39
36692,0,0,0,0,62.53
36693,0,0,0,0,83.23
36694,0,0,0,0,96.32
36695,1,0,1,0,114.35
36696,0,0,0,0,84.79
36697,0,0,1,1,67.39
36698,1,1,1,0,131.87
36699,1,0,1,0,49.83
36700,0,0,0,0,24.39
36701,1,0,0,0,95.13
36702,0,0,1,0,11.15
36703,0,0,0,0,16.61
36704,0,0,0,0,103.15
36705,0,0,0,0,67.03
36706,0,0,0,1,117.45
36707,1,0,0,0,111.94
36708,0,0,0,0,28.35
36709,0,0,0,0,39.4
36710,0,0,0,0,77.23
36711,0,0,1,0,1.22
36712,0,0,1,0,0.0
36713,0,1,1,0,97.81
36714,1,0,1,1,31.83
36715,1,1,1,0,122.4
36716,1,0,0,1,72.45
36717,0,0,1,0,60.48
36718,1,0,1,0,75.1
36719,1,1,1,0,57.48
36720,0,0,0,0,8.29
36721,0,1,1,0,90.09
36722,0,0,0,0,90.16
36723,0,0,0,1,51.33
36724,1,1,1,0,0.0
36725,1,0,0,0,12.64
36726,0,0,1,0,78.65
36727,0,1,1,0,213.35
36728,0,0,0,0,162.97
36729,0,0,0,0,0.0
36730,0,1,0,0,0.0
36731,0,0,1,0,126.18
36732,0,0,0,0,0.0
36733,1,0,1,0,0.0
36734,0,0,0,0,94.82
36735,1,0,1,0,54.69
36736,1,0,0,1,64.49
36737,1,0,1,0,97.5
36738,0,1,1,0,167.42
36739,0,0,0,0,39.54
36740,1,0,0,0,81.8
36741,1,1,1,0,50.89
36742,1,0,1,0,158.5
36743,0,0,0,0,47.82
36744,1,1,1,0,101.91
36745,0,1,0,0,16.38
36746,1,0,0,0,105.36
36747,0,0,0,0,0.0
36748,0,0,1,1,62.12
36749,1,0,0,0,134.45
36750,0,1,0,0,166.97
36751,0,0,0,0,77.04
36752,0,0,0,0,72.29
36753,0,0,1,0,43.12
36754,0,0,1,1,0.0
36755,0,0,0,0,178.2
36756,0,1,0,0,0.0
36757,1,1,1,0,81.16
36758,0,0,1,1,0.0
36759,1,0,1,0,25.53
36760,0,0,1,0,30.52
36761,0,0,0,0,6.38
36762,0,0,0,0,43.41
36763,1,0,1,0,35.17
36764,0,0,0,0,54.32
36765,0,0,0,0,39.83
36766,0,0,1,0,152.13
36767,1,1,1,0,168.0
36768,0,0,1,0,217.63
36769,0,0,0,0,70.15
36770,0,0,0,0,0.0
36771,0,0,1,0,143.4
36772,1,0,0,0,175.52
36773,0,0,1,0,0.0
36774,0,0,0,1,57.55
36775,0,0,0,0,99.33
36776,0,0,0,0,129.45
36777,0,0,0,0,69.98
36778,0,0,1,1,129.06
36779,0,0,1,0,77.04
36780,0,0,1,0,183.55
36781,0,0,1,0,138.57
36782,0,0,1,0,63.15
36783,1,0,0,0,59.13
36784,0,0,0,0,116.67
36785,0,0,0,0,102.88
36786,0,1,1,0,110.47
36787,0,0,0,0,77.56
36788,0,1,0,0,97.41
36789,0,0,0,0,73.23
36790,0,0,0,0,76.41
36791,1,0,1,0,46.94
36792,0,0,0,0,100.76
36793,0,0,0,0,28.37
36794,0,0,0,0,89.92
36795,0,0,0,0,69.21
36796,0,1,0,0,31.0
36797,1,0,0,0,62.35
36798,0,0,0,0,0.0
36799,1,1,1,0,162.9
36800,1,0,0,0,45.74
36801,0,0,1,0,103.7
36802,0,0,0,0,22.68
36803,1,0,1,0,23.87
36804,0,0,0,0,17.5
36805,1,1,1,0,107.15
36806,0,0,1,1,8.15
36807,1,0,0,0,51.71
36808,1,1,0,0,38.04
36809,0,0,0,0,40.18
36810,0,1,0,0,156.68
36811,1,0,0,0,41.64
36812,0,0,1,0,0.0
36813,1,1,1,0,97.9
36814,0,1,0,0,63.44
36815,1,0,0,1,0.0
36816,0,1,0,0,40.38
36817,0,0,1,0,180.89
36818,0,0,1,0,127.99
36819,1,0,1,1,0.0
36820,0,0,0,0,17.76
36821,0,0,1,0,45.47
36822,1,0,0,1,65.09
36823,0,0,0,0,70.81
36824,1,0,0,0,84.11
36825,1,1,1,0,92.19
36826,0,0,0,1,37.48
36827,1,0,0,0,47.66
36828,1,0,1,0,124.29
36829,0,0,0,0,78.96
36830,1,1,0,0,119.96
36831,1,0,0,1,24.98
36832,0,0,1,0,107.52
36833,1,1,1,0,96.66
36834,0,1,0,0,147.85
36835,0,0,1,1,117.84
36836,0,1,0,0,30.71
36837,0,0,0,0,129.14
36838,0,0,1,0,85.45
36839,0,0,0,0,4.65
36840,1,0,1,0,199.97
36841,1,1,1,0,79.04
36842,0,0,0,0,0.0
36843,0,0,0,0,86.87
36844,0,1,1,0,48.68
36845,0,0,0,0,14.82
36846,0,1,1,0,94.02
36847,0,0,0,0,104.94
36848,0,0,0,0,0.0
36849,1,0,0,0,0.0
36850,0,0,1,0,103.53
36851,1,0,0,0,49.74
36852,1,1,1,0,131.57
36853,0,0,1,0,38.63
36854,0,0,0,0,0.0
36855,0,0,1,1,36.45
36856,1,0,0,0,122.08
36857,0,0,0,0,91.18
36858,1,0,0,0,45.21
36859,0,0,0,0,11.52
36860,0,0,0,0,0.0
36861,0,1,1,0,131.08
36862,0,0,0,0,50.98
36863,0,0,1,0,106.7
36864,0,0,0,0,137.87
36865,1,0,1,0,83.39
36866,0,0,1,0,0.0
36867,0,0,0,0,7.12
36868,0,0,0,0,39.75
36869,0,1,0,0,0.0
36870,0,0,0,0,45.85
36871,0,0,1,0,29.05
36872,0,1,0,0,28.31
36873,1,1,1,1,48.55
36874,0,0,0,0,157.58
36875,1,1,0,0,170.5
36876,0,1,1,0,21.16
36877,0,0,0,0,23.69
36878,1,0,0,0,143.41
36879,1,0,0,0,35.68
36880,0,0,0,0,46.08
36881,0,0,0,0,0.0
36882,0,0,0,0,0.0
36883,0,0,1,0,24.22
36884,0,0,1,0,65.01
36885,0,0,0,0,59.23
36886,0,0,0,0,0.0
36887,0,1,0,0,109.06
36888,0,0,1,0,7.12
36889,0,0,1,0,0.0
36890,1,0,0,0,234.15
36891,0,1,1,0,0.0
36892,0,0,0,0,59.18
36893,1,0,0,0,0.0
36894,1,1,0,0,0.0
36895,1,0,1,0,25.52
36896,0,0,0,0,42.26
36897,1,0,1,0,34.85
36898,1,1,0,0,38.39
36899,1,0,0,1,167.78
36900,1,1,0,0,15.97
36901,0,0,0,0,18.2
36902,0,0,0,1,96.04
36903,0,0,1,0,154.42
36904,0,0,0,0,95.65
36905,0,0,1,0,98.35
36906,0,0,0,0,71.86
36907,1,0,0,0,60.41
36908,1,0,1,0,91.02
36909,1,1,1,0,43.34
36910,0,0,0,0,98.41
36911,0,1,1,1,137.22
36912,0,0,0,0,16.77
36913,1,1,1,0,145.18
36914,1,1,0,0,0.0
36915,1,0,1,0,114.14
36916,0,0,1,0,113.54
36917,1,0,0,0,74.01
36918,0,0,0,1,21.9
36919,1,1,0,0,79.79
36920,1,1,0,0,141.26
36921,0,0,0,0,96.24
36922,1,0,1,1,85.71
36923,0,1,0,0,114.18
36924,0,0,0,0,112.96
36925,0,0,0,1,0.0
36926,1,1,1,0,45.37
36927,1,1,0,0,0.0
36928,0,0,1,1,95.99
36929,0,0,1,0,90.98
36930,0,0,1,0,33.98
36931,0,0,0,0,99.55
36932,1,0,1,0,137.94
36933,1,0,1,0,143.05
36934,0,0,0,0,0.0
36935,1,0,1,0,100.94
36936,0,0,0,0,112.03
36937,0,0,1,0,53.05
36938,0,1,0,0,0.0
36939,0,0,0,0,110.54
36940,0,0,0,0,40.21
36941,0,0,0,0,30.21
36942,0,0,1,1,96.06
36943,0,1,0,1,22.26
36944,0,1,1,0,11.13
36945,1,0,1,0,224.84
36946,1,0,1,0,0.0
36947,0,0,0,0,109.86
36948,0,1,1,1,123.05
36949,0,0,1,0,145.05
36950,1,0,1,0,28.38
36951,0,0,0,0,56.28
36952,0,0,0,0,71.68
36953,0,0,1,0,100.52
36954,1,0,0,0,21.04
36955,1,1,0,0,70.43
36956,0,0,1,1,0.0
36957,1,0,1,0,73.09
36958,0,0,0,0,84.38
36959,0,0,0,0,0.0
36960,0,0,0,0,52.73
36961,1,0,1,0,4.63
36962,1,1,1,0,1.61
36963,0,0,0,0,0.0
36964,1,1,0,0,154.34
36965,1,1,1,0,143.93
36966,1,0,1,0,6.46
36967,1,0,1,0,0.0
36968,0,0,1,0,0.0
36969,0,0,0,0,61.23
36970,0,0,0,0,71.56
36971,0,0,0,0,0.0
36972,0,0,0,0,0.0
36973,1,0,1,0,0.0
36974,1,1,1,0,16.24
36975,0,0,0,0,71.49
36976,1,0,1,1,124.64
36977,1,0,1,0,84.36
36978,1,0,1,0,5.75
36979,1,1,1,0,23.74
36980,1,1,1,0,73.85
36981,1,1,1,0,57.12
36982,1,1,1,0,223.85
36983,0,0,0,1,0.0
36984,0,0,0,0,114.71
36985,0,0,0,0,8.41
36986,1,0,0,0,29.51
36987,1,0,0,0,149.18
36988,0,0,0,1,129.97
36989,0,0,0,0,150.97
36990,0,0,0,0,66.38
36991,1,0,1,0,32.14
36992,1,0,1,0,102.68
36993,1,0,1,1,38.01
36994,0,0,0,0,90.25
36995,0,0,1,0,62.47
36996,0,1,0,0,0.0
36997,1,0,0,0,101.62
36998,1,0,1,0,0.0
36999,0,0,1,0,23.49
37000,0,1,0,0,22.81
37001,1,1,1,0,102.53
37002,1,1,0,0,48.35
37003,0,0,1,0,95.25
37004,0,0,0,0,45.27
37005,1,0,1,0,108.3
37006,1,0,1,1,108.86
37007,0,0,0,0,82.52
37008,0,0,0,0,93.73
37009,1,1,1,0,136.82
37010,0,0,0,0,0.0
37011,1,0,1,0,12.57
37012,0,0,0,0,116.73
37013,1,0,0,0,8.73
37014,0,0,0,0,42.04
37015,0,0,0,0,83.52
37016,0,0,0,1,27.95
37017,1,0,0,0,138.54
37018,0,0,1,0,9.7
37019,0,0,1,0,109.33
37020,1,0,0,0,18.05
37021,1,0,0,0,77.83
37022,0,0,0,1,142.86
37023,0,0,1,0,4.26
37024,0,0,0,1,19.02
37025,0,1,0,1,108.12
37026,0,0,0,0,64.98
37027,0,0,0,0,136.67
37028,0,0,0,0,46.13
37029,0,0,0,0,41.12
37030,1,0,0,0,91.43
37031,0,0,0,0,73.85
37032,1,1,1,0,142.61
37033,0,0,1,0,75.37
37034,1,0,1,0,35.36
37035,0,0,1,0,75.71
37036,0,1,1,0,165.59
37037,0,0,0,0,49.42
37038,0,1,1,0,81.01
37039,1,0,0,1,18.35
37040,0,0,0,0,107.83
37041,1,0,1,1,129.69
37042,1,0,0,0,0.0
37043,0,0,1,0,13.07
37044,0,0,0,0,0.0
37045,0,0,1,1,157.07
37046,1,1,1,0,147.29
37047,1,0,0,0,33.05
37048,1,0,1,0,0.0
37049,0,1,1,0,130.35
37050,0,0,0,0,6.46
37051,0,0,0,0,114.58
37052,1,0,1,0,197.68
37053,1,1,0,0,189.9
37054,0,1,1,0,43.4
37055,0,0,0,0,0.0
37056,0,1,1,0,191.49
37057,1,1,1,0,178.93
37058,0,0,1,0,127.83
37059,0,0,0,0,33.8
37060,0,0,0,0,23.55
37061,0,1,0,0,74.93
37062,1,0,1,0,106.1
37063,1,0,0,0,0.0
37064,1,0,1,0,87.28
37065,1,1,0,1,118.91
37066,0,0,1,0,79.26
37067,1,0,0,0,86.49
37068,0,0,1,0,36.23
37069,0,0,0,0,204.14
37070,0,0,0,0,62.32
37071,0,0,1,0,0.0
37072,0,0,0,0,105.84
37073,1,0,1,0,184.01
37074,1,1,1,0,172.83
37075,0,0,0,0,0.0
37076,1,1,1,0,90.07
37077,0,0,0,0,44.2
37078,0,0,0,0,44.11
37079,0,0,0,1,96.73
37080,1,0,0,0,26.84
37081,0,1,0,0,92.57
37082,0,0,0,1,0.0
37083,0,1,1,0,0.0
37084,0,0,0,0,0.0
37085,0,0,0,1,29.62
37086,0,0,0,0,27.27
37087,0,0,0,0,39.33
37088,1,0,1,0,41.63
37089,1,0,1,0,100.93
37090,0,0,0,0,98.77
37091,1,1,1,0,27.26
37092,0,1,1,0,57.35
37093,0,0,0,0,4.43
37094,0,0,0,1,0.0
37095,0,0,0,0,72.29
37096,0,1,1,0,94.61
37097,1,0,0,0,51.27
37098,0,0,0,0,116.29
37099,0,0,0,0,68.83
37100,1,0,0,0,0.0
37101,0,0,0,0,0.0
37102,0,0,1,0,2.79
37103,1,1,1,0,114.69
37104,0,0,1,0,67.48
37105,0,0,1,0,0.0
37106,1,0,0,1,134.74
37107,0,1,0,0,62.24
37108,1,1,0,0,76.62
37109,0,0,1,0,52.97
37110,0,0,0,0,61.49
37111,0,1,0,0,144.55
37112,0,0,0,1,133.47
37113,0,0,1,0,60.76
37114,0,0,1,0,0.0
37115,0,1,1,0,37.22
37116,0,0,0,0,75.01
37117,0,0,1,1,0.0
37118,0,0,1,1,120.46
37119,1,0,1,0,42.06
37120,0,0,1,0,11.94
37121,0,0,0,0,0.0
37122,0,0,0,0,115.88
37123,0,0,0,0,90.71
37124,1,0,1,0,0.0
37125,1,0,0,0,6.92
37126,0,1,0,0,0.0
37127,0,0,0,0,0.0
37128,1,0,1,0,94.43
37129,0,0,0,0,0.0
37130,0,1,0,0,104.88
37131,1,1,1,0,46.63
37132,1,1,0,0,0.0
37133,0,1,1,0,158.46
37134,1,0,0,0,23.02
37135,1,0,0,0,118.86
37136,0,0,1,1,139.01
37137,1,0,0,0,0.0
37138,1,0,1,1,166.14
37139,0,0,0,0,21.3
37140,0,1,1,0,94.77
37141,0,0,0,0,57.28
37142,0,0,1,0,39.03
37143,0,0,0,0,0.0
37144,1,1,1,0,115.96
37145,0,0,0,0,57.22
37146,0,0,0,0,169.02
37147,0,1,0,0,0.0
37148,0,0,0,0,159.06
37149,0,1,1,0,99.53
37150,0,0,0,0,131.84
37151,0,0,0,0,80.07
37152,1,0,1,0,111.77
37153,0,0,0,0,91.55
37154,1,0,0,0,49.99
37155,0,0,0,0,7.7
37156,0,0,0,0,7.44
37157,1,1,0,0,80.98
37158,1,0,0,1,128.58
37159,0,0,0,1,60.64
37160,0,1,1,0,68.0
37161,0,1,0,0,176.76
37162,1,1,1,0,108.62
37163,1,0,1,0,56.51
37164,0,0,1,0,119.3
37165,1,0,1,0,51.87
37166,0,0,0,0,36.68
37167,0,1,0,0,84.95
37168,0,0,1,0,92.23
37169,1,1,1,0,0.0
37170,0,0,0,0,153.31
37171,0,0,1,0,149.45
37172,1,0,1,1,146.66
37173,0,0,0,0,162.06
37174,1,0,0,0,50.59
37175,1,1,1,0,80.05
37176,0,0,0,0,5.85
37177,1,0,0,0,60.21
37178,0,0,1,0,97.11
37179,1,1,1,0,29.15
37180,1,0,1,0,0.0
37181,1,0,1,0,9.95
37182,0,0,1,0,70.37
37183,0,0,1,0,21.81
37184,0,0,1,0,73.44
37185,1,0,0,0,100.81
37186,0,1,0,0,78.5
37187,1,1,1,0,83.91
37188,0,0,1,0,96.65
37189,0,0,1,0,84.1
37190,1,0,1,0,89.37
37191,0,0,0,1,111.19
37192,0,0,1,0,29.77
37193,0,0,0,0,106.53
37194,0,0,0,0,69.49
37195,0,0,0,1,89.3
37196,0,1,0,0,126.24
37197,1,0,0,0,0.0
37198,0,0,0,0,16.99
37199,1,0,1,0,55.08
37200,0,0,1,0,104.65
37201,1,0,0,0,0.32
37202,0,0,0,0,42.21
37203,1,0,0,0,137.55
37204,0,0,0,0,22.1
37205,1,0,1,1,0.0
37206,1,0,0,0,44.11
37207,1,0,0,1,0.0
37208,0,0,0,0,97.48
37209,0,0,0,0,28.85
37210,0,0,0,0,0.0
37211,1,0,0,0,68.76
37212,1,1,0,0,0.0
37213,0,1,0,0,8.58
37214,1,1,1,1,160.75
37215,0,0,0,0,64.52
37216,0,0,1,0,149.33
37217,1,0,0,0,87.51
37218,1,0,1,0,82.74
37219,0,0,0,0,79.37
37220,0,0,0,0,88.65
37221,0,0,0,0,105.23
37222,0,0,0,1,86.25
37223,0,0,1,0,119.16
37224,1,0,1,0,167.67
37225,0,0,1,0,0.0
37226,0,0,0,0,91.74
37227,1,0,1,0,160.29
37228,0,0,0,0,126.23
37229,0,0,1,0,137.98
37230,1,0,1,1,12.49
37231,1,0,0,0,0.0
37232,0,0,0,0,117.69
37233,0,0,0,0,83.18
37234,1,0,0,0,88.95
37235,1,0,0,1,70.66
37236,1,0,0,0,0.99
37237,0,0,0,1,93.91
37238,1,0,0,0,203.2
37239,1,0,0,0,47.13
37240,1,0,1,0,8.8
37241,0,0,0,0,21.91
37242,0,1,0,0,36.92
37243,0,0,0,0,153.03
37244,0,0,0,0,59.06
37245,1,0,1,0,125.45
37246,0,0,1,0,0.0
37247,0,0,0,0,94.33
37248,1,1,1,0,43.69
37249,0,1,1,1,0.0
37250,0,0,0,0,53.89
37251,0,0,0,0,67.24
37252,0,1,1,0,132.26
37253,1,0,0,0,80.93
37254,0,0,0,0,94.51
37255,0,1,1,0,43.86
37256,0,0,0,0,196.67
37257,0,0,0,0,120.09
37258,1,1,1,0,101.26
37259,0,0,0,0,33.13
37260,1,0,1,0,0.0
37261,1,1,1,0,73.14
37262,0,1,1,0,24.29
37263,0,0,0,1,27.58
37264,1,0,0,0,120.13
37265,1,0,1,0,80.29
37266,0,1,0,0,118.85
37267,0,1,0,0,175.66
37268,0,0,0,0,22.21
37269,1,0,0,0,124.54
37270,1,0,1,0,159.18
37271,0,0,1,1,92.83
37272,1,0,0,0,82.02
37273,0,0,1,0,98.43
37274,0,0,0,1,94.88
37275,0,0,0,0,69.28
37276,0,0,0,0,38.1
37277,1,1,1,0,129.48
37278,1,0,0,0,0.0
37279,0,0,1,0,0.0
37280,1,0,1,0,206.59
37281,1,0,0,0,128.35
37282,1,0,0,0,64.34
37283,1,0,1,1,97.12
37284,0,0,0,1,149.13
37285,0,1,0,0,0.0
37286,0,0,0,0,0.0
37287,1,0,1,0,137.22
37288,0,0,0,0,117.03
37289,1,0,1,0,122.68
37290,0,0,0,0,0.0
37291,0,0,0,0,35.23
37292,0,0,0,0,0.0
37293,0,0,1,0,35.74
37294,0,0,0,0,66.62
37295,0,1,1,0,112.56
37296,1,0,1,0,149.37
37297,1,1,1,1,105.19
37298,0,1,1,0,77.4
37299,0,1,1,1,90.85
37300,0,1,0,0,100.53
37301,0,0,1,1,72.11
37302,1,0,1,0,4.8
37303,1,0,1,0,129.84
37304,1,0,1,0,30.72
37305,0,0,0,0,92.48
37306,1,0,0,0,58.66
37307,0,0,0,0,165.14
37308,1,0,0,0,22.22
37309,0,0,0,0,0.0
37310,0,0,1,0,0.81
37311,1,1,1,1,138.31
37312,0,0,1,0,73.74
37313,0,0,0,0,64.15
37314,0,0,0,0,143.38
37315,0,0,0,0,81.13
37316,0,0,0,0,36.15
37317,0,0,0,0,0.0
37318,1,0,0,0,15.88
37319,0,0,0,0,119.47
37320,0,0,1,0,0.0
37321,0,0,0,0,133.51
37322,1,0,0,0,120.45
37323,0,0,0,0,95.83
37324,0,0,0,0,158.69
37325,1,1,1,0,111.59
37326,1,1,0,0,105.12
37327,0,0,0,0,0.0
37328,0,0,0,0,0.0
37329,1,0,1,0,94.76
37330,0,0,1,1,34.71
37331,0,0,0,0,80.66
37332,0,0,1,0,39.34
37333,1,1,1,0,144.24
37334,1,0,0,0,65.93
37335,0,0,1,0,2.93
37336,1,0,1,0,99.79
37337,0,0,0,0,66.95
37338,1,0,0,0,103.11
37339,0,1,1,0,40.21
37340,1,0,1,0,49.56
37341,0,0,0,0,34.39
37342,0,0,1,1,0.0
37343,1,0,1,0,117.19
37344,0,0,0,0,97.34
37345,0,0,1,0,13.37
37346,1,0,0,0,0.0
37347,0,0,1,1,32.28
37348,0,0,0,1,169.74
37349,0,0,0,0,86.51
37350,0,1,0,0,124.09
37351,1,0,0,0,155.62
37352,0,0,0,0,0.0
37353,1,0,1,0,0.0
37354,0,0,1,0,80.34
37355,1,0,1,0,171.98
37356,0,0,0,0,83.25
37357,0,0,0,0,23.88
37358,0,1,0,0,68.5
37359,1,1,1,0,22.49
37360,1,0,0,0,118.8
37361,0,0,1,0,39.58
37362,1,0,1,0,59.1
37363,0,1,0,1,94.54
37364,1,0,1,0,54.45
37365,0,1,0,0,61.02
37366,1,1,1,0,117.63
37367,0,0,0,0,167.84
37368,0,0,0,1,60.45
37369,0,1,0,0,0.0
37370,1,0,0,0,166.76
37371,0,0,1,1,112.24
37372,1,1,1,0,123.34
37373,1,1,1,0,14.56
37374,0,0,0,0,74.12
37375,0,0,0,0,0.0
37376,0,1,1,0,188.31
37377,1,1,1,0,29.93
37378,0,0,1,1,10.82
37379,0,0,0,0,6.26
37380,0,0,1,1,45.88
37381,1,0,0,0,14.52
37382,0,0,0,0,118.68
37383,0,0,0,0,49.15
37384,1,1,0,0,0.0
37385,1,0,0,0,67.84
37386,0,0,0,0,0.0
37387,0,0,0,0,24.39
37388,0,0,0,0,10.7
37389,1,0,1,0,42.95
37390,1,0,1,0,131.41
37391,0,0,0,0,66.42
37392,0,0,0,0,130.23
37393,1,0,1,0,122.97
37394,0,0,1,0,69.34
37395,1,0,0,0,0.0
37396,0,0,0,0,65.85
37397,0,1,0,0,0.0
37398,1,0,0,0,34.83
37399,1,0,0,0,110.53
37400,0,0,1,0,0.0
37401,1,1,0,0,158.31
37402,0,0,0,0,21.8
37403,1,1,1,0,142.74
37404,1,0,1,0,61.68
37405,1,0,0,0,87.18
37406,1,0,1,0,36.31
37407,0,0,0,0,26.07
37408,1,1,1,0,185.09
37409,0,1,0,0,80.53
37410,0,0,0,0,94.07
37411,0,0,0,0,0.0
37412,1,0,0,1,48.32
37413,1,0,0,0,7.62
37414,0,0,1,0,101.35
37415,1,1,0,0,109.03
37416,0,1,0,0,36.4
37417,0,0,0,0,43.72
37418,1,0,1,0,89.02
37419,0,0,0,0,51.55
37420,1,0,0,0,0.0
37421,1,1,0,0,0.0
37422,1,0,0,0,71.25
37423,0,1,0,0,122.77
37424,1,0,0,0,59.46
37425,1,0,1,0,28.42
37426,0,1,0,0,0.0
37427,0,0,0,0,0.0
37428,0,0,1,0,35.6
37429,1,0,0,0,52.36
37430,0,0,1,0,122.0
37431,1,0,0,0,120.09
37432,0,0,0,0,0.0
37433,0,0,0,0,28.57
37434,0,0,0,0,45.8
37435,1,1,1,0,33.79
37436,0,0,0,0,35.42
37437,1,0,0,0,60.87
37438,0,0,0,0,0.0
37439,0,0,0,1,72.53
37440,1,0,1,0,0.0
37441,0,0,0,0,0.0
37442,0,0,1,0,9.04
37443,0,0,0,0,0.87
37444,1,1,0,0,106.48
37445,0,0,0,0,51.68
37446,1,0,0,0,138.63
37447,1,1,1,0,117.33
37448,1,0,1,0,140.14
37449,0,0,0,0,36.65
37450,0,1,0,0,102.19
37451,0,1,0,0,0.0
37452,1,0,1,0,31.81
37453,1,0,1,0,114.5
37454,0,0,0,0,44.52
37455,1,1,1,0,42.67
37456,0,0,1,0,113.48
37457,0,0,0,0,61.59
37458,1,1,0,0,13.64
37459,0,0,1,0,0.0
37460,1,1,0,0,71.33
37461,0,1,0,0,65.55
37462,0,0,0,0,71.19
37463,1,0,0,0,85.93
37464,1,0,1,0,97.12
37465,0,0,1,0,94.42
37466,0,0,1,0,61.64
37467,1,0,1,0,32.86
37468,0,0,0,0,35.26
37469,0,1,0,0,71.96
37470,0,0,0,1,13.25
37471,0,0,0,0,0.03
37472,0,0,1,0,100.69
37473,1,1,1,0,82.11
37474,0,0,1,0,0.0
37475,1,1,0,0,65.86
37476,0,0,0,0,0.0
37477,0,1,1,0,36.8
37478,1,0,1,0,236.58
37479,1,1,1,0,0.0
37480,0,0,0,0,55.97
37481,0,0,0,0,13.96
37482,1,0,1,0,69.36
37483,1,0,0,0,92.36
37484,0,0,1,0,72.51
37485,1,1,0,1,8.15
37486,1,0,1,0,158.59
37487,0,1,0,0,66.66
37488,0,0,0,0,42.16
37489,0,0,1,0,173.78
37490,0,1,1,0,32.63
37491,0,0,0,0,0.0
37492,0,0,1,0,0.0
37493,1,0,1,0,0.0
37494,0,1,0,0,23.77
37495,1,0,0,0,19.18
37496,1,0,1,1,38.04
37497,0,0,1,0,76.4
37498,0,1,1,0,130.12
37499,0,0,0,0,39.71
37500,1,0,1,0,0.0
37501,0,0,0,0,123.07
37502,0,0,0,0,127.19
37503,1,0,1,0,14.4
37504,0,1,0,0,165.02
37505,0,1,1,0,144.84
37506,1,1,1,0,195.46
37507,1,1,1,0,228.84
37508,1,1,1,0,66.74
37509,0,0,1,0,61.3
37510,0,0,0,0,132.32
37511,0,0,0,0,53.72
37512,0,0,0,0,74.8
37513,1,0,1,0,0.0
37514,0,0,0,0,84.75
37515,0,0,0,1,132.22
37516,1,1,0,0,22.53
37517,1,0,1,0,16.64
37518,1,1,1,0,107.53
37519,0,0,0,0,158.47
37520,0,1,0,0,122.59
37521,1,1,1,1,178.74
37522,0,0,0,0,192.77
37523,0,1,0,0,52.25
37524,1,1,0,0,55.3
37525,1,0,1,0,119.21
37526,0,0,0,0,83.86
37527,0,0,0,0,99.36
37528,1,1,0,0,92.59
37529,1,1,1,1,71.06
37530,0,0,0,0,25.44
37531,0,0,0,0,149.72
37532,1,1,1,0,20.93
37533,1,0,1,0,141.2
37534,0,0,0,0,42.62
37535,0,0,0,0,52.51
37536,0,0,0,0,81.12
37537,0,0,0,0,48.44
37538,1,0,1,0,76.25
37539,0,0,0,0,109.24
37540,1,0,1,0,0.0
37541,0,0,0,1,129.77
37542,0,0,0,0,97.87
37543,0,0,1,0,206.78
37544,0,0,1,0,104.96
37545,0,0,0,0,68.19
37546,0,0,0,0,40.05
37547,0,0,0,0,11.53
37548,0,0,0,0,92.87
37549,0,0,1,0,94.49
37550,1,1,1,0,42.83
37551,0,0,0,0,29.39
37552,0,0,0,0,119.48
37553,1,0,1,0,33.26
37554,1,0,1,0,36.46
37555,0,0,0,0,46.22
37556,0,0,0,0,0.0
37557,0,0,0,0,0.0
37558,0,0,0,0,0.0
37559,0,1,0,0,0.0
37560,0,0,0,0,85.34
37561,0,0,0,0,79.26
37562,1,1,1,0,23.39
37563,1,0,0,0,177.93
37564,0,0,0,0,21.12
37565,0,0,0,1,136.35
37566,1,1,1,0,83.84
37567,1,0,1,0,0.0
37568,0,1,0,0,101.07
37569,0,1,0,0,34.79
37570,0,0,0,0,73.84
37571,0,1,0,0,121.86
37572,0,0,1,0,86.64
37573,0,1,1,0,142.31
37574,0,0,0,0,57.37
37575,0,0,0,0,14.53
37576,0,0,0,0,0.0
37577,0,0,0,0,34.42
37578,0,1,0,0,141.01
37579,0,0,1,1,70.03
37580,0,0,0,0,38.15
37581,0,0,0,0,0.0
37582,1,0,0,0,0.0
37583,0,1,0,0,25.52
37584,1,0,1,0,107.85
37585,0,0,1,0,28.16
37586,0,0,0,0,83.42
37587,1,0,0,1,71.86
37588,0,1,0,0,111.93
37589,1,0,0,0,0.0
37590,1,0,0,0,35.0
37591,0,0,1,0,116.83
37592,0,0,0,0,97.58
37593,0,0,0,0,75.99
37594,0,0,0,0,74.5
37595,0,0,0,0,0.0
37596,1,0,1,0,0.0
37597,1,1,1,0,58.51
37598,0,0,0,0,112.91
37599,0,1,0,0,70.51
37600,0,1,1,0,242.49
37601,1,0,0,0,156.08
37602,1,0,0,0,0.0
37603,0,0,0,0,121.18
37604,1,1,1,0,0.0
37605,1,0,1,0,46.34
37606,0,0,1,0,39.13
37607,0,0,0,0,22.01
37608,1,0,0,0,29.18
37609,1,1,1,0,0.0
37610,1,0,1,0,109.18
37611,1,1,1,0,3.66
37612,1,0,1,1,24.31
37613,0,0,0,0,39.82
37614,0,0,0,1,57.44
37615,0,0,1,0,96.85
37616,1,0,0,0,64.99
37617,0,0,0,0,26.31
37618,0,0,0,0,0.0
37619,0,0,0,0,48.99
37620,1,0,0,0,157.84
37621,0,0,0,0,25.45
37622,1,1,1,0,320.75
37623,1,0,1,0,164.13
37624,0,1,0,0,0.0
37625,0,0,0,0,27.82
37626,0,0,0,0,136.73
37627,0,0,0,0,18.02
37628,1,0,1,0,10.87
37629,0,0,1,0,62.41
37630,1,0,1,0,0.0
37631,0,0,1,1,1.3
37632,1,0,0,0,40.31
37633,1,0,1,1,145.38
37634,0,0,0,0,69.23
37635,0,0,1,0,10.65
37636,1,0,1,0,33.93
37637,1,1,1,0,78.09
37638,0,1,0,0,40.01
37639,1,0,0,0,62.4
37640,0,0,0,0,102.14
37641,0,0,0,0,0.0
37642,1,0,0,0,118.66
37643,1,1,1,0,105.15
37644,0,1,1,0,53.97
37645,0,0,1,0,92.64
37646,1,1,1,0,124.62
37647,0,0,1,0,0.0
37648,0,0,1,0,47.11
37649,1,0,1,0,49.73
37650,0,0,0,0,91.87
37651,0,0,0,1,38.07
37652,1,0,0,0,57.55
37653,1,0,1,0,64.19
37654,0,0,0,0,67.8
37655,0,0,0,0,148.4
37656,1,0,0,0,7.98
37657,0,0,0,0,75.53
37658,1,0,0,0,122.2
37659,0,0,0,1,80.24
37660,0,0,0,0,87.62
37661,1,0,0,0,92.28
37662,0,0,1,0,58.08
37663,0,0,0,1,67.43
37664,0,0,0,0,133.3
37665,0,0,1,0,15.94
37666,0,1,1,0,11.2
37667,0,0,1,0,0.0
37668,0,0,1,0,171.7
37669,1,1,1,0,65.64
37670,1,0,1,0,86.44
37671,1,0,0,0,78.03
37672,1,0,1,1,46.67
37673,1,0,1,1,94.55
37674,1,0,1,0,102.88
37675,0,0,0,0,29.42
37676,0,0,0,0,72.46
37677,0,0,0,0,81.96
37678,1,0,1,1,80.9
37679,0,0,0,0,35.73
37680,1,0,1,0,79.38
37681,0,0,0,0,29.54
37682,0,0,1,0,94.22
37683,0,1,1,0,70.99
37684,1,0,0,0,100.03
37685,0,0,1,0,0.0
37686,1,0,1,0,130.62
37687,0,0,0,0,61.48
37688,1,0,1,1,120.7
37689,0,0,1,0,31.88
37690,0,0,1,1,58.99
37691,0,0,1,0,116.77
37692,0,0,1,0,144.83
37693,0,1,1,0,115.78
37694,1,0,0,0,123.98
37695,1,0,0,1,81.73
37696,0,0,0,0,56.48
37697,1,0,0,0,96.94
37698,0,0,0,0,95.56
37699,0,0,0,0,0.0
37700,0,0,0,0,0.0
37701,0,1,1,0,37.17
37702,0,1,0,0,105.64
37703,1,0,0,0,170.42
37704,0,0,0,0,43.58
37705,0,0,1,0,85.8
37706,1,0,1,0,92.33
37707,0,1,0,0,0.0
37708,0,0,0,0,126.76
37709,1,0,1,0,127.04
37710,0,1,0,0,6.87
37711,1,0,0,0,159.04
37712,0,0,0,0,22.77
37713,1,0,1,0,0.0
37714,0,0,0,0,2.75
37715,1,0,0,0,60.95
37716,0,0,1,1,14.6
37717,1,1,1,0,121.71
37718,1,1,1,0,45.12
37719,0,0,0,0,0.0
37720,1,0,1,0,88.84
37721,0,0,0,0,29.88
37722,0,0,1,0,75.07
37723,1,1,0,0,0.0
37724,1,0,0,1,15.11
37725,0,0,1,0,0.0
37726,1,0,0,1,124.16
37727,0,1,0,0,42.48
37728,1,1,1,0,162.25
37729,1,0,0,0,112.58
37730,1,0,1,0,0.0
37731,0,0,0,1,144.9
37732,0,0,0,0,20.45
37733,0,1,1,1,139.93
37734,0,0,1,0,66.24
37735,1,0,0,1,32.06
37736,0,0,1,0,52.38
37737,0,0,0,0,49.65
37738,0,0,0,0,66.99
37739,1,0,0,0,105.98
37740,0,0,1,0,40.08
37741,1,1,1,0,44.15
37742,1,0,1,0,66.24
37743,1,1,1,0,131.2
37744,0,0,0,0,0.0
37745,1,0,1,0,53.26
37746,1,0,1,0,30.26
37747,1,0,1,0,70.77
37748,0,0,0,0,91.7
37749,0,0,0,0,134.48
37750,0,0,0,0,13.44
37751,1,0,0,0,87.86
37752,1,0,1,0,139.37
37753,0,0,0,0,77.1
37754,0,0,0,0,61.86
37755,0,0,0,0,78.9
37756,1,0,1,0,110.79
37757,0,1,0,0,67.29
37758,0,0,0,0,24.3
37759,0,1,1,0,73.69
37760,1,0,0,0,38.36
37761,0,0,0,0,29.22
37762,0,0,0,0,111.11
37763,1,0,1,0,0.0
37764,1,0,0,0,0.0
37765,0,0,0,0,59.66
37766,0,0,0,0,45.2
37767,0,1,1,0,229.36
37768,0,0,0,0,36.2
37769,0,0,1,0,81.2
37770,1,0,1,0,166.45
37771,0,0,1,0,102.23
37772,0,1,1,0,77.71
37773,0,0,0,0,0.0
37774,1,0,1,0,8.81
37775,0,0,0,0,94.94
37776,0,1,1,0,20.43
37777,0,0,0,0,76.5
37778,0,0,1,0,20.22
37779,1,0,0,1,148.32
37780,0,0,0,0,0.0
37781,0,0,0,1,82.24
37782,0,1,1,0,0.0
37783,0,0,0,1,37.03
37784,1,1,1,1,99.37
37785,1,0,1,0,22.71
37786,1,1,1,0,113.93
37787,0,1,1,0,90.99
37788,1,1,1,0,115.21
37789,1,0,1,0,200.31
37790,1,0,0,0,13.82
37791,0,0,1,0,132.13
37792,0,0,0,0,54.49
37793,0,0,0,0,163.92
37794,1,1,0,0,163.95
37795,1,0,0,0,59.97
37796,1,0,1,0,150.75
37797,0,0,0,0,48.12
37798,1,0,0,0,0.0
37799,0,0,1,0,0.0
37800,1,0,0,0,90.22
37801,1,0,0,0,78.01
37802,0,0,0,0,64.33
37803,1,0,0,0,165.35
37804,0,0,0,0,19.71
37805,0,0,0,0,0.0
37806,1,0,1,0,31.9
37807,1,0,1,0,86.05
37808,1,1,1,0,0.0
37809,0,1,1,0,32.95
37810,0,0,1,0,104.95
37811,0,0,0,1,140.03
37812,0,0,1,0,68.53
37813,1,1,1,0,23.24
37814,0,1,0,0,37.72
37815,0,0,0,0,11.4
37816,0,0,1,0,95.69
37817,0,0,0,0,0.0
37818,0,0,0,0,0.0
37819,1,0,0,0,0.0
37820,0,0,0,0,60.33
37821,1,0,0,0,52.41
37822,0,0,0,0,0.0
37823,1,1,1,0,110.21
37824,0,0,1,0,79.04
37825,0,0,0,0,0.0
37826,0,0,1,0,157.33
37827,1,0,0,0,0.0
37828,0,0,0,0,0.0
37829,0,0,1,0,47.28
37830,0,0,1,0,69.39
37831,0,0,0,0,77.3
37832,0,0,0,0,140.47
37833,0,0,0,0,132.14
37834,1,1,1,0,84.24
37835,0,0,0,0,94.66
37836,0,0,0,0,78.41
37837,1,0,0,0,26.56
37838,1,0,0,0,36.42
37839,0,0,0,0,43.55
37840,0,0,0,0,0.0
37841,0,0,0,0,0.0
37842,1,0,1,0,6.82
37843,0,1,0,1,54.51
37844,1,1,1,0,108.11
37845,0,0,0,0,0.0
37846,1,1,1,0,107.55
37847,0,0,0,0,191.08
37848,0,1,1,0,40.45
37849,0,0,0,0,1.45
37850,1,0,1,0,59.33
37851,0,0,0,0,56.13
37852,0,0,0,0,66.7
37853,0,0,0,0,0.0
37854,0,0,1,0,196.57
37855,0,1,1,0,22.22
37856,1,1,0,0,68.75
37857,1,1,0,0,85.97
37858,0,0,0,0,71.95
37859,1,0,1,0,113.44
37860,0,0,0,0,0.0
37861,0,0,0,0,26.43
37862,0,0,0,0,130.93
37863,0,0,1,0,97.48
37864,0,0,0,0,27.72
37865,0,0,0,1,0.0
37866,0,0,0,1,55.05
37867,1,1,1,0,44.92
37868,0,0,1,0,79.81
37869,0,0,0,0,23.09
37870,1,0,1,0,0.0
37871,1,0,1,0,94.77
37872,1,1,0,0,147.21
37873,0,0,0,0,49.85
37874,0,1,0,1,55.4
37875,0,0,1,0,18.55
37876,0,0,1,0,86.55
37877,0,0,0,0,135.17
37878,0,0,0,0,98.21
37879,0,0,0,0,51.01
37880,0,0,0,0,56.35
37881,1,0,1,0,106.25
37882,0,0,0,0,95.1
37883,1,0,1,0,131.52
37884,0,0,0,0,33.7
37885,0,0,1,0,0.0
37886,0,0,0,0,0.0
37887,0,0,0,0,44.04
37888,1,0,0,0,10.19
37889,0,1,1,0,85.19
37890,0,0,0,0,14.27
37891,1,1,1,0,62.12
37892,0,0,1,0,0.0
37893,0,0,1,0,87.74
37894,1,0,1,0,82.71
37895,1,1,1,0,34.82
37896,1,0,1,0,58.57
37897,0,0,0,1,138.82
37898,1,0,1,0,114.02
37899,0,0,0,0,43.44
37900,0,0,1,0,0.0
37901,0,1,0,0,74.72
37902,0,0,1,0,81.56
37903,0,1,0,0,81.84
37904,0,0,1,0,97.17
37905,0,0,0,0,139.72
37906,0,0,0,1,43.42
37907,0,0,0,0,145.79
37908,0,1,1,0,66.58
37909,0,0,0,0,70.05
37910,0,1,0,0,101.59
37911,0,0,0,0,59.87
37912,0,0,0,0,10.32
37913,0,0,0,0,134.76
37914,0,0,0,0,137.6
37915,0,0,0,0,0.0
37916,0,0,0,1,39.1
37917,1,1,1,0,75.64
37918,0,0,0,0,0.0
37919,1,1,1,0,106.01
37920,1,0,0,0,107.2
37921,1,1,1,1,131.5
37922,1,0,0,0,3.55
37923,1,0,0,0,92.4
37924,0,0,1,0,0.0
37925,1,0,1,0,150.43
37926,0,1,0,0,137.54
37927,0,0,0,1,154.19
37928,0,0,0,0,0.0
37929,1,0,1,0,0.0
37930,0,0,1,0,112.73
37931,0,0,0,0,223.79
37932,0,0,0,0,116.74
37933,1,1,0,0,54.17
37934,1,0,0,0,57.8
37935,0,0,1,0,59.61
37936,0,0,0,0,110.97
37937,0,0,0,0,10.76
37938,0,1,0,0,0.0
37939,0,0,0,0,77.23
37940,1,0,1,0,21.21
37941,0,0,0,0,52.93
37942,1,1,1,0,116.48
37943,1,1,1,0,143.47
37944,0,0,0,0,48.87
37945,1,0,0,0,11.35
37946,0,0,0,0,89.78
37947,0,0,0,0,104.29
37948,0,0,1,0,0.0
37949,0,0,0,0,34.53
37950,0,0,0,0,84.0
37951,0,0,0,0,19.35
37952,1,0,1,0,80.25
37953,1,0,1,0,0.0
37954,0,0,0,0,114.15
37955,0,0,0,0,266.64
37956,1,0,1,0,146.46
37957,1,0,0,0,127.99
37958,1,1,1,0,56.77
37959,1,0,1,0,102.69
37960,1,0,0,0,85.18
37961,0,1,0,0,58.17
37962,1,0,0,0,67.92
37963,0,0,0,1,119.44
37964,1,0,0,1,63.38
37965,0,1,1,0,71.16
37966,0,0,1,0,222.8
37967,1,0,0,1,204.24
37968,1,0,1,0,0.0
37969,0,1,0,0,0.0
37970,0,0,0,0,77.17
37971,0,1,0,0,114.81
37972,0,0,0,0,90.67
37973,0,0,1,0,189.05
37974,0,0,0,0,0.0
37975,0,0,1,1,0.0
37976,1,1,1,0,101.25
37977,1,0,1,0,71.64
37978,0,0,0,0,20.68
37979,0,0,0,0,40.18
37980,1,0,1,0,118.56
37981,0,0,1,0,76.43
37982,0,0,0,0,139.01
37983,0,0,1,0,49.57
37984,0,1,1,0,2.27
37985,1,0,1,0,0.0
37986,0,0,0,0,35.64
37987,0,0,0,0,149.0
37988,0,1,0,0,51.52
37989,1,0,1,0,124.81
37990,1,1,0,0,74.59
37991,0,0,0,0,59.43
37992,0,1,0,0,41.68
37993,0,0,1,0,109.57
37994,1,0,0,0,15.88
37995,0,0,0,0,8.5
37996,1,0,0,0,0.0
37997,0,0,0,1,48.16
37998,0,1,1,0,106.93
37999,1,0,1,1,0.0
38000,0,0,0,1,27.18
38001,0,0,0,0,23.82
38002,1,0,1,0,173.33
38003,0,1,0,0,20.44
38004,0,0,0,0,21.87
38005,1,1,0,0,128.39
38006,0,1,1,0,214.82
38007,1,0,0,0,11.52
38008,0,0,0,0,0.0
38009,1,0,0,0,95.88
38010,0,0,0,0,97.0
38011,1,1,0,0,22.4
38012,0,0,0,0,99.25
38013,1,0,1,0,95.1
38014,1,0,0,0,86.1
38015,0,0,1,0,0.0
38016,1,0,0,0,0.0
38017,1,0,0,0,18.72
38018,1,0,1,0,90.36
38019,0,0,1,0,139.23
38020,1,0,1,0,144.97
38021,0,0,1,0,0.69
38022,1,1,1,0,146.67
38023,0,0,0,0,161.12
38024,0,0,1,0,112.09
38025,1,1,0,0,67.85
38026,0,0,0,0,91.64
38027,1,1,1,0,123.05
38028,0,0,0,0,122.72
38029,0,0,0,0,115.37
38030,1,0,0,0,192.48
38031,0,1,0,0,0.0
38032,0,0,0,0,140.09
38033,0,0,0,0,48.2
38034,0,1,1,0,99.26
38035,1,0,0,0,10.5
38036,0,0,0,0,99.46
38037,0,0,0,0,0.0
38038,0,0,0,0,9.33
38039,0,1,0,0,81.88
38040,1,0,1,0,95.04
38041,0,1,0,0,97.88
38042,0,0,0,0,66.16
38043,1,1,1,0,71.02
38044,0,0,1,0,194.07
38045,0,0,1,0,17.19
38046,0,0,1,0,60.59
38047,0,0,1,0,32.56
38048,0,0,1,0,109.02
38049,0,0,1,0,0.0
38050,0,0,0,0,0.0
38051,1,0,0,0,56.43
38052,0,0,0,0,46.72
38053,0,0,0,0,38.95
38054,1,0,1,0,147.95
38055,0,1,0,0,37.14
38056,0,0,0,0,31.22
38057,0,0,0,0,113.69
38058,1,1,1,1,38.79
38059,0,0,1,0,39.92
38060,1,0,0,0,99.39
38061,1,0,0,0,12.07
38062,0,0,0,0,105.62
38063,1,0,0,0,37.31
38064,0,1,1,0,58.0
38065,1,0,1,0,0.0
38066,1,1,1,1,119.01
38067,1,0,1,0,0.0
38068,0,0,0,0,90.39
38069,0,0,0,0,3.95
38070,0,1,0,1,64.67
38071,0,0,0,0,81.2
38072,0,0,0,0,6.18
38073,1,1,0,0,44.53
38074,1,1,0,0,58.35
38075,0,0,0,1,106.92
38076,0,1,0,0,36.84
38077,0,1,0,1,0.0
38078,0,0,1,0,90.79
38079,0,0,0,0,166.39
38080,1,0,0,0,36.74
38081,1,0,1,0,100.11
38082,0,0,0,0,126.63
38083,0,0,0,0,113.51
38084,1,0,1,0,96.75
38085,1,0,0,0,79.34
38086,1,1,1,0,117.33
38087,0,0,1,1,140.6
38088,1,0,0,0,45.24
38089,1,0,0,0,47.22
38090,1,0,0,0,120.37
38091,1,0,1,0,55.75
38092,1,0,1,0,125.69
38093,0,0,0,0,98.88
38094,1,0,1,1,56.64
38095,1,0,1,0,162.21
38096,0,0,0,0,129.0
38097,0,0,0,0,74.92
38098,1,0,0,0,0.0
38099,0,0,1,0,16.86
38100,0,0,1,1,61.3
38101,0,1,1,0,75.39
38102,0,0,0,0,0.1
38103,0,0,0,1,105.85
38104,0,1,0,0,0.0
38105,0,0,0,1,44.63
38106,1,1,1,0,0.0
38107,0,0,1,0,96.51
38108,1,0,1,0,105.39
38109,0,0,1,0,63.45
38110,0,1,0,0,0.0
38111,0,0,0,0,21.27
38112,1,0,0,0,132.33
38113,0,1,0,0,67.52
38114,0,1,0,0,105.91
38115,1,1,0,0,8.85
38116,1,1,1,0,99.86
38117,0,0,0,0,100.38
38118,1,0,1,0,31.62
38119,1,0,1,0,189.88
38120,1,0,1,0,35.92
38121,0,0,0,0,25.39
38122,0,0,0,0,97.11
38123,0,0,0,0,45.24
38124,1,0,0,0,181.35
38125,1,1,1,1,123.85
38126,1,0,1,1,32.22
38127,0,0,1,0,0.0
38128,0,0,0,0,0.0
38129,0,0,0,0,126.8
38130,0,0,0,0,60.7
38131,0,0,0,0,88.79
38132,1,0,1,1,112.25
38133,1,0,1,0,144.82
38134,0,0,0,0,36.93
38135,0,0,0,0,0.0
38136,1,1,0,0,48.97
38137,0,0,0,0,105.52
38138,0,1,1,0,105.14
38139,0,1,1,0,128.1
38140,0,0,0,0,3.52
38141,0,1,0,0,21.53
38142,0,0,0,0,14.77
38143,0,0,0,0,112.01
38144,0,1,1,0,63.2
38145,0,0,0,0,21.16
38146,1,1,0,0,37.78
38147,0,1,0,0,86.55
38148,1,1,0,0,86.63
38149,1,0,1,0,17.27
38150,0,0,0,0,65.19
38151,1,1,1,0,129.09
38152,0,0,1,0,29.71
38153,0,1,1,0,115.81
38154,0,0,1,0,50.96
38155,1,0,0,0,54.05
38156,0,0,0,0,143.99
38157,1,0,1,0,40.02
38158,0,0,0,0,123.61
38159,1,0,1,0,41.98
38160,0,0,0,0,87.89
38161,1,0,0,1,111.39
38162,1,0,1,1,3.77
38163,0,1,0,1,100.31
38164,0,0,1,0,44.46
38165,0,1,0,0,0.0
38166,1,1,0,0,157.21
38167,0,0,0,0,72.77
38168,0,0,1,0,126.65
38169,1,1,1,0,124.03
38170,0,0,0,0,92.55
38171,0,0,0,0,109.58
38172,1,1,1,0,252.41
38173,0,0,0,0,78.04
38174,0,0,0,0,20.23
38175,0,0,0,1,218.31
38176,0,1,1,0,73.38
38177,1,1,1,0,136.3
38178,1,1,1,0,119.92
38179,0,0,0,0,46.3
38180,1,0,1,0,28.51
38181,0,0,1,0,124.16
38182,0,0,0,0,179.44
38183,1,0,1,0,102.21
38184,1,0,1,0,76.59
38185,0,1,1,0,0.0
38186,1,0,0,0,8.18
38187,0,0,0,0,0.0
38188,0,0,0,1,90.71
38189,1,0,1,0,61.69
38190,1,0,0,0,32.3
38191,0,0,0,0,171.72
38192,0,0,0,0,20.4
38193,0,1,0,0,153.96
38194,0,0,0,1,91.73
38195,0,0,1,0,0.0
38196,0,0,0,0,0.0
38197,0,1,0,0,61.49
38198,0,0,0,0,121.27
38199,1,0,1,0,58.22
38200,0,0,0,0,26.02
38201,0,0,1,0,0.0
38202,1,0,0,0,0.0
38203,0,0,0,0,20.25
38204,0,1,0,0,26.7
38205,0,0,0,0,0.0
38206,0,0,0,0,0.0
38207,0,0,0,0,108.93
38208,1,1,1,0,30.49
38209,0,0,0,0,110.19
38210,0,0,1,0,0.0
38211,1,1,0,0,70.78
38212,0,0,0,0,0.0
38213,0,0,0,1,25.7
38214,1,0,0,0,113.26
38215,0,0,0,0,0.0
38216,1,1,1,0,13.41
38217,1,0,0,0,44.47
38218,1,1,1,0,130.38
38219,0,0,0,0,0.0
38220,0,0,0,0,0.0
38221,1,0,1,0,125.3
38222,1,1,1,0,42.65
38223,1,0,1,0,11.77
38224,0,0,1,0,96.5
38225,0,0,1,0,20.92
38226,0,0,1,0,0.0
38227,0,0,0,0,15.49
38228,0,0,1,0,82.36
38229,0,0,0,0,0.0
38230,1,0,1,0,82.1
38231,1,0,1,0,0.0
38232,1,0,0,0,0.0
38233,1,0,0,0,105.49
38234,1,0,1,1,37.88
38235,0,0,0,0,141.34
38236,0,0,0,1,45.37
38237,0,0,0,0,105.12
38238,0,0,1,0,13.91
38239,0,0,0,0,95.74
38240,0,0,0,1,62.65
38241,0,1,1,0,132.27
38242,0,1,1,0,0.0
38243,1,0,1,0,10.45
38244,0,0,0,0,58.9
38245,1,0,1,0,53.16
38246,1,0,0,0,44.75
38247,0,0,1,0,97.6
38248,1,0,1,0,37.03
38249,0,0,0,0,103.42
38250,0,0,0,0,0.0
38251,0,0,0,0,18.32
38252,0,0,0,0,79.32
38253,0,0,0,0,0.0
38254,1,1,0,0,155.58
38255,0,0,1,0,139.49
38256,1,1,1,0,30.31
38257,0,0,0,0,16.44
38258,0,0,1,0,67.31
38259,1,0,1,0,157.82
38260,1,1,1,0,0.0
38261,1,0,0,0,0.0
38262,1,0,1,0,46.62
38263,0,0,0,0,0.0
38264,1,0,0,1,12.27
38265,0,0,1,0,10.73
38266,0,0,1,0,36.62
38267,1,0,1,1,15.58
38268,0,0,1,1,136.41
38269,0,0,0,0,0.0
38270,0,0,0,0,95.19
38271,0,0,0,1,78.56
38272,0,0,0,0,147.28
38273,1,0,1,0,106.97
38274,0,0,0,0,0.0
38275,1,0,0,0,93.94
38276,0,0,0,1,87.91
38277,1,0,1,0,0.0
38278,1,0,0,0,70.03
38279,0,0,0,0,64.79
38280,0,0,0,0,0.0
38281,0,0,0,0,0.0
38282,1,1,1,0,91.82
38283,0,0,0,0,43.56
38284,1,0,0,0,0.0
38285,1,0,1,0,106.14
38286,0,0,0,0,29.2
38287,1,0,0,0,84.98
38288,1,1,1,0,36.31
38289,0,0,0,1,134.0
38290,1,0,0,0,228.06
38291,1,0,1,0,0.0
38292,1,0,0,0,57.41
38293,0,0,0,0,81.11
38294,0,0,1,0,2.03
38295,0,0,0,0,10.07
38296,1,0,1,0,105.22
38297,1,1,1,0,67.85
38298,1,1,1,0,154.78
38299,0,0,0,0,105.75
38300,1,0,1,0,107.56
38301,0,0,0,0,63.8
38302,1,1,1,0,114.8
38303,0,1,1,0,155.26
38304,0,0,0,0,88.52
38305,1,1,0,0,94.4
38306,1,0,1,0,134.72
38307,0,1,1,0,50.57
38308,1,0,1,0,23.14
38309,0,0,0,0,132.3
38310,0,0,0,0,61.13
38311,0,0,0,0,46.26
38312,1,0,0,0,37.45
38313,1,0,1,0,73.24
38314,0,0,1,0,48.1
38315,1,1,1,0,82.3
38316,1,0,1,0,118.99
38317,0,0,0,0,95.18
38318,1,1,1,0,64.32
38319,1,0,1,0,129.73
38320,1,0,0,0,11.43
38321,0,0,0,0,79.61
38322,1,0,0,0,214.14
38323,0,0,1,0,118.96
38324,1,1,1,0,154.35
38325,1,0,1,0,57.43
38326,0,0,0,1,0.0
38327,0,0,0,0,0.0
38328,0,0,1,0,4.92
38329,0,0,0,0,47.1
38330,1,0,1,0,130.28
38331,0,0,1,0,66.78
38332,0,0,0,0,104.43
38333,0,0,0,0,82.93
38334,1,0,1,0,105.81
38335,1,0,0,0,0.0
38336,1,1,1,0,44.95
38337,0,1,0,0,65.51
38338,0,0,0,0,86.12
38339,0,1,1,0,167.87
38340,0,0,0,0,33.87
38341,1,0,1,0,88.37
38342,0,0,0,0,123.5
38343,1,0,1,0,52.94
38344,0,0,1,0,46.91
38345,0,0,0,0,67.32
38346,1,0,1,1,147.32
38347,0,0,0,0,45.15
38348,0,0,0,0,0.0
38349,0,0,0,0,90.6
38350,1,0,1,0,55.04
38351,0,1,0,0,9.71
38352,0,0,0,0,64.1
38353,1,0,1,1,120.35
38354,0,0,0,0,0.0
38355,1,0,0,0,106.5
38356,0,0,0,0,82.28
38357,1,1,1,0,87.86
38358,0,0,1,1,0.0
38359,1,0,1,0,100.07
38360,1,1,1,0,45.37
38361,0,0,1,0,95.01
38362,0,0,0,0,118.93
38363,0,1,1,1,133.33
38364,1,0,1,0,74.71
38365,1,0,1,0,95.77
38366,0,0,0,1,52.56
38367,1,0,1,0,0.0
38368,0,0,0,0,126.32
38369,0,1,0,0,34.46
38370,0,0,0,1,65.67
38371,1,0,1,0,129.68
38372,0,0,0,0,12.22
38373,1,0,0,0,85.01
38374,0,0,0,0,94.95
38375,1,0,0,0,60.44
38376,0,0,0,0,129.48
38377,1,0,0,0,8.05
38378,0,0,1,1,45.62
38379,1,1,0,0,163.57
38380,0,0,0,0,127.69
38381,1,1,1,0,117.11
38382,0,0,0,0,106.6
38383,0,0,1,0,5.08
38384,1,0,1,0,174.05
38385,0,0,1,1,0.39
38386,1,0,1,0,154.22
38387,0,0,1,0,88.82
38388,0,0,0,0,101.15
38389,0,0,0,0,16.51
38390,0,0,0,0,51.87
38391,0,1,0,0,178.56
38392,0,0,0,0,57.89
38393,0,0,0,0,73.55
38394,1,0,1,1,103.25
38395,0,0,0,1,86.09
38396,1,0,0,0,133.78
38397,1,0,0,0,39.45
38398,0,1,1,1,18.4
38399,0,0,0,0,0.0
38400,1,0,1,0,47.65
38401,0,0,0,0,114.9
38402,0,0,1,0,52.76
38403,0,0,0,0,18.98
38404,0,0,0,0,0.0
38405,0,1,1,0,128.91
38406,0,0,1,0,77.28
38407,1,0,0,0,158.03
38408,0,1,0,0,0.0
38409,0,0,0,0,70.42
38410,0,0,0,0,76.06
38411,0,0,1,0,1.2
38412,1,1,1,0,98.05
38413,1,1,0,0,101.33
38414,1,0,1,0,106.86
38415,0,0,1,0,55.56
38416,1,0,0,0,0.0
38417,1,0,0,0,69.57
38418,0,0,0,0,35.21
38419,1,0,0,0,69.38
38420,0,0,0,0,0.0
38421,1,0,1,0,98.01
38422,0,0,0,0,43.13
38423,0,0,1,0,37.03
38424,1,0,1,0,0.0
38425,0,0,0,0,72.19
38426,0,0,1,1,86.33
38427,0,1,0,0,43.11
38428,0,0,1,1,16.21
38429,0,1,0,0,73.34
38430,1,1,1,0,23.88
38431,0,1,0,1,1.67
38432,0,1,1,0,148.89
38433,0,0,1,0,9.65
38434,0,1,0,0,57.07
38435,0,0,0,0,108.26
38436,1,0,0,0,215.62
38437,1,0,1,0,37.11
38438,0,1,1,0,33.32
38439,1,0,1,0,7.59
38440,0,0,0,1,0.0
38441,0,0,0,0,0.0
38442,1,0,0,0,0.0
38443,1,1,1,0,76.07
38444,0,0,0,0,95.57
38445,1,0,0,0,35.83
38446,0,1,0,0,50.56
38447,1,0,0,0,205.52
38448,1,0,0,0,27.83
38449,1,0,0,0,0.0
38450,0,0,1,0,68.87
38451,0,0,0,1,170.0
38452,0,0,1,0,52.63
38453,0,0,0,0,112.44
38454,1,1,1,0,42.72
38455,0,1,1,0,174.3
38456,0,0,0,0,105.1
38457,1,0,0,0,33.04
38458,0,0,0,1,86.87
38459,1,0,0,0,58.46
38460,0,0,0,0,20.67
38461,0,0,1,0,203.82
38462,0,0,0,0,88.17
38463,0,0,0,0,77.79
38464,0,1,1,0,0.0
38465,0,1,0,1,75.9
38466,1,1,1,0,167.96
38467,0,0,0,0,54.51
38468,0,0,1,1,27.11
38469,0,0,0,0,23.36
38470,0,0,1,0,120.61
38471,1,0,0,0,49.56
38472,1,0,0,0,101.03
38473,0,0,0,0,115.31
38474,1,0,1,0,19.66
38475,1,0,1,0,173.24
38476,1,0,1,0,115.43
38477,0,0,0,0,129.92
38478,0,0,0,0,62.12
38479,0,0,0,0,0.0
38480,0,1,1,0,50.75
38481,1,0,1,0,61.24
38482,0,0,0,1,30.12
38483,0,0,0,0,18.94
38484,1,0,1,0,71.81
38485,0,0,0,0,89.55
38486,0,1,1,1,56.95
38487,0,0,0,0,135.67
38488,0,0,0,0,69.47
38489,1,0,0,0,32.41
38490,0,0,1,1,120.77
38491,0,0,0,0,0.0
38492,0,0,0,0,86.81
38493,0,0,0,0,0.0
38494,1,0,1,1,0.0
38495,0,0,0,0,10.68
38496,1,0,0,0,52.93
38497,1,0,0,0,0.0
38498,0,0,0,0,85.96
38499,1,0,1,1,96.62
38500,1,0,1,1,0.0
38501,1,0,0,0,147.83
38502,0,0,1,0,13.75
38503,1,0,0,0,142.95
38504,1,0,0,0,181.01
38505,1,1,0,0,94.25
38506,0,0,0,0,158.79
38507,1,0,1,0,72.29
38508,1,1,0,1,89.96
38509,0,1,1,0,77.75
38510,1,0,0,0,54.56
38511,0,0,0,0,72.34
38512,0,1,1,0,154.02
38513,0,0,0,0,64.51
38514,0,0,0,0,0.0
38515,0,1,0,0,78.92
38516,1,1,0,0,0.0
38517,0,0,0,0,18.13
38518,0,0,0,0,66.38
38519,1,0,0,0,94.79
38520,1,0,0,0,31.25
38521,0,0,0,0,107.45
38522,0,1,1,0,143.02
38523,0,0,0,0,19.97
38524,1,0,1,0,78.62
38525,0,1,0,0,0.0
38526,1,0,1,0,153.28
38527,0,0,0,0,69.45
38528,1,1,1,0,43.31
38529,0,0,0,0,80.76
38530,0,0,1,0,61.11
38531,0,0,1,0,95.62
38532,0,0,1,0,76.51
38533,0,1,1,0,114.28
38534,1,0,1,0,2.88
38535,1,0,0,0,48.58
38536,0,0,0,1,107.27
38537,0,1,0,0,31.97
38538,1,1,1,0,78.34
38539,1,0,0,0,0.0
38540,1,1,1,0,0.0
38541,1,1,1,0,109.1
38542,0,0,0,0,0.39
38543,1,0,0,0,12.3
38544,0,0,0,0,135.02
38545,0,0,1,0,29.05
38546,0,0,0,0,71.61
38547,1,0,1,0,0.0
38548,0,0,1,0,40.0
38549,1,1,1,0,191.57
38550,1,1,1,0,47.05
38551,1,1,1,0,37.18
38552,0,0,0,0,176.16
38553,0,0,0,0,41.36
38554,1,0,0,0,125.45
38555,1,0,0,0,0.0
38556,1,0,0,0,100.84
38557,1,1,1,1,97.15
38558,0,0,1,0,121.62
38559,0,0,1,1,144.18
38560,0,1,1,0,50.16
38561,1,0,0,0,65.75
38562,0,1,0,0,0.0
38563,1,1,1,0,62.89
38564,1,0,1,0,108.2
38565,0,1,0,0,55.24
38566,0,0,0,0,46.38
38567,0,0,0,0,68.86
38568,0,0,0,0,76.52
38569,1,1,1,0,188.01
38570,0,0,0,1,80.8
38571,0,0,0,0,130.17
38572,0,0,0,0,137.15
38573,1,1,0,1,0.0
38574,0,0,0,1,5.65
38575,1,0,0,1,85.05
38576,1,0,0,0,158.31
38577,1,1,0,0,153.33
38578,1,0,1,1,52.49
38579,0,0,1,1,0.0
38580,1,0,0,0,49.58
38581,1,1,1,0,3.85
38582,1,0,1,0,87.53
38583,0,0,0,0,77.99
38584,1,0,0,0,39.81
38585,1,1,1,0,79.21
38586,0,1,1,0,0.0
38587,0,0,0,0,95.63
38588,0,0,0,0,47.52
38589,0,1,0,0,78.73
38590,0,0,0,1,100.39
38591,0,0,1,0,43.13
38592,0,0,0,0,40.56
38593,0,0,0,0,51.15
38594,0,0,0,0,15.84
38595,0,0,0,0,270.79
38596,0,0,0,0,10.84
38597,1,1,1,0,74.02
38598,1,0,1,0,94.76
38599,0,0,1,0,0.0
38600,0,0,0,0,53.98
38601,1,1,0,0,0.0
38602,0,0,0,0,160.89
38603,1,1,1,0,175.75
38604,1,1,1,0,159.26
38605,1,0,0,0,4.41
38606,0,0,0,1,24.82
38607,0,0,1,0,9.16
38608,0,0,1,0,74.27
38609,0,0,0,0,54.85
38610,1,0,1,0,40.68
38611,0,0,0,0,65.67
38612,1,1,1,0,131.68
38613,0,1,0,0,155.02
38614,0,0,0,1,59.44
38615,1,0,0,0,27.9
38616,1,1,0,0,92.4
38617,0,0,0,0,92.21
38618,1,0,0,0,27.12
38619,0,0,0,0,118.88
38620,0,1,1,0,35.93
38621,1,1,1,0,67.61
38622,1,0,0,0,0.0
38623,0,0,0,0,70.0
38624,0,0,0,0,177.35
38625,1,1,1,0,12.4
38626,0,1,0,0,75.63
38627,0,0,0,0,81.45
38628,0,1,0,0,60.02
38629,1,0,1,0,0.0
38630,0,1,0,0,3.52
38631,1,0,0,0,67.22
38632,0,0,1,0,137.52
38633,1,1,1,0,40.41
38634,0,0,0,0,98.69
38635,1,0,0,0,115.15
38636,1,0,0,0,129.12
38637,1,0,0,1,69.25
38638,1,1,1,0,0.0
38639,1,0,0,0,80.38
38640,1,0,1,0,105.47
38641,0,1,1,0,9.3
38642,0,0,0,0,0.0
38643,0,0,1,0,36.81
38644,1,0,0,1,143.66
38645,0,0,0,0,6.9
38646,0,0,0,0,88.54
38647,1,0,1,0,125.37
38648,1,0,1,0,0.0
38649,1,0,0,0,51.54
38650,0,1,1,1,131.46
38651,0,1,1,0,69.6
38652,1,0,1,0,98.16
38653,1,1,0,0,155.02
38654,0,0,1,0,75.22
38655,1,0,1,0,28.82
38656,0,0,0,0,0.0
38657,0,0,0,0,78.64
38658,0,1,0,0,85.71
38659,1,0,1,0,135.13
38660,0,0,1,0,148.27
38661,0,0,0,1,102.45
38662,0,0,0,0,84.83
38663,1,1,1,0,0.0
38664,1,0,0,0,141.59
38665,0,0,0,1,145.93
38666,0,0,1,0,0.0
38667,0,0,0,0,0.0
38668,0,0,0,0,114.04
38669,0,1,0,0,76.48
38670,1,0,0,1,3.45
38671,1,0,0,0,95.4
38672,0,0,0,0,72.06
38673,0,0,1,0,136.99
38674,1,0,0,0,70.02
38675,0,0,0,0,64.1
38676,1,1,0,1,89.75
38677,1,0,1,0,120.96
38678,0,1,0,0,75.88
38679,1,0,0,0,73.51
38680,0,1,1,0,38.26
38681,0,1,0,0,123.88
38682,0,1,1,0,12.98
38683,1,0,1,0,127.2
38684,0,1,0,0,96.95
38685,1,0,1,0,84.82
38686,0,0,1,0,87.34
38687,0,0,1,1,107.5
38688,1,0,1,0,30.15
38689,0,0,0,0,37.8
38690,0,0,1,0,78.51
38691,0,1,1,1,97.7
38692,0,1,0,0,54.3
38693,0,0,0,0,119.52
38694,0,0,0,0,0.0
38695,0,0,0,0,56.04
38696,1,0,1,0,118.94
38697,1,0,0,0,146.84
38698,0,0,0,0,129.31
38699,1,0,0,1,71.0
38700,1,0,1,0,51.05
38701,0,1,0,0,0.0
38702,1,0,1,0,146.55
38703,0,0,0,0,35.95
38704,1,0,0,0,34.78
38705,0,1,0,0,92.78
38706,1,0,1,0,10.67
38707,1,1,1,0,7.42
38708,1,0,0,0,0.0
38709,0,0,0,0,87.09
38710,0,0,1,0,53.74
38711,1,0,0,0,11.35
38712,0,0,0,1,176.97
38713,0,0,0,0,76.63
38714,1,1,1,1,22.95
38715,0,0,0,0,0.0
38716,0,0,1,0,100.91
38717,1,0,1,0,38.35
38718,1,0,1,0,91.08
38719,1,1,1,0,88.86
38720,1,0,0,0,91.83
38721,1,0,1,1,171.13
38722,0,1,1,1,205.32
38723,1,1,1,0,19.64
38724,0,1,0,0,131.16
38725,0,0,0,0,0.0
38726,0,0,0,0,10.71
38727,0,0,0,0,41.69
38728,1,0,1,0,0.0
38729,0,0,0,0,115.07
38730,0,1,1,0,0.0
38731,0,0,0,0,94.39
38732,0,0,0,0,39.68
38733,1,0,0,0,0.0
38734,1,0,0,0,105.63
38735,0,0,0,0,134.12
38736,0,0,0,0,97.45
38737,0,0,1,0,104.24
38738,1,0,1,0,70.55
38739,0,0,1,0,8.46
38740,1,1,1,1,129.05
38741,0,0,0,0,51.03
38742,0,0,0,0,0.0
38743,1,0,0,0,56.84
38744,0,0,1,0,80.82
38745,0,0,1,0,72.38
38746,0,0,0,0,66.97
38747,0,0,0,0,0.0
38748,1,0,1,0,0.0
38749,0,0,0,0,25.36
38750,0,0,0,0,0.0
38751,0,1,0,0,90.45
38752,0,0,0,0,0.0
38753,1,0,0,0,148.95
38754,1,0,1,0,86.01
38755,1,0,0,0,114.98
38756,1,1,0,0,45.51
38757,0,1,1,0,52.08
38758,0,1,0,0,0.0
38759,0,0,0,0,15.54
38760,1,0,0,0,76.42
38761,1,0,1,0,148.65
38762,0,0,0,0,121.54
38763,0,0,1,0,79.02
38764,1,0,1,0,0.0
38765,0,1,0,0,79.35
38766,1,0,0,0,194.42
38767,0,0,0,0,74.18
38768,0,0,0,0,9.74
38769,1,0,0,0,95.08
38770,0,0,0,0,170.38
38771,0,0,0,0,122.55
38772,0,0,0,0,142.9
38773,0,0,0,0,53.73
38774,1,0,1,0,138.5
38775,0,0,0,0,20.01
38776,0,0,0,0,21.5
38777,1,0,1,1,123.37
38778,1,0,0,0,66.18
38779,0,0,0,0,91.5
38780,1,0,1,0,54.68
38781,1,1,1,0,87.45
38782,0,0,1,0,160.09
38783,1,0,1,0,92.86
38784,0,0,0,0,37.24
38785,0,0,0,0,13.22
38786,1,0,1,0,65.02
38787,0,0,0,0,6.79
38788,0,0,0,0,69.28
38789,1,0,1,0,0.0
38790,1,0,0,0,125.9
38791,0,1,0,0,110.56
38792,0,0,0,0,37.38
38793,0,0,0,0,70.27
38794,0,1,0,1,151.81
38795,0,0,0,0,0.0
38796,0,1,0,0,84.47
38797,1,0,1,0,144.94
38798,1,0,1,0,106.82
38799,1,0,1,1,232.03
38800,1,0,0,0,3.28
38801,0,0,1,0,166.71
38802,1,1,1,0,177.7
38803,0,0,0,0,126.94
38804,1,1,1,0,0.0
38805,1,0,0,1,86.17
38806,0,0,0,0,74.55
38807,0,0,1,0,61.75
38808,0,0,0,1,0.0
38809,1,0,0,0,61.11
38810,0,0,0,0,32.11
38811,0,0,0,0,144.51
38812,0,1,1,1,0.0
38813,0,0,1,0,31.32
38814,0,0,0,0,0.0
38815,1,0,1,0,91.56
38816,1,0,0,0,67.26
38817,0,0,1,0,26.5
38818,0,0,0,0,0.0
38819,0,1,0,0,173.57
38820,0,0,1,0,156.58
38821,1,0,0,0,4.88
38822,1,1,0,0,22.76
38823,1,0,0,0,90.58
38824,1,0,1,0,66.14
38825,0,1,0,1,3.84
38826,1,1,1,0,67.6
38827,0,0,1,0,51.51
38828,0,0,1,1,4.38
38829,0,0,0,0,0.0
38830,0,0,1,0,131.08
38831,0,1,1,1,91.27
38832,1,0,0,0,0.0
38833,0,0,0,0,0.0
38834,1,0,1,0,0.0
38835,0,1,0,0,15.66
38836,1,1,0,0,73.5
38837,1,1,0,0,155.82
38838,0,0,0,0,96.08
38839,1,1,1,0,184.5
38840,0,0,1,0,68.78
38841,0,0,1,0,68.17
38842,0,0,0,0,89.11
38843,1,0,0,1,115.7
38844,0,1,1,0,116.93
38845,1,0,1,1,144.57
38846,1,1,0,0,112.78
38847,0,0,1,0,55.73
38848,0,1,1,0,86.52
38849,0,0,0,0,129.4
38850,0,0,1,0,57.77
38851,0,0,0,0,45.53
38852,1,0,1,0,81.56
38853,1,0,0,0,72.33
38854,0,0,1,0,38.74
38855,0,0,0,0,19.72
38856,0,0,1,0,0.0
38857,0,0,0,0,114.18
38858,0,0,0,0,34.28
38859,0,0,0,0,143.46
38860,0,1,0,0,129.44
38861,0,0,1,0,33.84
38862,0,0,0,0,49.52
38863,1,1,1,0,120.61
38864,1,0,1,0,221.41
38865,0,0,0,0,63.23
38866,1,0,1,0,136.18
38867,0,0,0,0,51.72
38868,1,0,1,0,0.0
38869,0,0,1,0,107.92
38870,1,0,1,0,132.93
38871,0,0,0,0,50.62
38872,1,0,1,0,84.52
38873,1,1,0,0,38.91
38874,1,0,1,0,0.0
38875,0,0,1,0,140.27
38876,0,0,0,0,127.16
38877,1,0,0,0,158.83
38878,1,0,0,0,105.02
38879,1,0,0,0,82.34
38880,0,0,0,0,72.98
38881,0,1,1,1,87.33
38882,1,1,1,0,0.0
38883,0,0,0,0,65.9
38884,1,0,1,0,79.36
38885,0,0,0,0,28.98
38886,0,0,1,0,61.02
38887,0,0,0,0,96.36
38888,0,0,0,1,135.47
38889,0,1,0,0,30.66
38890,0,1,0,0,17.73
38891,0,1,1,0,93.36
38892,0,0,0,0,48.86
38893,0,0,0,0,18.43
38894,1,0,0,0,155.63
38895,1,0,1,0,0.0
38896,1,0,1,0,94.9
38897,0,0,0,0,152.62
38898,1,0,1,1,12.63
38899,0,1,1,0,92.58
38900,0,0,0,0,26.8
38901,0,0,0,0,79.95
38902,1,0,0,0,0.0
38903,0,0,0,0,0.0
38904,0,0,0,0,114.42
38905,1,0,0,0,19.13
38906,0,0,0,0,202.01
38907,0,0,1,0,98.71
38908,1,0,1,0,56.07
38909,1,1,1,0,27.89
38910,0,1,1,0,29.5
38911,0,0,0,0,110.61
38912,1,0,1,1,143.73
38913,0,0,0,0,140.8
38914,0,0,0,0,66.83
38915,1,1,1,0,116.38
38916,0,0,0,0,47.47
38917,1,1,1,0,127.89
38918,0,0,1,0,80.11
38919,0,1,0,0,63.9
38920,0,1,0,0,147.1
38921,0,0,0,0,44.45
38922,0,1,0,0,7.5
38923,0,0,0,0,136.52
38924,0,0,0,0,134.17
38925,1,1,0,0,72.87
38926,0,0,0,0,104.79
38927,0,0,0,0,90.69
38928,1,1,1,0,81.66
38929,0,0,0,0,103.78
38930,0,0,0,0,184.67
38931,0,0,0,0,0.0
38932,0,0,0,0,58.61
38933,0,0,0,0,50.99
38934,0,1,1,1,181.03
38935,0,0,1,0,68.02
38936,1,0,0,0,11.69
38937,1,0,0,1,39.56
38938,0,0,0,0,22.34
38939,0,0,1,0,113.65
38940,0,1,0,1,79.53
38941,0,0,0,0,76.52
38942,0,1,0,0,40.85
38943,0,0,0,0,5.43
38944,1,1,1,1,44.42
38945,0,0,0,0,129.69
38946,0,0,1,0,0.0
38947,0,0,0,0,70.02
38948,1,0,0,0,49.54
38949,0,0,0,0,0.0
38950,0,0,0,0,41.07
38951,0,0,0,0,0.0
38952,0,0,0,0,64.38
38953,1,0,0,0,55.71
38954,1,1,1,0,71.15
38955,0,0,0,0,85.84
38956,1,0,0,0,142.81
38957,0,0,0,0,48.88
38958,0,0,1,0,0.0
38959,0,0,0,0,9.34
38960,0,0,0,0,32.01
38961,0,1,0,0,0.0
38962,1,0,1,0,129.5
38963,0,0,0,0,120.19
38964,0,0,0,0,37.82
38965,1,0,1,0,119.57
38966,0,0,0,0,0.0
38967,1,1,1,0,164.01
38968,1,0,0,0,118.04
38969,0,0,0,0,16.16
38970,0,0,1,0,33.17
38971,0,1,0,0,70.63
38972,0,0,0,0,83.78
38973,0,0,0,0,110.04
38974,0,1,0,0,63.43
38975,0,0,1,0,107.67
38976,1,0,1,0,15.31
38977,1,0,1,0,67.91
38978,1,0,1,0,0.0
38979,1,0,1,0,0.0
38980,1,0,0,0,102.19
38981,0,0,0,0,0.0
38982,1,1,1,0,42.72
38983,1,1,0,0,68.58
38984,0,1,0,0,196.64
38985,0,0,0,1,24.4
38986,0,0,0,0,0.0
38987,1,0,1,0,13.36
38988,0,0,1,0,99.99
38989,1,0,0,1,25.23
38990,0,0,0,0,48.71
38991,0,0,0,0,14.92
38992,0,1,0,0,23.94
38993,0,0,0,0,128.35
38994,0,0,1,0,42.82
38995,0,0,0,0,151.9
38996,0,0,0,0,71.24
38997,0,0,1,0,50.73
38998,0,1,1,0,120.38
38999,0,0,0,0,38.73
39000,1,0,1,0,179.52
39001,0,0,1,0,88.07
39002,0,0,0,0,7.03
39003,1,0,1,0,0.0
39004,0,1,1,0,1.86
39005,1,0,0,0,40.75
39006,0,1,0,0,54.24
39007,0,0,0,0,110.91
39008,0,0,0,1,60.96
39009,1,0,1,0,197.4
39010,0,0,1,0,72.99
39011,0,0,1,0,0.0
39012,0,0,1,0,31.28
39013,1,0,1,0,91.96
39014,1,0,0,0,46.36
39015,1,0,0,0,65.1
39016,1,0,1,0,67.31
39017,1,0,0,0,0.0
39018,1,0,0,0,0.0
39019,0,1,0,0,64.88
39020,0,1,0,0,20.44
39021,0,0,1,1,73.17
39022,0,0,1,0,47.43
39023,1,0,1,0,68.72
39024,0,1,0,0,40.55
39025,1,0,0,0,2.06
39026,1,0,1,0,0.0
39027,1,0,0,1,89.06
39028,1,0,1,0,62.43
39029,0,1,1,0,86.25
39030,1,0,1,0,137.28
39031,0,0,0,0,49.02
39032,0,0,0,0,1.38
39033,1,1,0,0,27.23
39034,0,0,1,0,6.48
39035,1,0,1,0,65.24
39036,1,0,1,0,154.04
39037,0,0,0,0,9.14
39038,0,0,1,0,2.71
39039,0,0,0,0,165.22
39040,1,0,1,0,35.78
39041,0,1,1,0,108.88
39042,0,0,0,0,48.33
39043,1,0,1,0,157.29
39044,1,0,0,0,0.0
39045,1,1,1,0,133.31
39046,1,1,1,0,113.59
39047,0,0,0,0,60.62
39048,0,0,0,1,106.03
39049,0,0,0,0,62.6
39050,0,0,0,0,41.0
39051,0,0,0,0,4.48
39052,1,0,0,0,75.54
39053,1,0,1,0,86.13
39054,0,0,0,0,81.02
39055,0,1,0,0,0.0
39056,0,0,1,0,167.11
39057,0,0,1,0,36.94
39058,0,1,1,0,96.99
39059,0,0,0,0,59.89
39060,1,0,1,0,118.98
39061,1,0,0,0,140.32
39062,1,0,1,0,43.01
39063,0,0,0,0,76.02
39064,0,0,0,0,145.42
39065,1,0,1,0,84.75
39066,0,0,0,0,59.07
39067,1,0,0,0,35.08
39068,0,0,1,0,63.82
39069,1,0,1,0,38.97
39070,0,1,0,0,52.4
39071,0,0,0,0,46.88
39072,1,1,0,0,164.57
39073,0,0,1,0,53.05
39074,0,0,0,0,49.44
39075,0,0,0,1,76.67
39076,0,0,0,0,54.25
39077,0,0,0,0,144.7
39078,1,1,0,0,8.24
39079,0,1,0,0,80.89
39080,0,0,0,0,88.48
39081,1,0,0,0,118.88
39082,0,0,1,0,154.05
39083,1,0,1,0,130.76
39084,0,0,0,0,0.0
39085,0,0,0,0,55.51
39086,1,0,1,0,78.42
39087,0,1,1,0,195.73
39088,0,1,1,0,111.18
39089,1,1,0,0,81.51
39090,0,0,1,1,88.01
39091,0,1,0,0,164.12
39092,0,0,1,0,0.0
39093,0,0,0,1,0.0
39094,0,1,0,0,115.39
39095,1,0,1,0,125.13
39096,0,1,0,0,129.66
39097,1,0,0,0,78.24
39098,1,0,1,0,30.67
39099,0,1,0,0,64.65
39100,0,0,1,1,0.0
39101,0,1,1,0,87.27
39102,0,0,0,0,0.0
39103,0,0,1,0,142.89
39104,1,0,1,0,6.59
39105,1,0,0,0,157.62
39106,1,0,1,0,35.42
39107,0,0,0,0,118.49
39108,1,0,1,0,56.35
39109,1,0,0,0,110.76
39110,1,0,0,1,54.31
39111,1,0,0,0,92.07
39112,0,1,0,0,56.69
39113,1,0,0,0,9.28
39114,0,0,1,0,94.76
39115,1,0,1,0,50.76
39116,0,0,0,0,140.38
39117,0,0,0,0,59.92
39118,0,0,0,0,92.28
39119,0,0,0,0,85.85
39120,1,0,0,0,133.54
39121,0,0,0,0,119.87
39122,0,0,0,0,114.99
39123,0,0,0,0,34.32
39124,1,0,1,1,100.67
39125,0,0,1,0,144.95
39126,0,0,1,0,65.17
39127,0,1,0,0,77.48
39128,0,0,0,0,54.99
39129,1,0,0,0,0.0
39130,0,0,1,0,0.0
39131,1,0,1,0,49.19
39132,1,0,1,0,29.39
39133,0,0,0,0,77.62
39134,1,0,0,1,50.93
39135,1,0,0,0,93.84
39136,0,0,0,0,102.2
39137,1,0,1,0,30.96
39138,0,0,1,0,120.54
39139,0,0,0,0,41.57
39140,0,0,1,0,0.0
39141,0,0,0,0,45.66
39142,1,0,1,0,77.85
39143,1,0,1,0,184.92
39144,0,1,0,1,114.76
39145,1,0,0,0,0.0
39146,0,0,0,0,58.97
39147,1,0,0,1,1.56
39148,0,1,1,0,77.15
39149,0,0,0,1,75.49
39150,1,1,1,0,81.49
39151,1,0,0,0,0.0
39152,0,0,0,1,88.63
39153,0,0,0,0,8.53
39154,0,0,0,0,68.96
39155,1,0,1,0,59.99
39156,1,1,0,0,72.2
39157,0,0,0,0,54.88
39158,0,0,0,0,38.7
39159,0,1,0,0,108.52
39160,1,0,1,0,89.85
39161,1,0,0,0,86.11
39162,0,0,1,0,105.56
39163,0,0,0,0,34.87
39164,0,0,1,0,50.76
39165,0,0,1,1,103.19
39166,1,0,1,0,129.14
39167,0,0,0,0,6.41
39168,0,1,1,0,111.04
39169,0,0,0,0,73.87
39170,1,0,0,0,152.94
39171,0,0,0,0,124.65
39172,1,1,1,0,115.42
39173,0,0,1,0,0.0
39174,0,0,0,0,135.6
39175,1,0,1,0,0.0
39176,0,0,0,0,93.7
39177,0,0,1,1,130.64
39178,0,1,0,0,102.24
39179,1,0,0,0,1.93
39180,1,0,1,0,57.24
39181,0,0,0,0,115.5
39182,0,0,0,0,85.97
39183,0,0,0,0,8.32
39184,1,1,1,0,141.47
39185,0,0,0,0,0.0
39186,0,0,0,0,52.07
39187,1,0,0,0,109.07
39188,1,0,1,0,0.0
39189,0,0,0,0,28.3
39190,0,0,0,0,126.11
39191,0,0,1,0,4.15
39192,0,1,0,1,35.16
39193,0,0,1,1,144.02
39194,0,0,0,0,0.0
39195,0,1,0,0,57.22
39196,0,0,0,1,53.17
39197,1,0,0,0,108.47
39198,0,0,0,0,61.89
39199,0,0,0,0,104.45
39200,1,0,0,0,3.47
39201,1,0,1,0,78.21
39202,1,0,1,0,17.69
39203,0,1,1,0,124.15
39204,1,0,0,0,121.32
39205,1,0,1,0,0.0
39206,1,0,1,0,89.41
39207,0,0,0,0,58.29
39208,0,0,0,0,0.0
39209,0,0,0,0,76.01
39210,0,0,0,0,132.93
39211,0,0,0,0,29.8
39212,1,0,0,0,133.01
39213,1,0,1,1,42.63
39214,1,0,1,0,102.31
39215,0,0,0,1,47.06
39216,1,1,1,0,104.63
39217,0,1,1,0,53.0
39218,0,0,0,1,115.82
39219,1,0,0,0,83.74
39220,1,0,1,0,17.37
39221,0,0,1,0,142.31
39222,0,0,1,0,24.07
39223,0,0,0,0,36.53
39224,1,0,0,1,115.28
39225,1,0,0,0,0.0
39226,0,0,0,0,58.38
39227,0,0,0,0,102.96
39228,0,0,0,1,0.0
39229,0,0,0,0,133.07
39230,0,0,0,1,61.88
39231,0,0,1,0,47.3
39232,0,0,1,0,85.36
39233,0,1,0,0,50.56
39234,1,1,1,0,23.21
39235,0,0,0,0,188.91
39236,0,0,0,0,92.76
39237,1,1,1,0,93.85
39238,0,0,1,0,47.49
39239,1,0,0,0,64.51
39240,0,0,0,0,63.46
39241,0,0,0,0,95.99
39242,0,1,1,1,202.69
39243,0,0,0,0,0.0
39244,0,0,0,0,17.22
39245,0,1,1,1,5.87
39246,0,0,0,0,0.0
39247,1,1,1,0,231.0
39248,1,1,1,0,0.0
39249,0,1,0,0,77.18
39250,0,1,0,1,39.53
39251,0,0,0,0,0.0
39252,1,0,0,0,8.21
39253,0,0,1,0,59.76
39254,0,0,0,0,0.0
39255,1,0,0,0,87.47
39256,0,0,1,0,134.01
39257,0,0,0,0,0.0
39258,0,0,0,0,6.49
39259,0,0,0,0,101.59
39260,1,0,1,0,142.12
39261,1,1,1,0,159.22
39262,0,0,0,1,61.03
39263,1,0,0,0,0.0
39264,0,1,1,0,0.0
39265,0,0,0,0,11.67
39266,0,0,0,0,2.43
39267,0,0,1,0,54.83
39268,1,0,1,0,95.25
39269,1,0,1,0,180.59
39270,0,0,0,0,79.74
39271,1,0,1,1,43.25
39272,0,0,0,0,87.32
39273,0,0,0,0,55.64
39274,0,0,0,0,43.4
39275,1,0,0,0,97.15
39276,0,0,1,0,0.0
39277,1,0,1,0,58.84
39278,0,0,1,0,67.09
39279,0,1,0,0,165.29
39280,1,0,1,0,0.0
39281,0,0,1,1,111.01
39282,0,0,0,0,0.0
39283,0,0,0,0,45.65
39284,1,0,1,0,21.96
39285,0,0,0,0,13.26
39286,0,0,0,0,87.94
39287,1,1,1,0,97.65
39288,1,0,0,0,34.31
39289,1,0,0,0,98.37
39290,0,0,1,0,19.72
39291,0,0,0,1,82.59
39292,0,1,1,0,132.5
39293,0,0,0,0,31.46
39294,1,0,0,0,125.77
39295,0,0,0,0,12.93
39296,0,0,1,0,0.0
39297,0,0,0,0,8.17
39298,0,0,0,0,93.13
39299,0,0,0,0,10.93
39300,0,0,0,0,127.8
39301,0,0,0,0,0.0
39302,1,0,1,1,0.0
39303,1,0,0,0,27.39
39304,0,1,0,0,47.55
39305,1,0,1,0,74.98
39306,0,0,1,0,95.3
39307,1,0,1,0,23.62
39308,0,1,0,0,39.48
39309,0,0,0,1,16.68
39310,0,0,0,0,111.76
39311,1,0,1,0,73.6
39312,0,0,0,0,69.9
39313,0,0,0,0,0.0
39314,0,1,0,0,121.33
39315,1,0,0,1,0.0
39316,1,1,1,0,10.98
39317,1,0,1,0,86.34
39318,0,0,0,0,0.0
39319,1,1,1,0,0.0
39320,1,0,1,0,43.27
39321,1,1,0,0,48.83
39322,0,0,0,0,32.95
39323,0,0,0,0,50.14
39324,0,0,0,0,40.3
39325,1,0,1,0,103.1
39326,0,0,0,0,43.14
39327,0,0,0,0,0.0
39328,1,0,0,1,0.0
39329,0,0,0,0,2.38
39330,0,0,1,0,16.13
39331,0,0,0,0,37.63
39332,0,0,0,0,63.79
39333,0,0,0,0,43.31
39334,0,0,0,1,147.54
39335,1,0,0,0,0.0
39336,0,0,0,0,106.01
39337,0,0,0,1,40.79
39338,0,0,0,0,108.15
39339,0,0,1,0,31.33
39340,0,0,1,0,0.0
39341,1,0,0,1,126.66
39342,1,0,1,0,116.77
39343,0,0,0,1,42.06
39344,0,0,1,0,64.91
39345,1,1,1,0,69.91
39346,0,0,0,0,52.55
39347,0,0,1,0,41.34
39348,0,0,1,0,96.29
39349,0,0,0,0,149.34
39350,1,0,0,0,57.79
39351,1,1,1,0,113.65
39352,0,0,1,0,0.0
39353,0,0,1,0,47.93
39354,1,0,0,0,19.3
39355,0,0,0,0,116.33
39356,1,0,0,0,0.0
39357,0,0,0,0,83.93
39358,1,0,1,0,135.36
39359,0,0,0,0,95.35
39360,0,0,0,0,0.0
39361,1,1,0,0,123.02
39362,0,0,1,0,0.0
39363,0,0,0,0,20.59
39364,1,0,1,0,123.44
39365,1,1,0,0,64.55
39366,1,0,1,0,16.22
39367,1,0,1,0,110.37
39368,1,1,1,0,99.52
39369,0,0,0,1,5.19
39370,0,0,0,0,88.54
39371,0,0,0,0,108.53
39372,1,0,0,0,115.29
39373,1,0,0,0,0.0
39374,0,0,1,0,61.68
39375,1,0,1,0,0.0
39376,1,1,1,0,34.74
39377,1,0,0,0,118.7
39378,0,0,0,0,0.0
39379,0,1,1,0,85.54
39380,1,1,0,0,232.84
39381,0,0,0,0,0.0
39382,0,1,1,1,113.51
39383,1,0,1,0,86.6
39384,0,0,0,0,149.91
39385,1,1,1,0,97.78
39386,0,0,0,0,20.5
39387,0,1,1,0,103.77
39388,0,0,0,1,0.0
39389,0,0,1,0,0.0
39390,1,0,1,0,36.31
39391,0,0,0,1,13.19
39392,0,0,0,0,14.27
39393,0,0,1,0,51.67
39394,0,0,1,1,121.97
39395,0,0,0,0,149.77
39396,0,0,0,0,108.41
39397,0,0,0,0,95.94
39398,0,0,0,1,100.22
39399,1,1,0,0,95.97
39400,0,1,0,0,71.75
39401,0,0,0,1,172.65
39402,1,0,1,0,151.04
39403,0,0,0,0,148.1
39404,0,1,0,0,95.7
39405,1,1,1,0,97.73
39406,0,0,0,1,15.04
39407,0,0,0,0,103.97
39408,1,0,1,0,178.77
39409,1,0,1,0,191.98
39410,1,1,0,0,56.86
39411,0,1,0,0,48.4
39412,1,1,0,0,102.05
39413,1,1,1,0,0.0
39414,0,1,0,0,16.01
39415,0,0,0,0,12.09
39416,0,0,0,1,124.03
39417,0,0,0,0,79.36
39418,0,0,0,1,91.51
39419,0,1,1,0,110.68
39420,0,0,1,0,33.07
39421,0,1,0,0,86.57
39422,0,0,0,0,64.12
39423,1,0,0,0,12.47
39424,1,1,1,0,81.02
39425,0,0,0,0,13.99
39426,0,0,0,0,0.0
39427,1,0,0,0,0.0
39428,1,1,1,0,101.21
39429,0,0,0,0,84.52
39430,0,0,1,0,0.0
39431,1,1,0,0,0.0
39432,1,0,1,0,26.82
39433,1,0,1,0,111.54
39434,1,0,0,0,30.09
39435,0,1,1,0,137.29
39436,0,0,0,0,124.81
39437,1,0,1,1,143.7
39438,0,0,0,0,81.9
39439,1,1,1,0,100.29
39440,0,0,1,1,91.61
39441,0,0,0,0,129.06
39442,1,0,0,0,0.0
39443,1,0,0,0,74.23
39444,1,1,1,0,122.53
39445,1,1,1,0,122.04
39446,1,0,0,0,115.88
39447,0,0,0,0,0.0
39448,0,0,1,0,44.6
39449,0,0,0,0,32.65
39450,0,0,0,0,0.0
39451,0,0,0,0,49.59
39452,0,0,0,0,0.0
39453,1,1,0,1,60.61
39454,0,0,0,0,28.68
39455,0,0,0,0,84.14
39456,1,1,1,0,22.72
39457,0,0,0,0,81.77
39458,0,0,1,0,102.33
39459,0,1,0,0,25.14
39460,1,0,0,0,159.69
39461,0,0,0,0,13.55
39462,1,0,1,0,79.89
39463,0,0,0,0,71.71
39464,0,0,0,0,46.32
39465,0,0,0,0,40.49
39466,1,1,1,0,58.78
39467,0,0,1,0,138.57
39468,1,0,0,1,49.08
39469,0,1,1,0,62.51
39470,0,0,0,1,65.5
39471,1,0,1,0,102.42
39472,0,0,0,0,69.86
39473,1,0,1,1,32.26
39474,0,0,0,0,11.15
39475,1,0,0,0,0.0
39476,0,0,0,0,108.8
39477,1,1,1,1,158.61
39478,1,0,1,0,138.71
39479,0,1,0,0,10.61
39480,0,1,1,0,124.51
39481,0,0,0,0,0.0
39482,1,0,1,0,204.79
39483,1,1,1,0,75.81
39484,1,0,0,0,90.6
39485,0,0,0,0,5.08
39486,1,0,1,0,85.52
39487,1,0,1,0,87.45
39488,0,0,0,0,0.0
39489,1,0,0,0,68.2
39490,0,0,0,0,123.64
39491,0,1,0,0,11.46
39492,1,0,1,0,204.15
39493,0,0,0,0,19.63
39494,0,0,0,0,93.01
39495,0,0,0,0,67.06
39496,0,0,0,0,25.35
39497,1,0,0,0,0.0
39498,0,0,0,0,155.26
39499,1,0,1,0,0.0
39500,0,0,0,0,75.33
39501,1,0,1,0,53.62
39502,1,1,1,0,107.28
39503,1,0,1,1,21.51
39504,0,0,0,0,69.31
39505,0,0,1,0,43.78
39506,1,0,0,0,55.86
39507,1,0,0,0,69.73
39508,0,0,1,0,11.07
39509,0,0,0,1,84.76
39510,0,0,1,0,151.86
39511,1,0,1,0,28.95
39512,1,0,1,0,21.07
39513,1,0,1,0,82.07
39514,1,0,0,0,12.51
39515,1,1,0,0,24.02
39516,0,0,1,0,61.7
39517,1,0,1,0,52.84
39518,1,0,1,0,32.79
39519,0,1,1,1,93.5
39520,1,0,0,0,18.88
39521,0,0,0,1,69.17
39522,1,0,1,0,150.57
39523,0,1,1,0,4.35
39524,0,0,1,0,0.0
39525,0,0,0,0,118.78
39526,0,0,0,0,53.0
39527,1,0,0,0,0.0
39528,1,0,0,0,10.37
39529,1,0,1,1,110.67
39530,0,0,0,0,10.35
39531,0,0,0,0,77.58
39532,1,0,1,0,24.73
39533,0,0,0,0,29.4
39534,0,0,1,0,26.61
39535,1,0,1,0,0.0
39536,1,0,1,1,105.05
39537,1,1,1,0,62.56
39538,0,1,0,0,118.74
39539,0,0,0,0,140.31
39540,0,0,1,0,0.0
39541,0,0,0,1,125.82
39542,0,0,0,0,0.0
39543,0,1,0,0,179.6
39544,1,1,1,0,125.64
39545,1,0,1,0,65.59
39546,0,0,0,0,21.88
39547,1,0,0,0,28.33
39548,0,0,0,0,50.41
39549,0,0,0,0,34.63
39550,0,0,1,0,22.18
39551,0,0,0,0,50.93
39552,0,1,0,1,146.6
39553,0,0,1,0,37.27
39554,0,0,0,0,156.38
39555,0,0,0,0,15.83
39556,1,0,0,1,83.02
39557,0,0,0,0,103.44
39558,0,1,0,0,100.67
39559,1,0,0,0,86.49
39560,1,0,0,0,50.68
39561,0,0,0,0,125.58
39562,1,1,1,0,43.93
39563,0,0,0,0,0.0
39564,1,1,1,0,70.66
39565,0,0,0,0,0.0
39566,0,1,0,1,73.01
39567,1,0,0,0,140.94
39568,0,0,1,0,128.22
39569,1,1,1,0,128.69
39570,0,0,0,0,70.98
39571,1,0,0,0,3.1
39572,1,0,0,0,80.2
39573,1,0,1,0,246.78
39574,0,1,0,0,137.56
39575,0,1,1,0,6.54
39576,1,0,1,0,38.01
39577,1,0,1,0,64.13
39578,0,1,1,0,80.69
39579,1,0,0,0,189.26
39580,1,0,1,0,41.35
39581,0,0,1,0,50.79
39582,1,0,1,0,0.0
39583,1,1,1,0,40.54
39584,0,1,1,0,109.57
39585,0,0,0,0,37.55
39586,1,0,1,0,124.59
39587,0,0,0,0,7.94
39588,1,0,0,0,0.0
39589,0,0,0,0,60.62
39590,0,0,0,0,19.95
39591,1,0,0,0,132.98
39592,0,0,0,0,99.22
39593,0,1,1,0,8.99
39594,1,0,1,0,49.07
39595,0,0,0,0,48.41
39596,0,1,1,0,168.81
39597,1,0,1,0,286.9
39598,1,0,0,0,64.18
39599,0,0,0,0,0.0
39600,1,0,0,0,142.96
39601,0,0,0,0,103.37
39602,1,0,0,0,103.53
39603,1,0,0,0,0.0
39604,0,0,0,0,7.05
39605,0,1,0,0,15.44
39606,0,1,1,0,59.18
39607,0,1,1,1,0.0
39608,1,0,0,1,196.67
39609,1,0,0,0,41.15
39610,0,0,1,0,19.16
39611,1,0,0,0,42.34
39612,0,0,0,0,122.63
39613,1,0,0,0,66.05
39614,0,1,1,0,0.0
39615,1,0,0,0,34.34
39616,0,0,0,0,0.0
39617,0,0,1,0,107.24
39618,0,0,0,0,0.0
39619,0,1,1,0,72.45
39620,0,0,0,0,6.26
39621,0,0,0,0,0.33
39622,0,0,0,0,68.39
39623,0,0,0,0,144.9
39624,0,1,1,0,137.08
39625,1,0,0,0,84.79
39626,0,0,0,0,46.56
39627,0,1,1,0,36.28
39628,1,0,1,0,0.0
39629,0,0,1,0,70.68
39630,1,0,1,0,209.38
39631,0,0,1,0,3.47
39632,0,0,0,0,0.0
39633,1,0,0,0,112.86
39634,1,0,1,0,13.9
39635,0,0,0,0,72.27
39636,1,0,1,0,62.48
39637,1,1,1,0,31.17
39638,0,0,0,0,17.97
39639,1,0,1,1,0.0
39640,0,0,0,0,123.43
39641,0,1,0,0,87.54
39642,0,0,1,0,113.84
39643,1,0,0,0,14.37
39644,0,0,0,0,82.55
39645,0,0,0,0,29.34
39646,1,0,0,0,189.23
39647,0,0,0,0,98.44
39648,1,0,1,0,77.33
39649,0,1,0,0,91.39
39650,0,0,0,0,71.25
39651,0,0,0,0,109.94
39652,0,1,0,1,88.01
39653,1,1,0,0,6.8
39654,1,1,1,0,136.57
39655,1,0,0,0,107.21
39656,0,0,0,0,35.0
39657,1,1,1,0,51.84
39658,1,1,1,0,53.14
39659,0,0,1,0,107.59
39660,1,0,0,0,0.0
39661,1,0,0,0,72.17
39662,0,0,0,0,82.03
39663,1,1,0,0,13.34
39664,0,0,0,0,116.6
39665,1,0,0,0,71.85
39666,0,1,0,0,29.77
39667,0,1,0,0,126.52
39668,0,0,0,0,0.0
39669,0,0,0,0,32.7
39670,0,0,1,1,81.66
39671,0,0,0,0,73.65
39672,1,0,1,0,25.01
39673,0,0,0,0,103.19
39674,0,1,1,0,127.89
39675,0,0,1,0,0.0
39676,0,0,0,0,131.48
39677,1,0,1,0,65.5
39678,1,0,1,0,98.37
39679,1,1,0,0,57.03
39680,0,0,0,0,73.43
39681,1,0,1,0,140.26
39682,0,1,0,0,89.45
39683,0,0,0,0,33.1
39684,0,0,1,1,221.79
39685,0,0,0,0,0.0
39686,0,0,1,0,138.92
39687,0,0,0,0,44.23
39688,0,0,0,1,70.72
39689,1,0,0,0,116.49
39690,1,1,1,0,32.81
39691,0,0,1,0,33.24
39692,0,1,1,0,66.74
39693,0,0,0,0,47.22
39694,0,1,0,0,123.45
39695,0,0,0,0,90.17
39696,1,1,0,0,0.0
39697,1,0,0,0,43.16
39698,0,0,0,0,77.61
39699,0,1,1,0,45.12
39700,0,0,0,0,114.26
39701,1,0,1,0,106.9
39702,1,0,0,0,0.0
39703,1,0,1,1,162.25
39704,0,0,1,0,11.26
39705,0,0,0,0,89.26
39706,0,1,1,0,27.44
39707,1,0,0,0,135.92
39708,0,0,0,0,80.48
39709,0,0,1,0,0.0
39710,1,1,0,0,164.88
39711,1,0,0,0,110.01
39712,1,0,0,0,96.71
39713,0,0,0,0,100.45
39714,0,1,1,0,132.38
39715,0,0,0,0,133.39
39716,1,0,0,0,47.86
39717,0,0,0,1,71.04
39718,1,1,1,0,122.09
39719,0,0,1,1,40.83
39720,0,1,0,0,0.0
39721,0,0,0,0,11.71
39722,0,0,1,0,0.0
39723,0,0,0,0,0.0
39724,0,0,0,0,0.0
39725,0,0,0,1,110.56
39726,0,0,0,0,128.19
39727,0,1,0,0,26.04
39728,0,0,1,0,83.94
39729,0,0,0,0,107.58
39730,0,1,1,0,60.02
39731,0,0,0,0,48.34
39732,1,0,0,0,0.0
39733,1,0,1,0,76.28
39734,0,0,0,0,57.8
39735,1,0,1,0,124.5
39736,1,0,1,0,104.73
39737,1,0,1,1,28.46
39738,1,0,0,0,0.0
39739,1,0,0,0,0.0
39740,0,0,0,0,73.08
39741,0,1,1,0,28.66
39742,1,0,1,0,88.44
39743,1,0,0,0,92.44
39744,0,0,1,0,82.06
39745,0,0,0,0,61.83
39746,1,0,1,0,68.43
39747,0,0,0,1,0.0
39748,0,0,0,0,87.48
39749,1,0,0,0,0.0
39750,1,0,1,0,89.41
39751,0,0,0,0,53.5
39752,0,0,1,0,118.68
39753,0,0,0,0,0.0
39754,0,0,0,0,13.3
39755,0,0,1,0,78.6
39756,0,0,0,1,38.52
39757,1,0,1,0,62.42
39758,0,0,1,0,54.71
39759,0,0,0,0,0.0
39760,0,0,1,0,9.67
39761,1,0,0,0,41.8
39762,0,0,0,0,83.17
39763,0,0,0,1,0.0
39764,1,0,1,0,189.16
39765,0,0,1,0,0.0
39766,0,0,0,0,144.02
39767,1,0,1,0,53.59
39768,0,1,1,0,115.53
39769,1,1,0,0,157.83
39770,0,0,0,0,0.0
39771,0,0,0,0,113.49
39772,0,0,0,0,0.0
39773,1,1,0,0,155.07
39774,0,1,0,0,179.41
39775,0,0,0,0,124.61
39776,1,0,1,1,3.41
39777,1,0,0,0,18.85
39778,0,1,0,0,0.0
39779,0,0,0,0,176.65
39780,1,1,0,0,121.3
39781,0,0,0,0,82.83
39782,1,1,1,0,41.22
39783,0,0,0,1,44.31
39784,0,0,0,0,82.5
39785,0,0,0,0,0.0
39786,0,0,0,0,87.54
39787,0,0,0,0,93.74
39788,0,0,1,1,101.01
39789,1,0,0,1,74.04
39790,1,0,1,0,19.65
39791,1,0,1,0,55.6
39792,0,0,1,0,55.98
39793,0,0,0,0,53.62
39794,1,0,0,1,92.72
39795,0,0,0,0,41.03
39796,0,0,0,0,6.09
39797,1,0,1,0,38.87
39798,0,1,1,0,40.95
39799,0,0,0,0,68.02
39800,0,0,0,0,81.63
39801,0,1,1,0,119.42
39802,0,0,1,0,82.23
39803,0,0,0,0,43.98
39804,1,1,1,0,192.99
39805,1,0,1,0,96.02
39806,1,0,1,0,43.24
39807,0,0,1,0,160.34
39808,0,0,0,0,92.27
39809,0,1,0,1,106.55
39810,0,1,0,0,61.73
39811,0,0,0,0,2.37
39812,0,0,1,0,101.19
39813,0,0,1,0,45.96
39814,0,0,0,0,25.66
39815,1,0,1,0,20.31
39816,0,0,1,0,49.48
39817,0,1,1,0,0.0
39818,0,0,1,0,84.35
39819,1,1,1,0,125.66
39820,1,0,0,1,23.06
39821,1,0,0,0,49.06
39822,1,0,1,0,26.88
39823,0,0,1,0,75.8
39824,1,0,0,0,54.55
39825,0,1,1,0,104.56
39826,1,0,1,0,30.74
39827,0,1,0,0,123.45
39828,1,1,1,0,165.97
39829,0,0,0,0,26.76
39830,0,0,0,0,0.0
39831,1,0,1,0,0.0
39832,1,0,0,0,117.51
39833,0,0,0,0,88.27
39834,1,0,0,0,31.7
39835,0,0,1,0,261.71
39836,0,1,1,0,126.99
39837,0,0,0,0,0.0
39838,1,0,0,0,49.73
39839,0,0,0,0,38.54
39840,0,0,0,0,49.05
39841,1,1,0,0,153.74
39842,1,0,1,0,152.45
39843,1,0,1,0,45.48
39844,1,0,0,0,0.0
39845,0,0,0,0,159.48
39846,0,0,0,0,0.0
39847,0,0,1,1,58.81
39848,0,1,1,1,101.9
39849,0,1,0,0,102.83
39850,0,0,0,0,10.2
39851,0,0,0,0,26.64
39852,0,0,1,0,53.5
39853,1,1,1,0,90.0
39854,1,1,1,0,165.97
39855,1,0,1,0,122.07
39856,1,0,1,0,38.33
39857,1,1,1,0,43.48
39858,0,0,0,0,123.48
39859,0,0,0,0,130.31
39860,1,1,1,0,120.84
39861,0,0,1,0,0.0
39862,0,1,1,0,103.31
39863,1,0,0,0,62.07
39864,1,1,1,1,43.04
39865,1,0,1,0,142.26
39866,1,1,0,0,2.72
39867,1,1,1,0,68.36
39868,0,0,0,0,51.28
39869,0,0,0,0,0.0
39870,0,0,1,0,43.72
39871,0,0,1,0,60.75
39872,0,0,0,0,98.61
39873,1,0,1,0,184.45
39874,0,0,1,0,0.0
39875,0,0,0,0,106.66
39876,0,0,0,0,6.44
39877,0,0,0,1,78.03
39878,0,0,0,0,37.18
39879,0,0,1,0,93.95
39880,1,0,0,0,34.01
39881,1,0,1,0,129.33
39882,0,0,1,1,130.44
39883,1,0,1,0,72.35
39884,0,1,1,0,54.67
39885,1,0,0,0,0.0
39886,1,0,0,0,21.51
39887,1,0,1,0,93.02
39888,0,0,0,0,6.09
39889,0,0,0,0,104.79
39890,0,0,1,0,125.12
39891,1,1,0,0,130.47
39892,0,0,1,0,109.05
39893,0,0,0,0,28.45
39894,0,0,0,0,0.0
39895,1,1,0,0,82.33
39896,1,0,1,0,102.09
39897,1,0,0,0,60.9
39898,0,1,1,0,137.95
39899,0,1,0,0,106.07
39900,1,0,0,1,0.0
39901,0,0,1,0,32.96
39902,0,0,0,0,65.13
39903,1,1,1,0,63.39
39904,0,0,0,0,92.95
39905,1,0,0,0,0.0
39906,0,1,0,0,62.55
39907,1,1,1,1,99.35
39908,1,1,1,1,82.91
39909,1,0,1,0,93.49
39910,0,0,0,0,68.95
39911,0,0,1,0,14.83
39912,1,1,0,1,35.33
39913,1,0,1,0,49.97
39914,1,1,0,0,89.12
39915,1,0,1,0,89.4
39916,0,0,1,0,170.63
39917,1,0,0,0,76.72
39918,0,1,0,1,71.35
39919,0,0,0,0,0.0
39920,0,1,1,1,0.0
39921,1,0,0,0,141.18
39922,0,0,0,0,0.0
39923,0,1,1,0,16.58
39924,1,0,1,1,127.7
39925,0,1,0,0,78.28
39926,1,1,0,0,59.64
39927,0,0,0,0,33.2
39928,0,0,0,0,91.66
39929,0,0,0,0,18.98
39930,0,0,0,0,35.46
39931,0,0,0,0,0.0
39932,0,0,1,0,0.0
39933,0,0,0,0,70.66
39934,1,0,1,0,173.37
39935,0,0,0,0,98.45
39936,0,0,0,1,28.45
39937,1,0,1,0,143.99
39938,0,0,0,0,13.77
39939,1,0,1,0,81.94
39940,0,0,0,0,126.29
39941,0,0,1,0,5.2
39942,0,0,0,0,34.58
39943,1,0,1,0,36.59
39944,0,0,0,0,72.09
39945,0,0,1,1,89.76
39946,1,0,1,0,148.28
39947,0,0,1,0,103.98
39948,0,0,0,0,87.42
39949,1,0,0,0,145.6
39950,1,1,1,0,84.22
39951,1,0,1,0,31.82
39952,0,0,0,0,31.03
39953,1,1,1,1,209.64
39954,0,0,0,0,24.63
39955,1,0,1,0,0.0
39956,0,0,1,0,94.91
39957,1,0,1,1,192.52
39958,0,0,1,0,5.6
39959,0,0,0,0,46.7
39960,1,0,0,0,47.52
39961,1,1,1,0,154.63
39962,0,0,0,0,0.0
39963,1,0,1,0,57.31
39964,1,1,1,0,33.4
39965,1,0,1,0,86.44
39966,0,0,1,0,81.23
39967,0,0,0,0,112.45
39968,1,1,1,0,42.39
39969,1,0,0,0,79.5
39970,1,1,0,0,301.71
39971,1,0,0,0,156.51
39972,0,0,0,1,51.65
39973,0,0,0,0,54.58
39974,1,0,1,0,102.65
39975,0,0,0,0,80.46
39976,1,0,1,0,53.62
39977,0,0,0,0,64.97
39978,0,0,1,0,102.43
39979,0,0,0,0,93.57
39980,0,0,1,0,55.63
39981,0,0,0,0,41.71
39982,0,1,0,0,12.78
39983,1,1,1,0,97.62
39984,1,0,0,0,18.01
39985,0,1,0,1,95.15
39986,1,1,1,0,139.23
39987,0,0,1,0,54.73
39988,0,0,0,0,0.0
39989,0,1,1,1,146.9
39990,1,0,0,0,137.98
39991,0,1,0,0,181.22
39992,1,1,0,0,72.98
39993,0,0,0,0,22.56
39994,0,1,0,0,0.0
39995,1,0,1,0,34.71
39996,1,0,0,1,129.41
39997,0,0,0,0,0.0
39998,0,0,0,0,29.46
39999,0,0,0,0,45.2
40000,0,0,1,0,20.41
